season,week,game_id,team,opponent_team,team_history_games,expected_plays,expected_pass_rate,expected_pass_ypa,expected_rush_ypc,expected_passing_tds,expected_rushing_tds,expected_points,actual_plays,actual_pass_rate,actual_pass_ypa,actual_rush_ypc,passing_tds,rushing_tds,resid_plays,resid_pass_rate,resid_pass_ypa,resid_rush_ypc,resid_passing_tds,resid_rushing_tds
2023,2,2023_02_BAL_CIN,BAL,CIN,1,53,0.509433962264,6.24715909091,6.86875,0,2,24,70,0.471428571429,7.18181818182,4.81081081081,2,1,17,-0.0380053908356,0.934659090909,-2.05793918919,2,-1
2023,2,2023_02_BAL_CIN,CIN,BAL,1,53,0.509433962264,6.78125,3,0,0,6,56,0.732142857143,5.41463414634,4.4,2,0,3,0.222708894879,-1.36661585366,1.4,2,0
2023,2,2023_02_CHI_TB,CHI,TB,1,66,0.530303030303,7.97774244833,2.72466039707,2,1,18,45,0.644444444444,7.27586206897,4.1875,1,1,-21,0.114141414141,-0.701880379365,1.46283960293,-1,0
2023,2,2023_02_CHI_TB,TB,CHI,1,66,0.530303030303,5.85492845787,2.69226750261,2,1,29,68,0.5,9.32352941176,3.52941176471,1,1,2,-0.030303030303,3.4686009539,0.837144262094,-1,0
2023,2,2023_02_CLE_PIT,CLE,PIT,1,62,0.612903225806,5.04647676162,8,1,2,27,75,0.533333333333,5.875,5.65714285714,1,1,13,-0.0795698924731,0.828523238381,-2.34285714286,0,-1
2023,2,2023_02_CLE_PIT,PIT,CLE,1,62,0.612903225806,3.93553223388,2.9875,0,0,5,51,0.588235294118,7.4,2.61904761905,1,0,-11,-0.0246679316888,3.46446776612,-0.368452380952,1,0
2023,2,2023_02_GB_ATL,ATL,GB,1,52,0.442307692308,7.19444444444,4.40625,1,2,22,77,0.415584415584,7.40625,4.68888888889,1,1,25,-0.0267232767233,0.211805555556,0.282638888889,0,-1
2023,2,2023_02_GB_ATL,GB,ATL,1,52,0.442307692308,8.59259259259,4.39903846154,2,0,24,46,0.54347826087,6.04,4,3,0,-6,0.101170568562,-2.55259259259,-0.399038461538,1,0
2023,2,2023_02_IND_HOU,HOU,IND,1,66,0.621212121212,5.83974358974,3.58444816054,1,1,20,73,0.643835616438,8.17021276596,2,2,0,7,0.0226234952262,2.33046917621,-1.58444816054,1,-1
2023,2,2023_02_IND_HOU,IND,HOU,1,66,0.621212121212,4.77942890443,3.64130434783,1,2,23,56,0.589285714286,6.87878787879,5.47826086957,1,3,-10,-0.0319264069264,2.09935897436,1.83695652174,0,1
2023,2,2023_02_KC_JAX,JAX,KC,1,64,0.546875,7.00921474359,4.0652173913,2,1,26,60,0.7,5.11904761905,4.11111111111,0,0,-4,0.153125,-1.89016712454,0.0458937198068,-2,-1
2023,2,2023_02_KC_JAX,KC,JAX,1,64,0.546875,6.38181089744,2.8850931677,1,0,20,63,0.650793650794,7.43902439024,4.59090909091,2,0,-1,0.103918650794,1.05721349281,1.70581592321,1,0
2023,2,2023_02_LAC_TEN,LAC,TEN,1,64,0.53125,7.95499108734,4.48068181818,1,1,25,62,0.661290322581,7.43902439024,2.90476190476,2,0,-2,0.130040322581,-0.5159666971,-1.57591991342,1,-1
2023,2,2023_02_LAC_TEN,TEN,LAC,1,64,0.53125,9.97237076649,3.23863636364,2,0,26,58,0.413793103448,10.25,4.14705882353,1,2,-6,-0.117456896552,0.277629233512,0.908422459893,-1,2
2023,2,2023_02_LV_BUF,BUF,LV,1,59,0.559322033898,6.28189493433,3.82523510972,2,0,16,72,0.513888888889,7.40540540541,5.22857142857,3,2,13,-0.0454331450094,1.12351047107,1.40333631885,1,2
2023,2,2023_02_LV_BUF,LV,BUF,1,59,0.559322033898,5.55347091932,4.96081504702,2,0,20,39,0.615384615385,7.70833333333,3.66666666667,1,0,-20,0.0560625814863,2.15486241401,-1.29414838036,-1,0
2023,2,2023_02_MIA_NE,MIA,NE,1,70,0.7,6.75185185185,3.95454545455,2,1,30,60,0.5,8.3,4.83333333333,1,2,-10,-0.2,1.54814814815,0.878787878788,-1,1
2023,2,2023_02_MIA_NE,NE,MIA,1,70,0.7,5.47037037037,7.55227272727,2,2,27,67,0.626865671642,5.5,3.52,1,1,-3,-0.0731343283582,0.0296296296296,-4.03227272727,-1,-1
2023,2,2023_02_MIN_PHI,MIN,PHI,1,60,0.65,8.69696969697,2.72588235294,3,0,18,53,0.830188679245,8.27272727273,3.11111111111,4,0,-7,0.180188679245,-0.424242424242,0.38522875817,1,0
2023,2,2023_02_MIN_PHI,PHI,MIN,1,60,0.65,4.54166666667,4.08705882353,1,0,22,71,0.323943661972,8.39130434783,5.39583333333,1,3,11,-0.326056338028,3.84963768116,1.3087745098,0,3
2023,2,2023_02_NO_CAR,CAR,NO,1,65,0.553846153846,4.92105263158,4.33217592593,0,0,12,52,0.634615384615,4.63636363636,5.26315789474,1,0,-13,0.0807692307692,-0.284688995215,0.930981968811,1,0
2023,2,2023_02_NO_CAR,NO,CAR,1,65,0.553846153846,6.13437001595,3.30902777778,1,1,20,70,0.528571428571,6.37837837838,4.06060606061,0,2,5,-0.0252747252747,0.244008362429,0.751578282828,-1,1
2023,2,2023_02_NYG_ARI,ARI,NYG,1,56,0.535714285714,4.58333333333,4.09857142857,0,1,28,60,0.516666666667,7.35483870968,5.20689655172,1,2,4,-0.0190476190476,2.77150537634,1.10832512315,1,1
2023,2,2023_02_NYG_ARI,NYG,ARI,1,56,0.535714285714,5.2,3.76857142857,0,1,10,64,0.578125,8.67567567568,4.7037037037,2,2,8,0.0424107142857,3.47567567568,0.935132275132,2,1
2023,2,2023_02_NYJ_DAL,DAL,NYJ,1,52,0.442307692308,8.22363636364,3.76547619048,1,1,28,82,0.463414634146,6.71052631579,3.04545454545,2,0,30,0.0211069418386,-1.51311004785,-0.720021645022,1,-1
2023,2,2023_02_NYJ_DAL,NYJ,DAL,1,52,0.442307692308,5.38181818182,4.87142857143,1,0,11,43,0.627906976744,6.2962962963,4,1,0,-9,0.185599284436,0.914478114478,-0.871428571429,0,0
2023,2,2023_02_SEA_DET,DET,SEA,1,56,0.553571428571,10.0373626374,4.2908496732,0,2,26,62,0.564516129032,9.22857142857,3.77777777778,3,1,6,0.0109447004608,-0.808791208791,-0.513071895425,3,-1
2023,2,2023_02_SEA_DET,SEA,DET,1,56,0.553571428571,5.38241758242,3.68464052288,1,0,16,66,0.621212121212,8,3.28,2,2,10,0.0676406926407,2.61758241758,-0.404640522876,1,2
2023,2,2023_02_SF_LA,LA,SF,1,70,0.471428571429,8.39473684211,2,1,1,18,77,0.714285714286,5.58181818182,4.04545454545,1,1,7,0.242857142857,-2.81291866029,2.04545454545,0,0
2023,2,2023_02_SF_LA,SF,LA,1,70,0.471428571429,5.2667876588,3.82720588235,2,1,22,53,0.471698113208,8.24,5.67857142857,0,3,-17,0.000269541778976,2.9732123412,1.85136554622,-2,2
2023,2,2023_02_WAS_DEN,DEN,WAS,1,58,0.568965517241,4.73197343454,3.85064935065,1,0,16,55,0.581818181818,9.625,5.30434782609,3,1,-3,0.0128526645768,4.89302656546,1.45369847544,2,1
2023,2,2023_02_WAS_DEN,WAS,DEN,1,58,0.568965517241,6.19924098672,3.02922077922,2,0,18,62,0.629032258065,7.66666666667,5.30434782609,2,2,4,0.0600667408231,1.46742567995,2.27512704687,0,2
2023,3,2023_03_ATL_DET,ATL,DET,2,63,0.47619047619,7.47714285714,3.81124451628,1,1,26,58,0.655172413793,5.28947368421,2.2,0,0,-5,0.178981937603,-2.18766917293,-1.61124451628,-1,-1
2023,3,2023_03_ATL_DET,DET,ATL,2,63,0.47619047619,7.08428571429,3.47933502655,2,1,22,64,0.515625,7.36363636364,3.70967741935,1,1,1,0.0394345238095,0.279350649351,0.230342392802,-1,0
2023,3,2023_03_BUF_WAS,BUF,WAS,2,64,0.578125,6.41208791209,4.59339525284,2,1,26,65,0.492307692308,6.8125,5.09090909091,1,2,1,-0.0858173076923,0.400412087912,0.497513838071,-1,1
2023,3,2023_03_BUF_WAS,WAS,BUF,2,64,0.578125,5.6619047619,4.08926728586,1,1,22,42,0.690476190476,5.86206896552,8.07692307692,0,0,-22,0.112351190476,0.200164203612,3.98765579106,-1,-1
2023,3,2023_03_CAR_SEA,CAR,SEA,2,58,0.603448275862,7.00861887744,4.74601003192,1,1,22,72,0.805555555556,6.22413793103,3.14285714286,2,1,14,0.202107279693,-0.784480946409,-1.60315288906,1,0
2023,3,2023_03_CAR_SEA,SEA,CAR,2,58,0.603448275862,5.75541307547,4.53009575923,1,1,24,69,0.521739130435,8.22222222222,4.42424242424,1,2,11,-0.0817091454273,2.46680914675,-0.105853334992,0,1
2023,3,2023_03_CHI_KC,CHI,KC,2,59,0.627118644068,6.15984848485,4.23333333333,1,1,17,48,0.458333333333,4.5,4.46153846154,1,0,-11,-0.168785310734,-1.65984848485,0.228205128205,0,-1
2023,3,2023_03_CHI_KC,KC,CHI,2,59,0.627118644068,7.57632575758,4.47777777778,2,0,26,75,0.506666666667,7.97368421053,4.13513513514,3,2,16,-0.120451977401,0.397358452951,-0.342642642643,1,2
2023,3,2023_03_DAL_ARI,ARI,DAL,2,63,0.492063492063,5.17304189435,3.4491991992,1,1,14,51,0.411764705882,9,7.4,1,2,-12,-0.0802987861811,3.82695810565,3.9508008008,0,1
2023,3,2023_03_DAL_ARI,DAL,ARI,2,63,0.492063492063,7.44561540463,3.75750750751,1,2,30,73,0.547945205479,6.225,5.60606060606,1,0,10,0.055881713416,-1.22061540463,1.84855309855,0,-2
2023,3,2023_03_DEN_MIA,DEN,MIA,2,59,0.593220338983,6.74090909091,5.61,2,1,25,58,0.655172413793,8.05263157895,3.45,1,0,-1,0.0619520748101,1.31172248804,-2.16,-1,-1
2023,3,2023_03_DEN_MIA,MIA,DEN,2,59,0.593220338983,8.54696969697,4.18333333333,2,1,28,71,0.394366197183,13.4285714286,8.13953488372,5,5,12,-0.1988541418,4.8816017316,3.95620155039,3,4
2023,3,2023_03_HOU_JAX,HOU,JAX,2,67,0.626865671642,7.00712800713,2.8313438583,1,0,17,56,0.535714285714,9.33333333333,3.30769230769,2,1,-11,-0.0911513859275,2.32620532621,0.476348449394,1,1
2023,3,2023_03_HOU_JAX,JAX,HOU,2,67,0.626865671642,5.25690525691,4.09684251059,1,2,24,69,0.608695652174,6.85714285714,4.2962962963,1,1,2,-0.0181700194679,1.60023760024,0.199453785707,0,-1
2023,3,2023_03_IND_BAL,BAL,IND,2,61,0.524590163934,8.03118686869,3.68899733807,1,1,26,68,0.455882352941,6.51612903226,5.02702702703,0,2,7,-0.0687078109932,-1.51505783643,1.33802968896,-1,1
2023,3,2023_03_IND_BAL,IND,BAL,2,61,0.524590163934,7.34318181818,2.94897959184,1,1,21,79,0.556962025316,5.15909090909,3.97142857143,1,0,18,0.032371861382,-2.18409090909,1.02244897959,0,-1
2023,3,2023_03_LAC_MIN,LAC,MIN,2,62,0.661290322581,5.68765356265,8,2,2,28,63,0.761904761905,9.45833333333,2,4,0,1,0.100614439324,3.77067977068,-6,2,-2
2023,3,2023_03_LAC_MIN,MIN,LAC,2,62,0.661290322581,8.83353808354,3.05643127364,3,1,27,74,0.675675675676,7.34,5.41666666667,3,0,12,0.014385353095,-1.49353808354,2.36023539302,0,-1
2023,3,2023_03_LA_CIN,CIN,LA,2,66,0.636363636364,3.79186920018,3.98202764977,1,1,18,72,0.680555555556,5.28571428571,2.91304347826,0,1,6,0.0441919191919,1.49384508554,-1.06898417151,-1,0
2023,3,2023_03_LA_CIN,LA,CIN,2,66,0.636363636364,6.12431875092,6.94539170507,1,1,26,46,0.717391304348,8.15151515152,5.46153846154,1,0,-20,0.0810276679842,2.02719640059,-1.48385324353,0,-1
2023,3,2023_03_NE_NYJ,NE,NYJ,2,59,0.593220338983,7.85916241497,4.36968085106,2,0,21,69,0.420289855072,6.93103448276,3.925,1,0,10,-0.172930483911,-0.928127932207,-0.444680851064,-1,0
2023,3,2023_03_NE_NYJ,NYJ,NE,2,59,0.593220338983,5.34555697279,5.25628626692,1,1,20,58,0.620689655172,4.36111111111,1.72727272727,0,1,-1,0.0274693161894,-0.984445861678,-3.52901353965,-1,0
2023,3,2023_03_NO_GB,GB,NO,2,59,0.525423728814,6.31483516484,3.36037735849,2,0,24,70,0.628571428571,5.88636363636,3.65384615385,1,1,11,0.103147699758,-0.428471528472,0.293468795356,-1,1
2023,3,2023_03_NO_GB,NO,GB,2,59,0.525423728814,8.22005494505,4.83317610063,1,1,20,56,0.607142857143,6,3.5,1,0,-3,0.0817191283293,-2.22005494505,-1.33317610063,0,-1
2023,3,2023_03_NYG_SF,NYG,SF,2,60,0.5,8.20715865119,3.18475073314,1,1,15,44,0.75,4.15151515152,2.63636363636,0,1,-16,0.25,-4.05564349967,-0.548387096774,-1,0
2023,3,2023_03_NYG_SF,SF,NYG,2,60,0.5,6.71310116086,5.28020527859,1,2,32,76,0.486842105263,8.37837837838,3.61538461538,2,1,16,-0.0131578947368,1.66527721752,-1.66482066321,1,-1
2023,3,2023_03_PHI_TB,PHI,TB,2,66,0.469696969697,7.32195378151,3.24432631364,1,1,23,77,0.480519480519,7.48648648649,5.025,1,1,11,0.0108225108225,0.164532704974,1.78067368636,0,0
2023,3,2023_03_PHI_TB,TB,PHI,2,66,0.469696969697,9.6743697479,2.15262727459,3,0,24,42,0.595238095238,5.84,2.41176470588,1,0,-24,0.125541125541,-3.8343697479,0.259137431296,-2,0
2023,3,2023_03_PIT_LV,LV,PIT,2,50,0.62,6.84342105263,7.54398826979,2,1,20,63,0.698412698413,7.36363636364,3.63157894737,2,0,13,0.0784126984127,0.520215311005,-3.91240932243,0,-1
2023,3,2023_03_PIT_LV,PIT,LV,2,50,0.62,7.49684210526,4.6961143695,2,0,22,59,0.474576271186,8.39285714286,3.38709677419,2,0,9,-0.145423728814,0.896015037594,-1.30901759531,0,0
2023,3,2023_03_TEN_CLE,CLE,TEN,2,64,0.5,8.07746126937,3.85404761905,1,0,22,64,0.515625,8.75757575758,2.51612903226,2,1,0,0.015625,0.68011448821,-1.33791858679,1,1
2023,3,2023_03_TEN_CLE,TEN,CLE,2,64,0.5,6.03048475762,3.05416666667,1,1,18,40,0.625,4.16,1.73333333333,0,0,-24,0.125,-1.87048475762,-1.32083333333,-1,-1
2023,4,2023_04_ARI_SF,ARI,SF,3,60,0.483333333333,7.0618466899,3.57879537954,1,1,19,66,0.621212121212,6.46341463415,4.2,2,0,6,0.137878787879,-0.598432055749,0.621204620462,1,-1
2023,4,2023_04_ARI_SF,SF,ARI,3,60,0.483333333333,8.75127311713,4.82060348892,1,1,26,52,0.403846153846,13.4761904762,4,1,4,-8,-0.0794871794872,4.72491735906,-0.82060348892,0,3
2023,4,2023_04_ATL_JAX,ATL,JAX,3,62,0.548387096774,6.62480407524,3.69038461538,1,1,22,53,0.584905660377,6.16129032258,5.77272727273,1,0,-9,0.0365185636032,-0.463513752654,2.08234265734,0,-1
2023,4,2023_04_ATL_JAX,JAX,ATL,3,62,0.548387096774,6.27507836991,3.78331043956,1,1,18,62,0.483870967742,6.9,3.28125,1,0,0,-0.0645161290323,0.624921630094,-0.50206043956,0,-1
2023,4,2023_04_BAL_CLE,BAL,CLE,3,67,0.462686567164,5.53488372093,2.97169811321,1,1,17,52,0.365384615385,9.78947368421,3.9696969697,2,2,-15,-0.0973019517796,4.25458996328,0.997998856489,1,1
2023,4,2023_04_BAL_CLE,CLE,BAL,3,67,0.462686567164,7.34097127223,3.58018867925,1,1,21,61,0.590163934426,3.36111111111,3.72,0,0,-6,0.127477367262,-3.97986016112,0.139811320755,-1,-1
2023,4,2023_04_CIN_TEN,CIN,TEN,3,56,0.607142857143,7.72303969978,3.25789218067,1,0,19,48,0.625,5.5,4,0,0,-8,0.0178571428571,-2.22303969978,0.74210781933,-1,0
2023,4,2023_04_CIN_TEN,TEN,CIN,3,56,0.607142857143,6.00612285206,5.83086449733,1,1,19,59,0.440677966102,9.30769230769,5.24242424242,2,1,3,-0.166464891041,3.30156945563,-0.588440254905,1,0
2023,4,2023_04_DEN_CHI,CHI,DEN,3,55,0.581818181818,7.19536713287,6.24788732394,2,2,28,66,0.530303030303,9.57142857143,5.51612903226,4,0,11,-0.0515151515152,2.37606143856,-0.731758291686,2,-2
2023,4,2023_04_DEN_CHI,DEN,CHI,3,55,0.581818181818,8.71765734266,4.76273022752,2,1,29,47,0.595744680851,7.96428571429,5.10526315789,3,0,-8,0.0139264990329,-0.753371628372,0.342532930376,1,-1
2023,4,2023_04_DET_GB,DET,GB,3,62,0.532258064516,7.39760315534,4.41558888277,1,1,22,71,0.394366197183,7.5,4.90697674419,1,3,9,-0.137891867333,0.10239684466,0.491387861412,0,2
2023,4,2023_04_DET_GB,GB,DET,3,62,0.532258064516,7.07650687702,2.8891029169,2,1,24,48,0.75,6.83333333333,2.25,1,1,-14,0.217741935484,-0.243173543689,-0.639102916896,-1,0
2023,4,2023_04_KC_NYJ,KC,NYJ,3,58,0.586206896552,7.60448654038,5.036954915,2,0,23,65,0.461538461538,6.76666666667,5.82857142857,1,1,7,-0.124668435013,-0.837819873712,0.791616513568,-1,1
2023,4,2023_04_KC_NYJ,NYJ,KC,3,58,0.586206896552,5.14960119641,3.95380635625,1,0,14,55,0.709090909091,6.28205128205,6.75,2,0,-3,0.122884012539,1.13245008564,2.79619364375,1,0
2023,4,2023_04_LA_IND,IND,LA,3,67,0.611940298507,5.20778598796,4.03761904762,1,1,23,56,0.446428571429,8,4.29032258065,2,1,-11,-0.165511727079,2.79221401204,0.252703533026,1,0
2023,4,2023_04_LA_IND,LA,IND,3,67,0.611940298507,7.17576628352,3.72166666667,1,1,23,76,0.526315789474,7.975,4.55555555556,1,2,9,-0.0856245090338,0.799233716475,0.833888888889,0,1
2023,4,2023_04_LV_LAC,LAC,LV,3,59,0.610169491525,7.69811649808,5.16332497911,2,1,27,61,0.393442622951,6.95833333333,4.18918918919,1,2,2,-0.216726868575,-0.739783164748,-0.974135789925,-1,1
2023,4,2023_04_LV_LAC,LV,LAC,3,59,0.610169491525,8.19340774329,3.71167502089,2,0,22,62,0.629032258065,6.10256410256,3.30434782609,0,2,3,0.0188627665391,-2.09084364072,-0.407327194799,-2,2
2023,4,2023_04_MIA_BUF,BUF,MIA,3,66,0.545454545455,7.02753751103,4.58566308244,1,1,27,54,0.462962962963,12.8,3.58620689655,4,2,-12,-0.0824915824916,5.77246248897,-0.999456185886,3,1
2023,4,2023_04_MIA_BUF,MIA,BUF,3,66,0.545454545455,7.54611650485,4.88207885305,2,1,28,54,0.648148148148,8.05714285714,7.47368421053,1,2,-12,0.102693602694,0.511026352288,2.59160535748,-1,1
2023,4,2023_04_MIN_CAR,CAR,MIN,3,64,0.703125,5.52915402764,5.91230769231,2,1,23,63,0.507936507937,6.375,2.67741935484,0,0,-1,-0.195188492063,0.845845972363,-3.23488833747,-2,-1
2023,4,2023_04_MIN_CAR,MIN,CAR,3,64,0.703125,6.40267947422,5.14384615385,2,1,25,42,0.452380952381,7.31578947368,5.86956521739,2,0,-22,-0.250744047619,0.913109999468,0.725719063545,0,-1
2023,4,2023_04_NE_DAL,DAL,NE,3,70,0.542857142857,5.44477669903,3.66994306585,1,1,24,66,0.545454545455,7.80555555556,4.13333333333,1,1,-4,0.0025974025974,2.36077885653,0.463390267483,0,0
2023,4,2023_04_NE_DAL,NE,DAL,3,70,0.542857142857,5.26869902913,3.68594908153,1,0,15,53,0.566037735849,6.9,2.30434782609,0,0,-17,0.0231805929919,1.63130097087,-1.38160125545,-1,0
2023,4,2023_04_PIT_HOU,HOU,PIT,3,60,0.616666666667,7.48899396058,5.06935483871,2,1,23,69,0.449275362319,10.064516129,3.65789473684,3,0,9,-0.167391304348,2.57552216845,-1.41146010187,1,-1
2023,4,2023_04_PIT_HOU,PIT,HOU,3,60,0.616666666667,6.13894628099,3.9676344086,1,1,22,53,0.528301886792,4.71428571429,4.56,0,0,-7,-0.0883647798742,-1.42466056671,0.592365591398,-1,-1
2023,4,2023_04_SEA_NYG,NYG,SEA,3,58,0.603448275862,7.78174757282,3.56578947368,1,1,22,63,0.539682539683,5.97058823529,3.86206896552,0,0,5,-0.0637657361795,-1.81115933752,0.296279491833,-1,-1
2023,4,2023_04_SEA_NYG,SEA,NYG,3,58,0.603448275862,6.97781553398,5.19557416268,1,2,31,49,0.530612244898,6.65384615385,5.26086956522,1,1,-9,-0.0728360309641,-0.323969380134,0.065295402538,0,-1
2023,4,2023_04_TB_NO,NO,TB,3,60,0.55,8.0548490488,3.54660278746,1,1,19,58,0.672413793103,3.58974358974,3.68421052632,0,0,-2,0.122413793103,-4.46510545906,0.137607738859,-1,-1
2023,4,2023_04_TB_NO,TB,NO,3,60,0.55,6.3520471464,3.21602787456,1,0,18,66,0.5,7.45454545455,3.45454545455,3,0,6,-0.05,1.10249830814,0.238517579981,2,0
2023,4,2023_04_WAS_PHI,PHI,WAS,3,62,0.532258064516,6.76409253829,5.48022676991,1,1,28,64,0.578125,8.62162162162,3.85185185185,2,1,2,0.0458669354839,1.85752908334,-1.62837491806,1,0
2023,4,2023_04_WAS_PHI,WAS,PHI,3,62,0.532258064516,7.82974910394,3.13378042035,2,1,20,69,0.594202898551,7.07317073171,3.82142857143,1,2,7,0.0619448340346,-0.756578372235,0.687648151075,-1,1
2023,5,2023_05_BAL_PIT,BAL,PIT,4,58,0.5,8.82901372934,4.94944774851,2,1,24,63,0.603174603175,6.21052631579,5,0,1,5,0.103174603175,-2.61848741355,0.0505522514868,-2,0
2023,5,2023_05_BAL_PIT,PIT,BAL,4,58,0.5,6.85815354441,3.17174414371,1,0,16,62,0.516129032258,7,2.9,1,0,4,0.0161290322581,0.14184645559,-0.271744143707,0,0
2023,5,2023_05_CAR_DET,CAR,DET,4,65,0.569230769231,6.95515752033,2.53086324257,1,1,19,64,0.640625,6.0243902439,4.30434782609,3,0,-1,0.0713942307692,-0.930767276423,1.77348458351,2,-1
2023,5,2023_05_CAR_DET,DET,CAR,4,65,0.569230769231,6.76930894309,5.36099938119,1,2,27,58,0.48275862069,8.42857142857,5.3,3,3,-7,-0.0864721485411,1.65926248548,-0.0609993811881,2,1
2023,5,2023_05_CHI_WAS,CHI,WAS,4,56,0.589285714286,7.62614678899,5.50278253425,2,1,25,61,0.475409836066,9.72413793103,5.5625,4,0,5,-0.11387587822,2.09799114204,0.0597174657534,2,-1
2023,5,2023_05_CHI_WAS,WAS,CHI,4,56,0.589285714286,8.38281416684,5.14362157534,2,1,28,61,0.83606557377,7.60784313725,2.9,2,0,5,0.246779859485,-0.77497102959,-2.24362157534,0,-1
2023,5,2023_05_CIN_ARI,ARI,CIN,4,58,0.603448275862,6.78333333333,6.6130952381,1,1,23,54,0.592592592593,5.1875,6.45454545455,2,1,-4,-0.0108556832695,-1.59583333333,-0.15854978355,1,0
2023,5,2023_05_CIN_ARI,CIN,ARI,4,58,0.603448275862,7.27768817204,4.4255952381,1,1,20,76,0.605263157895,6.89130434783,3.1,3,0,18,0.00181488203267,-0.386383824217,-1.3255952381,2,-1
2023,5,2023_05_DAL_SF,DAL,SF,4,66,0.484848484848,7.71406679349,3.20784855998,1,1,23,45,0.577777777778,6.19230769231,3,1,0,-21,0.0929292929293,-1.52175910118,-0.207848559985,0,-1
2023,5,2023_05_DAL_SF,SF,DAL,4,66,0.484848484848,7.2957091524,3.74737745566,1,2,22,66,0.378787878788,10.12,4.14634146341,4,2,0,-0.106060606061,2.8242908476,0.398964007759,3,0
2023,5,2023_05_GB_LV,GB,LV,4,55,0.618181818182,6.28268802848,5.63172762415,2,1,25,55,0.545454545455,6.06666666667,4.4,0,1,0,-0.0727272727273,-0.216021361816,-1.23172762415,-2,0
2023,5,2023_05_GB_LV,LV,GB,4,55,0.618181818182,6.59065420561,5.98319952423,1,1,20,60,0.516666666667,6.70967741935,3.31034482759,1,1,5,-0.101515151515,0.119023213747,-2.67285469665,0,0
2023,5,2023_05_HOU_ATL,ATL,HOU,4,63,0.539682539683,6.10923175651,4.17318007663,1,1,16,74,0.513513513514,9.23684210526,2.66666666667,1,1,11,-0.026169026169,3.12761034875,-1.50651340996,0,0
2023,5,2023_05_HOU_ATL,HOU,ATL,4,63,0.539682539683,7.49376604327,3.28601532567,2,0,24,58,0.603448275862,7.11428571429,2.78260869565,1,0,-5,0.0637657361795,-0.379480328985,-0.503406630018,-1,0
2023,5,2023_05_JAX_BUF,BUF,JAX,4,64,0.546875,7.7226577081,4.3843218637,2,1,29,54,0.740740740741,8.975,2.07142857143,2,1,-10,0.193865740741,1.2523422919,-2.31289329227,0,0
2023,5,2023_05_JAX_BUF,JAX,BUF,4,64,0.546875,6.50233296006,3.47228544651,1,0,15,77,0.480519480519,8.51351351351,4.9,1,2,13,-0.0663555194805,2.01118055345,1.42771455349,0,2
2023,5,2023_05_KC_MIN,KC,MIN,4,62,0.612903225806,7.4856702119,5.75759878419,2,1,25,62,0.661290322581,6.85365853659,3.19047619048,2,1,0,0.0483870967742,-0.632011675317,-2.56712259372,0,0
2023,5,2023_05_KC_MIN,MIN,KC,4,62,0.612903225806,6.41377770561,4.20117781155,2,0,19,65,0.723076923077,6.04255319149,3.88888888889,2,0,3,0.11017369727,-0.371224514121,-0.312288922661,0,0
2023,5,2023_05_NO_NE,NE,NO,4,63,0.571428571429,6.15427542754,3.78101965602,1,0,16,49,0.632653061224,4.25806451613,2.5,0,0,-14,0.0612244897959,-1.89621091141,-1.28101965602,-1,0
2023,5,2023_05_NO_NE,NO,NE,4,63,0.571428571429,6.03735373537,3.64296683047,1,1,20,68,0.382352941176,7.03846153846,3.2380952381,2,1,5,-0.189075630252,1.00110780309,-0.404871592372,1,0
2023,5,2023_05_NYG_MIA,MIA,NYG,4,60,0.566666666667,8.29461331679,6.54404607398,2,2,33,53,0.566037735849,10.2666666667,9.65217391304,2,2,-7,-0.00062893081761,1.97205334988,3.10812783907,0,0
2023,5,2023_05_NYG_MIA,NYG,MIA,4,60,0.566666666667,7.78541149711,3.41847826087,1,1,21,61,0.524590163934,6.40625,2.93103448276,0,0,1,-0.0420765027322,-1.37916149711,-0.487443778111,-1,-1
2023,5,2023_05_NYJ_DEN,DEN,NYJ,4,53,0.622641509434,7.50080032013,6.90591397849,2,0,24,53,0.584905660377,6.32258064516,6.31818181818,2,0,0,-0.0377358490566,-1.17821967497,-0.587732160313,0,0
2023,5,2023_05_NYJ_DEN,NYJ,DEN,4,53,0.622641509434,7.95698279312,7.12992831541,2,1,28,58,0.448275862069,7.65384615385,7.3125,0,1,5,-0.174365647365,-0.303136639271,0.182571684588,-2,0
2023,5,2023_05_PHI_LA,LA,PHI,4,68,0.558823529412,7.61980509021,3.04690753215,2,1,23,51,0.725490196078,6,3.85714285714,2,0,-17,0.166666666667,-1.61980509021,0.810235324993,0,-1
2023,5,2023_05_PHI_LA,PHI,LA,4,68,0.558823529412,6.66466655928,4.98034292713,1,2,26,77,0.493506493506,7.97368421053,4.07692307692,1,1,9,-0.0653170359053,1.30901765125,-0.903419850205,0,-1
2023,5,2023_05_TEN_IND,IND,TEN,4,58,0.51724137931,8.26588235294,3.52254042203,1,1,21,60,0.433333333333,9.73076923077,5.67647058824,0,2,2,-0.083908045977,1.46488687783,2.1539301662,-1,1
2023,5,2023_05_TEN_IND,TEN,IND,4,58,0.51724137931,8.38294117647,4.331597698,1,1,21,57,0.614035087719,7.54285714286,4.04545454545,0,1,-1,0.096793708409,-0.840084033613,-0.286143152545,-1,0
2023,6,2023_06_ARI_LA,ARI,LA,5,59,0.593220338983,6.76150870406,5.89466089466,1,1,22,71,0.577464788732,5.73170731707,4.33333333333,0,0,12,-0.0157555502507,-1.02980138699,-1.56132756133,-1,-1
2023,6,2023_06_ARI_LA,LA,ARI,5,59,0.593220338983,8.19777562863,4.90404040404,2,1,24,52,0.461538461538,9.41666666667,6.39285714286,1,1,-7,-0.131681877445,1.21889103804,1.48881673882,-1,0
2023,6,2023_06_BAL_TEN,BAL,TEN,5,57,0.508771929825,7.65591966173,4.77631578947,1,1,19,69,0.434782608696,7.43333333333,3.5641025641,1,0,12,-0.0739893211289,-0.2225863284,-1.21221322537,0,-1
2023,6,2023_06_BAL_TEN,TEN,BAL,5,57,0.508771929825,6.79651162791,3.73609022556,1,0,15,40,0.525,7.14285714286,6.78947368421,0,1,-17,0.0162280701754,0.34634551495,3.05338345865,-1,1
2023,6,2023_06_CAR_MIA,CAR,MIA,5,63,0.587301587302,7.56697857671,3.17941176471,2,0,24,64,0.609375,5.74358974359,4.32,1,1,1,0.0220734126984,-1.82338883312,1.14058823529,-1,1
2023,6,2023_06_CAR_MIA,MIA,CAR,5,63,0.587301587302,7.75461708939,7.43529411765,2,2,35,65,0.492307692308,8.1875,4.90909090909,3,3,2,-0.0949938949939,0.432882910613,-2.52620320856,1,1
2023,6,2023_06_DAL_LAC,DAL,LAC,5,63,0.555555555556,7.15274162762,4.60841964584,1,1,24,56,0.535714285714,9.06666666667,3.69230769231,1,1,-7,-0.0198412698413,1.91392503904,-0.916111953533,0,0
2023,6,2023_06_DAL_LAC,LAC,DAL,4,63,0.555555555556,7.27871768176,4.398346141,2,1,23,60,0.616666666667,6.13513513514,2.30434782609,2,0,-3,0.0611111111111,-1.14358254663,-2.09399831491,0,-1
2023,6,2023_06_DEN_KC,DEN,KC,5,60,0.583333333333,6.61784734702,4.08064516129,2,0,20,45,0.488888888889,4.31818181818,5,1,0,-15,-0.0944444444444,-2.29966552883,0.91935483871,-1,0
2023,6,2023_06_DEN_KC,KC,DEN,5,60,0.583333333333,8.3008133926,8,3,2,34,68,0.602941176471,7.46341463415,3.55555555556,1,0,8,0.0196078431373,-0.837398758457,-4.44444444444,-2,-2
2023,6,2023_06_DET_TB,DET,TB,5,62,0.5,7.28382999511,4.34363553114,1,1,24,66,0.666666666667,8.02272727273,1.81818181818,2,0,4,0.166666666667,0.738897277612,-2.52545371295,1,-1
2023,6,2023_06_DET_TB,TB,DET,4,62,0.5,7.75213727406,2.45421245421,2,0,20,53,0.698113207547,5.56756756757,2.875,0,0,-9,0.198113207547,-2.18456970649,0.420787545788,-2,0
2023,6,2023_06_IND_JAX,IND,JAX,5,66,0.515151515152,7.38628681796,3.54722222222,1,1,22,72,0.763888888889,5.98181818182,2.58823529412,1,1,6,0.248737373737,-1.40446863614,-0.958986928105,0,0
2023,6,2023_06_IND_JAX,JAX,IND,5,66,0.515151515152,7.84717527764,4.30106060606,1,1,22,59,0.508474576271,6.03333333333,2.93103448276,2,2,-7,-0.00667693888033,-1.81384194431,-1.3700261233,1,1
2023,6,2023_06_MIN_CHI,CHI,MIN,5,59,0.576271186441,8.21020449078,3.99697493518,3,0,24,60,0.4,5.875,4.5,0,1,1,-0.176271186441,-2.33520449078,0.503025064823,-3,1
2023,6,2023_06_MIN_CHI,MIN,CHI,5,59,0.576271186441,8.71912590217,4.14433880726,3,0,26,53,0.584905660377,5.83870967742,2.09090909091,1,0,-6,0.00863447393668,-2.88041622475,-2.05342971635,-2,0
2023,6,2023_06_NE_LV,LV,NE,5,59,0.576271186441,6.82719298246,3.53668927143,1,1,22,65,0.492307692308,8.25,2.54545454545,1,0,6,-0.083963494133,1.42280701754,-0.991234725977,0,-1
2023,6,2023_06_NE_LV,NE,LV,5,59,0.576271186441,5.56140350877,4.17970787689,1,1,15,52,0.634615384615,6.06060606061,4.36842105263,0,2,-7,0.0583441981747,0.499202551834,0.188713175741,-1,1
2023,6,2023_06_NO_HOU,HOU,NO,5,62,0.548387096774,7.59738005051,3.19104002216,2,0,20,58,0.465517241379,7.37037037037,3.87096774194,2,0,-4,-0.0828698553949,-0.227009680135,0.679927719778,0,0
2023,6,2023_06_NO_HOU,NO,HOU,5,62,0.548387096774,6.67724116162,3.5783824955,1,0,18,76,0.671052631579,7,3.56,1,0,14,0.122665534805,0.322758838384,-0.0183824954992,0,0
2023,6,2023_06_NYG_BUF,BUF,NYG,5,58,0.586206896552,8.61866083516,5.48750953471,2,1,31,59,0.508474576271,5.63333333333,4.41379310345,2,0,1,-0.0777323202805,-2.98532750182,-1.07371643126,0,-1
2023,6,2023_06_NYG_BUF,NYG,BUF,5,58,0.586206896552,6.70613349995,4.55215484363,0,1,14,70,0.514285714286,5.55555555556,3.88235294118,0,0,12,-0.071921182266,-1.15057794439,-0.669801902454,0,-1
2023,6,2023_06_PHI_NYJ,NYJ,PHI,5,63,0.539682539683,5.91274752475,3.66711590296,1,1,20,54,0.611111111111,5.63636363636,4.2380952381,0,1,-9,0.0714285714286,-0.276383888389,0.57097933513,-1,0
2023,6,2023_06_PHI_NYJ,PHI,NYJ,5,63,0.539682539683,6.98368988685,5.76010781671,1,1,24,67,0.671641791045,6.22222222222,3.63636363636,1,1,4,0.131959251362,-0.761467664624,-2.12374418035,0,0
2023,6,2023_06_SEA_CIN,CIN,SEA,5,61,0.606557377049,7.26982524272,3.22639540949,1,0,20,50,0.7,5.28571428571,3.06666666667,2,0,-11,0.0934426229508,-1.984110957,-0.159728742827,1,0
2023,6,2023_06_SEA_CIN,SEA,CIN,4,61,0.606557377049,6.57693203883,4.87263084681,1,1,26,66,0.621212121212,7.9512195122,3.48,0,1,5,0.0146547441629,1.37428747336,-1.39263084681,-1,0
2023,6,2023_06_SF_CLE,CLE,SF,4,65,0.476923076923,6.35028186139,2.88783288783,1,1,16,68,0.5,5.64705882353,4.70588235294,0,1,3,0.0230769230769,-0.703223037861,1.81804946511,-1,0
2023,6,2023_06_SF_CLE,SF,CLE,5,65,0.476923076923,7.44500939538,3.12429462429,2,1,26,52,0.519230769231,4.62962962963,4.32,1,1,-13,0.0423076923077,-2.81537976575,1.19570537571,-1,0
2023,6,2023_06_WAS_ATL,ATL,WAS,5,60,0.616666666667,6.85626013748,6.12330316742,1,1,24,76,0.618421052632,6.53191489362,3.65517241379,2,0,16,0.00175438596491,-0.324345243867,-2.46813075363,1,-1
2023,6,2023_06_WAS_ATL,WAS,ATL,5,60,0.616666666667,6.77048737159,4.18325791855,1,1,20,45,0.511111111111,6.5652173913,3.27272727273,3,0,-15,-0.105555555556,-0.205269980288,-0.910530645825,2,-1
2023,7,2023_07_ARI_SEA,ARI,SEA,6,61,0.573770491803,6.55697496168,3.6949655283,1,0,18,59,0.576271186441,4.41176470588,5.08,0,1,-2,0.0025006946374,-2.14521025579,1.3850344717,-1,1
2023,7,2023_07_ARI_SEA,SEA,ARI,5,61,0.573770491803,7.48203031851,4.75661375661,1,1,27,56,0.428571428571,9.125,3.59375,2,0,-5,-0.145199063232,1.64296968149,-1.16286375661,1,-1
2023,7,2023_07_ATL_TB,ATL,TB,6,62,0.564516129032,7.71211433757,4.24686520376,1,0,16,63,0.396825396825,10,4.10526315789,0,1,1,-0.167690732207,2.28788566243,-0.141602045867,-1,1
2023,7,2023_07_ATL_TB,TB,ATL,5,62,0.564516129032,5.7637477314,2.90778474399,1,0,19,62,0.677419354839,6.54761904762,3.65,1,0,0,0.112903225806,0.783871316222,0.742215256008,0,0
2023,7,2023_07_BUF_NE,BUF,NE,6,56,0.571428571429,8.33549832027,4.67916666667,2,1,29,65,0.630769230769,6.46341463415,3.375,2,1,9,0.0593406593407,-1.87208368612,-1.30416666667,0,0
2023,7,2023_07_BUF_NE,NE,BUF,6,56,0.571428571429,7.0617581187,4.77222222222,0,1,12,54,0.555555555556,9.06666666667,4,2,1,-2,-0.015873015873,2.00490854797,-0.772222222222,2,0
2023,7,2023_07_CLE_IND,CLE,IND,5,65,0.538461538462,6.52610368199,3.89986449864,1,1,22,70,0.528571428571,4.94594594595,4.54545454545,0,3,5,-0.00989010989011,-1.58015773605,0.64559004681,-1,2
2023,7,2023_07_CLE_IND,IND,CLE,6,65,0.538461538462,5.70324235208,3.7283197832,1,1,19,63,0.365079365079,13.2608695652,4.2,2,3,-2,-0.173382173382,7.55762721314,0.471680216802,1,2
2023,7,2023_07_DET_BAL,BAL,DET,6,64,0.5,7.20189655172,2.94134563212,1,1,19,55,0.509090909091,12.75,5.40740740741,3,2,-9,0.00909090909091,5.54810344828,2.46606177529,2,1
2023,7,2023_07_DET_BAL,DET,BAL,6,64,0.5,6.83982758621,3.750678242,1,1,22,67,0.791044776119,5.35849056604,6,0,1,3,0.291044776119,-1.48133702017,2.249321758,-1,0
2023,7,2023_07_GB_DEN,DEN,GB,6,53,0.584905660377,6.00011223345,5.78980654762,2,1,22,54,0.537037037037,6.68965517241,5.8,1,0,1,-0.0478686233403,0.689542938968,0.010193452381,-1,-1
2023,7,2023_07_GB_DEN,GB,DEN,5,53,0.584905660377,8.30791245791,5.75533234127,1,1,26,61,0.524590163934,6.0625,4.72413793103,2,0,8,-0.0603154964429,-2.24541245791,-1.03119441024,1,-1
2023,7,2023_07_JAX_NO,JAX,NO,6,66,0.545454545455,6.11078030572,3.53298411236,2,1,21,56,0.535714285714,7.23333333333,4.34615384615,1,2,-10,-0.00974025974026,1.12255302761,0.813169733789,-1,1
2023,7,2023_07_JAX_NO,NO,JAX,6,66,0.545454545455,7.46196231781,2.70521528897,1,0,18,86,0.639534883721,5.47272727273,3.61290322581,1,1,20,0.0940803382664,-1.98923504508,0.907687936836,0,1
2023,7,2023_07_LAC_KC,KC,LAC,6,64,0.578125,7.5497214941,4.22417670683,1,1,23,63,0.666666666667,10.0952380952,3.2380952381,4,0,-1,0.0885416666667,2.54551660114,-0.986081468732,3,-1
2023,7,2023_07_LAC_KC,LAC,KC,5,64,0.578125,6.6756225426,3.35172690763,2,0,19,56,0.535714285714,8.63333333333,5.34615384615,1,1,-8,-0.0424107142857,1.95771079074,1.99442693852,-1,1
2023,7,2023_07_LV_CHI,CHI,LV,6,60,0.533333333333,6.99799465241,4.62786690434,2,1,22,67,0.432835820896,5.58620689655,4.55263157895,1,2,7,-0.100497512438,-1.41178775585,-0.0752353253901,-1,1
2023,7,2023_07_LV_CHI,LV,CHI,6,60,0.533333333333,7.98039215686,2.37456922163,1,0,21,59,0.762711864407,4.53333333333,2.78571428571,1,0,-1,0.229378531073,-3.44705882353,0.411145064086,0,0
2023,7,2023_07_MIA_PHI,MIA,PHI,6,65,0.538461538462,7.30008591065,4.92712121212,2,2,28,44,0.727272727273,6.75,3.75,1,0,-21,0.188811188811,-0.550085910653,-1.17712121212,-1,-2
2023,7,2023_07_MIA_PHI,PHI,MIA,6,65,0.538461538462,7.6191580756,3.92886363636,1,1,26,65,0.476923076923,9,2.91176470588,2,2,0,-0.0615384615385,1.3808419244,-1.01709893048,1,1
2023,7,2023_07_PIT_LA,LA,PIT,6,59,0.576271186441,8.75157515752,4.4809183065,2,1,21,60,0.483333333333,7.96551724138,4.35483870968,1,1,1,-0.0929378531073,-0.786057916136,-0.126079596822,-1,0
2023,7,2023_07_PIT_LA,PIT,LA,5,59,0.576271186441,7.01141989199,4.48419797257,1,0,18,54,0.462962962963,9.2,2.96551724138,0,3,-5,-0.113308223478,2.18858010801,-1.51868073119,-1,3
2023,7,2023_07_SF_MIN,MIN,SF,6,57,0.526315789474,7.34627877418,3.6518573065,1,0,18,66,0.681818181818,8.4,3.52380952381,2,0,9,0.155502392344,1.05372122582,-0.128047782687,1,0
2023,7,2023_07_SF_MIN,SF,MIN,6,57,0.526315789474,7.75420138399,4.54835542464,2,1,26,52,0.576923076923,9.06666666667,2.95454545455,1,1,-5,0.0506072874494,1.31246528268,-1.5938099701,-1,0
2023,7,2023_07_WAS_NYG,NYG,WAS,6,60,0.6,6.92821824382,5.02137681159,1,0,21,61,0.475409836066,9.62068965517,3.3125,2,0,1,-0.124590163934,2.69247141135,-1.70887681159,1,0
2023,7,2023_07_WAS_NYG,WAS,NYG,6,60,0.6,6.79062233589,4.29311594203,2,1,24,61,0.688524590164,5.92857142857,4,0,1,1,0.0885245901639,-0.862050907319,-0.293115942029,-2,0
2023,8,2023_08_ATL_TEN,ATL,TEN,7,60,0.533333333333,8.03580931264,4.4675938074,1,1,17,60,0.566666666667,7.23529411765,5.38461538462,1,1,0,0.0333333333333,-0.800515194992,0.917021577216,0,0
2023,8,2023_08_ATL_TEN,TEN,ATL,6,60,0.533333333333,7.06818181818,3.65645499869,1,1,19,65,0.446153846154,8.20689655172,4.13888888889,4,0,5,-0.0871794871795,1.13871473354,0.482433890201,3,-1
2023,8,2023_08_BAL_ARI,ARI,BAL,7,61,0.524590163934,6.00184968847,4.23926073926,0,1,14,69,0.536231884058,5.62162162162,4.03125,2,1,8,0.0116417201235,-0.380228066852,-0.208010739261,2,0
2023,8,2023_08_BAL_ARI,BAL,ARI,7,61,0.524590163934,7.81074766355,4.76573426573,2,1,25,56,0.482142857143,5.81481481481,4.48275862069,1,3,-5,-0.0424473067916,-1.99593284874,-0.282975645045,-1,2
2023,8,2023_08_CHI_LAC,CHI,LAC,7,61,0.508196721311,8.6989413026,3.81516015796,2,1,25,62,0.596774193548,6.27027027027,2.92,0,2,1,0.0885774722369,-2.42867103233,-0.895160157964,-2,1
2023,8,2023_08_CHI_LAC,LAC,CHI,6,61,0.508196721311,8.30132672206,2.55517770952,1,1,21,65,0.615384615385,7.45,2.16,3,0,4,0.107187894073,-0.851326722058,-0.395177709522,2,-1
2023,8,2023_08_CIN_SF,CIN,SF,6,59,0.576271186441,7.46182157768,3.32801226551,1,0,18,59,0.542372881356,8.84375,4.96296296296,3,1,0,-0.0338983050847,1.38192842232,1.63495069745,2,1
2023,8,2023_08_CIN_SF,SF,CIN,7,59,0.576271186441,7.26972094045,5.13933982684,2,1,24,54,0.574074074074,11.7741935484,4.91304347826,1,1,-5,-0.0021971123666,4.50447260793,-0.226296348579,-1,0
2023,8,2023_08_CLE_SEA,CLE,SEA,6,63,0.539682539683,5.27380096539,3.9714673913,0,1,17,72,0.444444444444,8.03125,3.875,1,1,9,-0.0952380952381,2.75744903461,-0.0964673913043,1,0
2023,8,2023_08_CLE_SEA,SEA,CLE,6,63,0.539682539683,6.82355961795,4.23070652174,1,1,24,54,0.685185185185,6.86486486486,6.70588235294,2,1,-9,0.145502645503,0.0413052469127,2.4751758312,1,0
2023,8,2023_08_HOU_CAR,CAR,HOU,6,63,0.571428571429,7.5295218894,3.46044303797,1,0,18,55,0.563636363636,7.58064516129,1.83333333333,1,0,-8,-0.00779220779221,0.0511232718894,-1.62710970464,0,0
2023,8,2023_08_HOU_CAR,HOU,CAR,6,63,0.571428571429,6.92977150538,4.64151073198,2,1,29,54,0.444444444444,5.83333333333,3.66666666667,0,2,-9,-0.126984126984,-1.09643817204,-0.974844065309,-2,1
2023,8,2023_08_JAX_PIT,JAX,PIT,7,60,0.516666666667,8.25761067314,4.44868421053,1,1,24,62,0.516129032258,9.125,3.53333333333,1,0,2,-0.000537634408602,0.867389326865,-0.915350877193,0,-1
2023,8,2023_08_JAX_PIT,PIT,JAX,6,60,0.516666666667,8.54499696786,2.68201754386,1,1,19,61,0.704918032787,4.90697674419,3.88888888889,1,0,1,0.18825136612,-3.63802022367,1.20687134503,0,-1
2023,8,2023_08_KC_DEN,DEN,KC,7,58,0.586206896552,5.52989771833,5.19782608696,1,0,16,59,0.322033898305,6,3.825,3,0,1,-0.264172998247,0.470102281668,-1.37282608696,2,0
2023,8,2023_08_KC_DEN,KC,DEN,7,58,0.586206896552,8.33880802518,5.00962732919,2,0,27,54,0.703703703704,6.31578947368,3.875,0,0,-4,0.117496807152,-2.02301855149,-1.13462732919,-2,0
2023,8,2023_08_LA_DAL,DAL,LA,6,58,0.551724137931,8.14710144928,4.41515981735,1,1,21,60,0.566666666667,9.02941176471,3.92307692308,4,0,2,0.0149425287356,0.882310315431,-0.492082894275,3,-1
2023,8,2023_08_LA_DAL,LA,DAL,7,58,0.551724137931,7.5059178744,4.36054794521,2,1,20,56,0.571428571429,6.375,3.83333333333,1,1,-2,0.0197044334975,-1.1309178744,-0.527214611872,-1,0
2023,8,2023_08_LV_DET,DET,LV,7,63,0.603174603175,6.01051851852,4.55183413078,1,2,22,80,0.4625,7.35135135135,5.16279069767,1,1,17,-0.140674603175,1.34083283283,0.610956566893,0,-1
2023,8,2023_08_LV_DET,LV,DET,7,63,0.603174603175,6.36962962963,3.64533492823,1,1,19,39,0.538461538462,6,4.44444444444,0,1,-24,-0.0647130647131,-0.36962962963,0.799109516215,-1,0
2023,8,2023_08_MIN_GB,GB,MIN,6,58,0.620689655172,5.99460759914,4.48559364133,1,1,18,58,0.706896551724,5.58536585366,4.35294117647,1,0,0,0.0862068965517,-0.409241745479,-0.132652464861,0,-1
2023,8,2023_08_MIN_GB,MIN,GB,7,58,0.620689655172,6.54927824788,4.98161947342,1,1,22,66,0.530303030303,8.48571428571,2,2,1,8,-0.0903866248694,1.93643603783,-2.98161947342,1,0
2023,8,2023_08_NE_MIA,MIA,NE,7,55,0.581818181818,7.96808510638,5.62162487946,2,1,30,71,0.633802816901,7.2,3,3,1,16,0.0519846350832,-0.768085106383,-2.62162487946,1,0
2023,8,2023_08_NE_MIA,NE,MIA,7,55,0.581818181818,6.97872340426,3.9831243973,1,1,20,48,0.604166666667,5.55172413793,4.05263157895,2,0,-7,0.0223484848485,-1.42699926632,0.0695071816475,1,-1
2023,8,2023_08_NO_IND,IND,NO,7,69,0.550724637681,6.34018065268,3.64364207221,1,1,22,65,0.630769230769,5.19512195122,6.83333333333,2,1,-4,0.0800445930881,-1.14505870146,3.18969126112,1,0
2023,8,2023_08_NO_IND,NO,IND,7,69,0.550724637681,6.20483682984,3.49960753532,1,1,25,65,0.446153846154,12.2068965517,4.47222222222,2,3,-4,-0.104570791527,6.00205972189,0.9726146869,1,2
2023,8,2023_08_NYJ_NYG,NYG,NYJ,7,58,0.568965517241,6.99005891016,4.7652173913,1,0,16,66,0.212121212121,0.5,3.90384615385,0,1,8,-0.35684430512,-6.49005891016,-0.861371237458,-1,1
2023,8,2023_08_NYJ_NYG,NYJ,NYG,6,58,0.568965517241,6.95655375552,5.36529366895,1,1,20,58,0.620689655172,6.66666666667,2.63636363636,1,0,0,0.051724137931,-0.289887088856,-2.72893003259,0,-1
2023,8,2023_08_PHI_WAS,PHI,WAS,7,63,0.603174603175,7.52208106473,5.60247678019,2,1,25,60,0.633333333333,8.39473684211,2.68181818182,4,1,-3,0.0301587301587,0.872655777374,-2.92065859837,2,0
2023,8,2023_08_PHI_WAS,WAS,PHI,7,63,0.603174603175,6.1333938294,2.72476780186,1,0,17,68,0.764705882353,7.63461538462,5.25,4,0,5,0.161531279178,1.50122155521,2.52523219814,3,0
2023,8,2023_08_TB_BUF,BUF,TB,7,59,0.610169491525,6.88903635779,3.70365563487,1,1,20,66,0.606060606061,8.1,4.42307692308,2,1,7,-0.00410888546482,1.21096364221,0.719421288208,1,0
2023,8,2023_08_TB_BUF,TB,BUF,6,59,0.610169491525,6.79058075933,4.85258490158,1,1,17,59,0.71186440678,5.64285714286,4.58823529412,2,0,0,0.101694915254,-1.14772361647,-0.264349607461,1,-1
2023,9,2023_09_ARI_CLE,ARI,CLE,8,67,0.537313432836,5.96770977809,4.04082071114,1,1,20,41,0.487804878049,2.9,1.95238095238,0,0,-26,-0.049508554787,-3.06770977809,-2.08843975876,-1,-1
2023,9,2023_09_ARI_CLE,CLE,ARI,7,67,0.537313432836,5.75546116505,4.60967880546,1,1,26,70,0.428571428571,7.3,2.825,2,1,3,-0.108742004264,1.54453883495,-1.78467880546,1,0
2023,9,2023_09_BUF_CIN,BUF,CIN,8,61,0.606557377049,7.20644981264,4.42563291139,1,1,21,54,0.703703703704,6.78947368421,4.25,1,1,-7,0.0971463266545,-0.416976128434,-0.175632911392,0,0
2023,9,2023_09_BUF_CIN,CIN,BUF,7,61,0.606557377049,6.66714502113,3.83254219409,2,0,22,66,0.666666666667,7.90909090909,2.45454545455,2,1,5,0.0601092896175,1.24194588796,-1.37799673955,0,1
2023,9,2023_09_CHI_NO,CHI,NO,8,68,0.529411764706,5.30185185185,4.21821475626,1,1,23,62,0.483870967742,7.33333333333,4.875,2,0,-6,-0.0455407969639,2.03148148148,0.656785243742,1,-1
2023,9,2023_09_CHI_NO,NO,CHI,8,68,0.529411764706,7.54259259259,2.66941150637,2,1,23,62,0.564516129032,6.11428571429,3.22222222222,3,0,-6,0.0351043643264,-1.42830687831,0.552810715854,1,-1
2023,9,2023_09_DAL_PHI,DAL,PHI,7,61,0.573770491803,7.61549707602,3.19321054532,2,0,24,65,0.676923076923,8.5,3.47619047619,3,0,4,0.10315258512,0.884502923977,0.282979930867,1,0
2023,9,2023_09_DAL_PHI,PHI,DAL,8,61,0.573770491803,7.65087719298,3.7439508848,2,1,26,56,0.410714285714,9,3.30303030303,2,2,-5,-0.163056206089,1.34912280702,-0.440920581766,0,1
2023,9,2023_09_IND_CAR,CAR,IND,7,64,0.59375,6.19698690287,4.1875,1,1,27,67,0.582089552239,4.4358974359,4.92857142857,1,0,3,-0.0116604477612,-1.76108946697,0.741071428571,0,-1
2023,9,2023_09_IND_CAR,IND,CAR,8,64,0.59375,6.43269740329,5.31404320988,2,2,29,56,0.464285714286,4.88461538462,2.6,1,0,-8,-0.129464285714,-1.54808201867,-2.71404320988,-1,-2
2023,9,2023_09_LAC_NYJ,LAC,NYJ,7,59,0.576271186441,6.20565666503,4.4754954955,1,1,19,51,0.588235294118,4.53333333333,4,0,2,-8,0.011964107677,-1.67232333169,-0.475495495495,-1,1
2023,9,2023_09_LAC_NYJ,NYJ,LAC,7,59,0.576271186441,7.62592228234,4.14135135135,1,1,21,69,0.710144927536,5.36734693878,3.2,0,0,10,0.133873741096,-2.25857534357,-0.941351351351,-1,-1
2023,9,2023_09_LA_GB,GB,LA,7,58,0.568965517241,7.47806967447,4.17622603088,1,1,20,64,0.40625,8.76923076923,4.84210526316,1,1,6,-0.162715517241,1.29116109476,0.665879232274,0,0
2023,9,2023_09_LA_GB,LA,GB,8,58,0.568965517241,7.28143917761,4.57958594943,1,1,21,54,0.518518518519,4.64285714286,2.61538461538,0,0,-4,-0.0504469987229,-2.63858203476,-1.96420133405,-1,-1
2023,9,2023_09_MIA_KC,KC,MIA,8,60,0.633333333333,7.05413602244,3.765625,2,0,23,54,0.555555555556,6.16666666667,3.875,2,0,-6,-0.0777777777778,-0.887469355776,0.109375,0,0
2023,9,2023_09_MIA_KC,MIA,KC,8,60,0.633333333333,5.61278338009,5.18672975352,2,1,23,55,0.618181818182,5.67647058824,5.57142857143,1,1,-5,-0.0151515151515,0.0636872081458,0.384698817907,-1,0
2023,9,2023_09_MIN_ATL,ATL,MIN,8,63,0.571428571429,6.67962774095,4.19507410636,1,1,16,66,0.575757575758,7.05263157895,3.92857142857,1,1,3,0.004329004329,0.373003837999,-0.266502677793,0,0
2023,9,2023_09_MIN_ATL,MIN,ATL,8,63,0.571428571429,6.98793132755,2.81037489102,2,0,21,69,0.521739130435,6.55555555556,4.42424242424,2,1,6,-0.0496894409938,-0.432375771998,1.61386753322,0,1
2023,9,2023_09_NYG_LV,LV,NYG,8,60,0.516666666667,7.19516920692,2.67170795306,1,0,15,59,0.423728813559,8.36,3.67647058824,0,3,-1,-0.0929378531073,1.16483079308,1.00476263517,-1,3
2023,9,2023_09_NYG_LV,NYG,LV,8,60,0.516666666667,6.31064324464,5.54556714472,1,1,17,54,0.537037037037,6.89655172414,4.92,1,0,-6,0.0203703703704,0.585908479498,-0.62556714472,0,-1
2023,9,2023_09_SEA_BAL,BAL,SEA,8,59,0.525423728814,7.23725490196,4.40042674253,1,1,22,74,0.445945945946,6.81818181818,7.26829268293,1,3,15,-0.0794777828676,-0.419073083779,2.86786594039,0,2
2023,9,2023_09_SEA_BAL,SEA,BAL,7,59,0.525423728814,7.6931372549,3.93513513514,1,1,18,43,0.651162790698,5.60714285714,1.86666666667,0,0,-16,0.125739061884,-2.08599439776,-2.06846846847,-1,-1
2023,9,2023_09_TB_HOU,HOU,TB,7,58,0.586206896552,7.24918316356,4.68396226415,1,1,20,59,0.71186440678,11.1904761905,3.11764705882,5,0,1,0.125657510228,3.94129302692,-1.56631520533,4,-1
2023,9,2023_09_TB_HOU,TB,HOU,7,58,0.586206896552,8.4495002883,3.22158580413,1,0,14,61,0.491803278689,8.83333333333,2.61290322581,2,2,3,-0.0944036178632,0.383833045038,-0.608682578327,1,2
2023,9,2023_09_TEN_PIT,PIT,TEN,7,56,0.535714285714,7.57205882353,4.64285714286,1,1,19,60,0.5,5.33333333333,5.53333333333,1,1,4,-0.0357142857143,-2.2387254902,0.890476190476,0,0
2023,9,2023_09_TEN_PIT,TEN,PIT,7,56,0.535714285714,7.63029411765,4.75974025974,1,1,18,64,0.609375,6.71794871795,4.2,0,1,8,0.0736607142857,-0.912345399698,-0.55974025974,-1,0
2023,9,2023_09_WAS_NE,NE,WAS,8,55,0.636363636364,7.30773875883,4.44170911149,2,1,21,63,0.698412698413,5,5.63157894737,1,1,8,0.0620490620491,-2.30773875883,1.18986983588,-1,0
2023,9,2023_09_WAS_NE,WAS,NE,8,55,0.636363636364,8.0418524712,3.99476513865,2,0,25,74,0.608108108108,7.22222222222,4.27586206897,1,1,19,-0.0282555282555,-0.819630248978,0.281096930312,-1,1
2023,10,2023_10_ATL_ARI,ARI,ATL,9,61,0.540983606557,6.14653902798,3.90384615385,2,1,18,58,0.551724137931,7.78125,4.69230769231,0,2,-3,0.0107405313737,1.63471097202,0.788461538462,-2,1
2023,10,2023_10_ATL_ARI,ATL,ARI,9,61,0.540983606557,7.20737509913,4.501393534,1,1,24,62,0.338709677419,4.47619047619,4.48780487805,1,2,1,-0.202273929138,-2.73118462294,-0.0135886559534,0,1
2023,10,2023_10_CAR_CHI,CAR,CHI,8,63,0.539682539683,6.62824923547,2.83048530417,2,0,19,54,0.703703703704,4.86842105263,2.6875,0,0,-9,0.164021164021,-1.75982818284,-0.14298530417,-2,0
2023,10,2023_10_CAR_CHI,CHI,CAR,9,63,0.539682539683,5.62452217125,4.38851674641,1,2,25,70,0.471428571429,4.90909090909,3.59459459459,0,1,7,-0.068253968254,-0.715431262163,-0.793922151817,-1,-1
2023,10,2023_10_CLE_BAL,BAL,CLE,9,66,0.484848484848,7.31502525253,4.38796642642,2,2,26,47,0.489361702128,9.69565217391,4.41666666667,1,2,-19,0.00451321727917,2.38062692139,0.0287002402457,-1,0
2023,10,2023_10_CLE_BAL,CLE,BAL,8,66,0.484848484848,7.01578282828,3.09182556336,1,1,19,71,0.492957746479,6.08571428571,4.94444444444,1,1,5,0.00810926163039,-0.930068542569,1.85261888108,0,0
2023,10,2023_10_DEN_BUF,BUF,DEN,9,56,0.553571428571,8.84453781513,3.67613636364,1,1,20,52,0.5,6.80769230769,7.38461538462,1,2,-4,-0.0535714285714,-2.03684550743,3.70847902098,0,1
2023,10,2023_10_DEN_BUF,DEN,BUF,8,56,0.553571428571,6.47941176471,4.07386363636,2,0,21,67,0.432835820896,6.65517241379,3.21052631579,2,0,11,-0.120735607676,0.175760649087,-0.863337320574,0,0
2023,10,2023_10_DET_LAC,DET,LAC,8,64,0.578125,7.98679104478,3.61348452883,1,1,19,64,0.515625,10.0909090909,6.45161290323,2,3,0,-0.0625,2.10411804613,2.83812837439,1,2
2023,10,2023_10_DET_LAC,LAC,DET,8,64,0.578125,6.03589552239,3.64513009845,1,1,22,68,0.588235294118,8.075,3.5,4,1,4,0.0101102941176,2.03910447761,-0.145130098453,3,0
2023,10,2023_10_GB_PIT,GB,PIT,8,59,0.559322033898,7.2929808287,4.59794372294,1,0,17,64,0.625,7.225,4.83333333333,2,0,5,0.0656779661017,-0.0679808286951,0.23538961039,1,0
2023,10,2023_10_GB_PIT,PIT,GB,8,59,0.559322033898,6.20269016698,3.72781385281,1,1,17,59,0.389830508475,5.47826086957,5.69444444444,0,2,0,-0.169491525424,-0.724429297411,1.96663059163,-1,1
2023,10,2023_10_HOU_CIN,CIN,HOU,8,59,0.593220338983,8.2832025574,3.19991987179,2,1,21,56,0.714285714286,8.675,4.125,2,1,-3,0.121065375303,0.391797442604,0.925080128205,0,0
2023,10,2023_10_HOU_CIN,HOU,CIN,8,59,0.593220338983,8.62423714037,3.9078525641,2,1,21,73,0.534246575342,9.12820512821,5.52941176471,1,2,14,-0.0589737636406,0.503967987839,1.6215592006,-1,1
2023,10,2023_10_IND_NE,IND,NE,9,58,0.568965517241,8.02022653722,4.46310912835,2,1,27,54,0.518518518519,6.92857142857,2.69230769231,0,1,-4,-0.0504469987229,-1.09165510865,-1.77080143604,-2,0
2023,10,2023_10_IND_NE,NE,IND,9,58,0.568965517241,7.11434735707,4.64636238847,1,1,24,63,0.428571428571,7.22222222222,4.63888888889,0,0,5,-0.14039408867,0.107874865156,-0.00747349958057,-1,-1
2023,10,2023_10_NO_MIN,MIN,NO,9,68,0.573529411765,6.65781657491,3.96201501877,2,1,23,67,0.507462686567,7.88235294118,3.78787878788,1,2,-1,-0.0660667251975,1.22453636627,-0.174136230895,-1,1
2023,10,2023_10_NO_MIN,NO,MIN,9,68,0.573529411765,6.96591567662,3.37959949937,1,1,23,58,0.741379310345,5.39534883721,4.33333333333,2,0,-10,0.16784989858,-1.57056683941,0.953733833959,1,-1
2023,10,2023_10_NYG_DAL,DAL,NYG,8,60,0.516666666667,9.25925925926,3.04423777806,1,1,23,77,0.571428571429,10.7272727273,5.09090909091,4,3,17,0.0547619047619,1.46801346801,2.04667131285,3,2
2023,10,2023_10_NYG_DAL,NYG,DAL,9,60,0.516666666667,6.3287037037,3.72137740354,1,1,16,50,0.54,3.18518518519,4.82608695652,2,0,-10,0.0233333333333,-3.14351851852,1.10470955298,1,-1
2023,10,2023_10_NYJ_LV,LV,NYJ,9,57,0.59649122807,4.75391134289,4.76118326118,0,1,18,59,0.457627118644,5.66666666667,4.625,1,0,2,-0.138864109426,0.912755323772,-0.136183261183,1,-1
2023,10,2023_10_NYJ_LV,NYJ,LV,8,57,0.59649122807,6.40300800894,5.59884559885,1,1,18,61,0.655737704918,6.575,5.14285714286,0,0,4,0.0592464768479,0.17199199106,-0.455988455988,-1,-1
2023,10,2023_10_SF_JAX,JAX,SF,8,58,0.51724137931,8.59659090909,4.41680672269,2,1,25,49,0.65306122449,5.9375,3.47058823529,0,0,-9,0.135819845179,-2.65909090909,-0.946218487395,-2,-1
2023,10,2023_10_SF_JAX,SF,JAX,8,58,0.51724137931,8.90019762846,3.37226890756,1,1,19,58,0.48275862069,10.7857142857,4.8,3,1,0,-0.0344827586207,1.88551665726,1.42773109244,2,0
2023,10,2023_10_TEN_TB,TB,TEN,8,59,0.576271186441,6.94160260201,4.48713235294,1,1,21,58,0.5,9.58620689655,2.65517241379,2,0,-1,-0.0762711864407,2.64460429454,-1.83195993915,1,-1
2023,10,2023_10_TEN_TB,TEN,TB,8,59,0.576271186441,8.23063276168,4.77610294118,2,1,22,55,0.709090909091,5.10256410256,2.625,0,0,-4,0.13281972265,-3.12806865912,-2.15110294118,-2,-1
2023,10,2023_10_WAS_SEA,SEA,WAS,8,59,0.627118644068,6.48177188586,4.1328125,2,1,20,73,0.643835616438,7.85106382979,4.61538461538,2,0,14,0.0167169723706,1.36929194393,0.482572115385,0,-1
2023,10,2023_10_WAS_SEA,WAS,SEA,9,59,0.627118644068,7.04336755315,6.75,1,1,20,58,0.758620689655,7.09090909091,4.85714285714,3,0,-1,0.131502045587,0.0475415377606,-1.89285714286,2,-1
2023,11,2023_11_ARI_HOU,ARI,HOU,10,60,0.55,6.9265917603,3.0271136115,1,1,20,55,0.545454545455,7.13333333333,4.92,1,1,-5,-0.00454545454545,0.206741573034,1.8928863885,0,0
2023,11,2023_11_ARI_HOU,HOU,ARI,9,60,0.55,7.2404494382,4.86919831224,2,2,26,63,0.603174603175,8.89473684211,4.44,2,1,3,0.0531746031746,1.6542874039,-0.429198312236,0,-1
2023,11,2023_11_CHI_DET,CHI,DET,10,67,0.537313432836,6.34642276423,3.7664410058,1,1,22,69,0.333333333333,7.34782608696,3.97826086957,1,1,2,-0.203980099502,1.00140332273,0.211819863763,0,0
2023,11,2023_11_CHI_DET,DET,CHI,9,67,0.537313432836,7.09882113821,3.85372340426,2,1,23,57,0.614035087719,6.74285714286,5.22727272727,2,2,-10,0.0767216548835,-0.355963995354,1.37354932302,0,1
2023,11,2023_11_CIN_BAL,BAL,CIN,10,60,0.55,7.86440589946,5.67888707038,1,2,27,57,0.456140350877,10.1538461538,5.06451612903,2,2,-3,-0.0938596491228,2.28944025439,-0.614370941344,1,0
2023,11,2023_11_CIN_BAL,CIN,BAL,9,60,0.55,7.69744495222,3.73576104746,2,1,23,54,0.574074074074,5.45161290323,5.91304347826,2,0,-6,0.0240740740741,-2.245832049,2.1772824308,0,-1
2023,11,2023_11_DAL_CAR,CAR,DAL,9,62,0.612903225806,4.78225561627,3.60441176471,1,0,19,52,0.557692307692,4.24137931034,4.78260869565,1,0,-10,-0.0552109181141,-0.540876305927,1.17819693095,0,0
2023,11,2023_11_DAL_CAR,DAL,CAR,9,62,0.612903225806,6.71152094718,4.50404411765,2,1,29,68,0.602941176471,4.9756097561,3.96296296296,2,1,6,-0.00996204933586,-1.73591119108,-0.541081154684,0,0
2023,11,2023_11_LAC_GB,GB,LAC,9,61,0.573770491803,7.24961767205,4.64411563462,1,1,19,68,0.588235294118,8.05,3.64285714286,2,1,7,0.0144648023144,0.800382327952,-1.00125849176,1,0
2023,11,2023_11_LAC_GB,LAC,GB,9,61,0.573770491803,6.02502124044,3.71484775915,1,1,23,60,0.6,7.22222222222,6.25,2,0,-1,0.0262295081967,1.19720098178,2.53515224085,1,-1
2023,11,2023_11_LV_MIA,LV,MIA,10,56,0.571428571429,6.15778106874,4.38085149314,1,1,21,57,0.719298245614,6.60975609756,2.25,1,0,1,0.147869674185,0.451975028821,-2.13085149314,0,-1
2023,11,2023_11_LV_MIA,MIA,LV,9,56,0.571428571429,8.33604837714,4.73032687651,1,1,20,67,0.582089552239,8.33333333333,3.53571428571,2,0,11,0.0106609808102,-0.00271504381093,-1.1946125908,1,-1
2023,11,2023_11_MIN_DEN,DEN,MIN,9,62,0.5,6.72467532468,3.3223401061,2,0,19,50,0.7,7.4,3.06666666667,1,0,-12,0.2,0.675324675325,-0.255673439429,-1,0
2023,11,2023_11_MIN_DEN,MIN,DEN,10,62,0.5,7.78181818182,3.61455309779,1,1,22,68,0.470588235294,6.90625,4.86111111111,1,1,6,-0.0294117647059,-0.875568181818,1.24655801332,0,0
2023,11,2023_11_NYG_WAS,NYG,WAS,10,61,0.55737704918,5.31271529889,4.60872881356,2,1,18,45,0.577777777778,9.46153846154,4.78947368421,3,0,-16,0.0204007285974,4.14882316265,0.180744870651,1,-1
2023,11,2023_11_NYG_WAS,WAS,NYG,10,61,0.55737704918,10.2452380952,4.09398305085,2,1,25,73,0.616438356164,5.68888888889,6.21428571429,1,1,12,0.0590613069841,-4.55634920635,2.12030266344,-1,0
2023,11,2023_11_NYJ_BUF,BUF,NYJ,10,60,0.616666666667,4.83303846154,6.20973389356,1,1,19,70,0.457142857143,8.59375,3.42105263158,3,0,10,-0.159523809524,3.76071153846,-2.78868126198,2,-1
2023,11,2023_11_NYJ_BUF,NYJ,BUF,9,60,0.616666666667,6.80438461538,3.69304388422,1,0,17,48,0.625,4.4,3.5,1,0,-12,0.00833333333333,-2.40438461538,-0.19304388422,0,0
2023,11,2023_11_PHI_KC,KC,PHI,9,61,0.573770491803,9.22322134387,2.96270031313,2,0,22,73,0.58904109589,4.11627906977,5.6,2,0,12,0.0152706040871,-5.10694227411,2.63729968687,0,0
2023,11,2023_11_PHI_KC,PHI,KC,9,61,0.573770491803,6.94772727273,4.85245901639,2,1,24,49,0.448979591837,6.81818181818,4.22222222222,0,3,-12,-0.124790899967,-0.129545454545,-0.630236794171,-2,2
2023,11,2023_11_PIT_CLE,CLE,PIT,9,65,0.492307692308,7.94217139175,3.86884236453,1,1,22,72,0.597222222222,3.83720930233,3.31034482759,0,1,7,0.104914529915,-4.10496208943,-0.558497536946,-1,0
2023,11,2023_11_PIT_CLE,PIT,CLE,9,65,0.492307692308,5.34627362543,3.75,1,1,19,54,0.518518518519,3.78571428571,6.61538461538,0,1,-11,0.0262108262108,-1.56055933972,2.86538461538,-1,0
2023,11,2023_11_SEA_LA,LA,SEA,9,57,0.578947368421,6.71880016051,6.31236696467,1,1,20,58,0.534482758621,6.12903225806,3.03703703704,1,1,1,-0.0444646098004,-0.589767902449,-3.27532992763,0,0
2023,11,2023_11_SEA_LA,SEA,LA,9,57,0.578947368421,7.77989566613,4.55491698595,2,1,22,61,0.655737704918,5.9,3.2380952381,1,0,4,0.076790336497,-1.87989566613,-1.31682174786,-1,-1
2023,11,2023_11_TB_SF,SF,TB,9,57,0.561403508772,10.191122483,3.5103030303,2,1,23,55,0.454545454545,13.32,3.83333333333,3,0,-2,-0.106858054226,3.12887751697,0.32303030303,1,-1
2023,11,2023_11_TB_SF,TB,SF,9,57,0.561403508772,8.64228501502,3.31246753247,2,0,20,63,0.714285714286,5.46666666667,3.66666666667,1,1,6,0.152882205514,-3.17561834835,0.354199134199,-1,1
2023,11,2023_11_TEN_JAX,JAX,TEN,9,58,0.568965517241,6.91434678863,4.39112257605,1,1,21,68,0.470588235294,8.1875,3.55555555556,2,2,10,-0.0983772819473,1.27315321137,-0.835567020499,1,1
2023,11,2023_11_TEN_JAX,TEN,JAX,9,58,0.568965517241,7.59614237423,4.15495463441,1,1,19,36,0.472222222222,9.29411764706,4.84210526316,2,0,-22,-0.0967432950192,1.69797527283,0.687150628751,1,-1
2023,12,2023_12_BAL_LAC,BAL,LAC,11,59,0.525423728814,8.67165209388,5.42872431507,1,2,29,67,0.477611940299,5.53125,5.62857142857,1,1,8,-0.0478117885151,-3.14040209388,0.199847113503,0,-1
2023,12,2023_12_BAL_LAC,LAC,BAL,10,59,0.525423728814,6.67809479982,4.05522260274,1,1,23,63,0.698412698413,4.93181818182,4.52631578947,1,0,4,0.172988969599,-1.746276618,0.471093186734,0,-1
2023,12,2023_12_BUF_PHI,BUF,PHI,11,59,0.542372881356,9.40876004016,4.41920731707,3,1,24,91,0.56043956044,6.64705882353,4.325,2,2,32,0.0180666790836,-2.76170121663,-0.0942073170732,-1,1
2023,12,2023_12_BUF_PHI,PHI,BUF,10,59,0.542372881356,7.57749748996,3.21326219512,2,1,23,63,0.492063492063,6.45161290323,5.78125,3,2,4,-0.0503093892924,-1.12588458673,2.56798780488,1,1
2023,12,2023_12_CAR_TEN,CAR,TEN,10,55,0.6,5.95307845084,5.26330845771,1,1,19,63,0.492063492063,6.25806451613,3,0,1,8,-0.107936507937,0.304986065285,-2.26330845771,-1,0
2023,12,2023_12_CAR_TEN,TEN,CAR,10,55,0.6,5.58336643496,4.36480099502,1,1,20,52,0.538461538462,6.60714285714,3.33333333333,0,2,-3,-0.0615384615385,1.02377642219,-1.03146766169,-1,1
2023,12,2023_12_CHI_MIN,CHI,MIN,11,67,0.477611940299,6.92407660739,3.13550724638,1,0,20,65,0.569230769231,5.86486486486,4.21428571429,0,0,-2,0.0916188289323,-1.05921174252,1.07877846791,-1,0
2023,12,2023_12_CHI_MIN,MIN,CHI,11,67,0.477611940299,7.24578203374,3.25149190111,2,1,24,49,0.65306122449,5.78125,4.29411764706,1,0,-18,0.175449284191,-1.46453203374,1.04262574595,-1,-1
2023,12,2023_12_CLE_DEN,CLE,DEN,10,64,0.5,6.60726238286,4.14930875576,1,1,21,66,0.636363636364,4.52380952381,4.45833333333,1,0,2,0.136363636364,-2.08345285906,0.309024577573,0,-1
2023,12,2023_12_CLE_DEN,DEN,CLE,10,64,0.5,5.20130522088,3.24485407066,1,0,19,61,0.360655737705,6.09090909091,4.33333333333,1,2,-3,-0.139344262295,0.889603870026,1.08847926267,0,2
2023,12,2023_12_GB_DET,DET,GB,10,66,0.560606060606,6.43872416891,5.146875,1,1,23,75,0.586666666667,7.54545454545,4.51612903226,2,1,9,0.0260606060606,1.10673037654,-0.630745967742,1,0
2023,12,2023_12_GB_DET,GB,DET,10,66,0.560606060606,6.90040431267,4.11354166667,2,1,22,54,0.592592592593,8.375,4.95454545455,3,0,-12,0.0319865319865,1.47459568733,0.841003787879,1,-1
2023,12,2023_12_JAX_HOU,HOU,JAX,10,61,0.55737704918,8.38554796919,4.15916296766,2,1,24,54,0.666666666667,8.44444444444,5.05555555556,2,1,-7,0.109289617486,0.0588964752568,0.896392587895,0,0
2023,12,2023_12_JAX_HOU,JAX,HOU,10,61,0.55737704918,7.34558823529,3.54137603044,1,1,23,68,0.558823529412,9.57894736842,2.7,1,1,7,0.00144648023144,2.23335913313,-0.841376030438,0,0
2023,12,2023_12_KC_LV,KC,LV,10,59,0.593220338983,6.9482708515,4.31933797909,1,0,17,57,0.59649122807,8.76470588235,3,2,2,-2,0.00327088908712,1.81643503086,-1.31933797909,1,2
2023,12,2023_12_KC_LV,LV,KC,11,59,0.593220338983,5.46178436501,4.62700348432,1,1,18,57,0.59649122807,7.29411764706,5.34782608696,1,1,-2,0.00327088908712,1.83233328205,0.720822602636,0,0
2023,12,2023_12_LA_ARI,ARI,LA,11,55,0.527272727273,7.41309300456,4.28481240981,1,1,19,60,0.75,5.68888888889,4.86666666667,1,1,5,0.222727272727,-1.72420411567,0.581854256854,0,0
2023,12,2023_12_LA_ARI,LA,ARI,10,55,0.527272727273,6.84863307424,4.40476190476,1,1,20,66,0.5,6.93939393939,6.90909090909,4,1,11,-0.0272727272727,0.0907608651511,2.50432900433,3,0
2023,12,2023_12_MIA_NYJ,MIA,NYJ,10,61,0.639344262295,5.93754450933,5.02779661017,2,1,23,67,0.44776119403,8.1,4.51351351351,1,2,6,-0.191583068265,2.16245549067,-0.514283096656,-1,1
2023,12,2023_12_MIA_NYJ,NYJ,MIA,10,61,0.639344262295,5.37911266201,3.36485875706,1,0,14,48,0.791666666667,4.71052631579,2.9,1,0,-13,0.152322404372,-0.668586346224,-0.464858757062,0,0
2023,12,2023_12_NE_NYG,NE,NYG,10,55,0.545454545455,8.59341463415,5.85669624849,1,1,22,66,0.530303030303,4.08571428571,4.74193548387,0,1,11,-0.0151515151515,-4.50770034843,-1.11476076462,-1,0
2023,12,2023_12_NE_NYG,NYG,NE,11,55,0.545454545455,7.45890243902,4.26321097217,2,1,19,44,0.568181818182,7.64,3.05263157895,1,0,-11,0.0227272727273,0.181097560976,-1.21057939322,-1,-1
2023,12,2023_12_NO_ATL,ATL,NO,10,65,0.553846153846,6.54451813888,5.13677462888,1,1,23,62,0.338709677419,8,5.56097560976,1,1,-3,-0.215136476427,1.45548186112,0.424200980876,0,0
2023,12,2023_12_NO_ATL,NO,ATL,10,65,0.553846153846,7.6254145312,4.20114709852,2,1,26,66,0.575757575758,8,5.28571428571,0,0,1,0.0219114219114,0.374585468797,1.0845671872,-2,-1
2023,12,2023_12_PIT_CIN,CIN,PIT,10,58,0.568965517241,8.17627482555,3.82118674269,1,1,20,37,0.702702702703,8.73076923077,2.27272727273,1,0,-21,0.133737185461,0.554494405219,-1.54845946997,0,-1
2023,12,2023_12_PIT_CIN,PIT,CIN,10,58,0.568965517241,6.23714439077,6.33633285816,1,2,21,66,0.5,8.42424242424,4.63636363636,0,1,8,-0.0689655172414,2.18709803347,-1.6999692218,-1,-1
2023,12,2023_12_SF_SEA,SEA,SF,10,57,0.578947368421,7.59280538302,3.30217644773,1,0,17,48,0.5625,6.66666666667,4.19047619048,0,0,-9,-0.0164473684211,-0.926138716356,0.88829974275,-1,0
2023,12,2023_12_SF_SEA,SF,SEA,10,57,0.578947368421,9.1132505176,5.85386708123,2,1,24,64,0.484375,6.74193548387,5.12121212121,1,3,7,-0.0945723684211,-2.37131503373,-0.732654960016,-1,2
2023,12,2023_12_TB_IND,IND,TB,10,60,0.566666666667,7.6278340081,3.29615384615,2,0,23,68,0.602941176471,6.12195121951,5.74074074074,0,3,8,0.0362745098039,-1.50588278858,2.44458689459,-2,3
2023,12,2023_12_TB_IND,TB,IND,10,60,0.566666666667,7.59326923077,4.3483974359,1,1,22,50,0.62,6.41935483871,6.57894736842,2,0,-10,0.0533333333333,-1.17391439206,2.23054993252,1,-1
2023,12,2023_12_WAS_DAL,DAL,WAS,10,68,0.632352941176,7.18543908365,4.38758476787,2,1,30,50,0.64,10.34375,5.55555555556,4,1,-18,0.00764705882353,3.15831091635,1.16797078769,2,0
2023,12,2023_12_WAS_DAL,WAS,DAL,11,68,0.632352941176,4.94449265301,4.61450182577,2,1,20,71,0.619718309859,6.81818181818,4,0,1,3,-0.0126346313173,1.87368916517,-0.614501825769,-2,0
2023,13,2023_13_ARI_PIT,ARI,PIT,12,58,0.551724137931,7.41338451268,3.65645933014,1,1,16,61,0.377049180328,6.30434782609,3.94736842105,1,2,3,-0.174674957603,-1.1090366866,0.290909090909,0,1
2023,13,2023_13_ARI_PIT,PIT,ARI,11,58,0.551724137931,6.12449933244,6.75159489633,1,1,22,58,0.465517241379,6.92592592593,4.1935483871,1,0,0,-0.0862068965517,0.801426593483,-2.55804650923,0,-1
2023,13,2023_13_ATL_NYJ,ATL,NYJ,11,59,0.559322033898,6.41898148148,6.91354359926,1,1,25,61,0.44262295082,4.48148148148,2.64705882353,1,0,2,-0.116699083079,-1.9375,-4.26648477573,0,-1
2023,13,2023_13_ATL_NYJ,NYJ,ATL,11,59,0.559322033898,7.58865740741,3.93172541744,1,0,17,63,0.603174603175,5.63157894737,2.48,0,0,4,0.0438525692763,-1.95707846004,-1.45172541744,-1,0
2023,13,2023_13_CAR_TB,CAR,TB,11,57,0.59649122807,6.28979591837,4.1171574904,1,1,17,65,0.476923076923,5.74193548387,3.91176470588,0,2,8,-0.119568151147,-0.547860434496,-0.205392784515,-1,1
2023,13,2023_13_CAR_TB,TB,CAR,11,57,0.59649122807,6.25408163265,4.28382415706,1,1,21,57,0.508771929825,6.96551724138,4.57142857143,1,2,0,-0.0877192982456,0.711435608726,0.287604414365,0,1
2023,13,2023_13_CIN_JAX,CIN,JAX,11,56,0.607142857143,7.57499494643,4.23987951807,2,0,21,70,0.557142857143,8.89743589744,5.03225806452,1,3,14,-0.05,1.322440951,0.792378546444,-1,3
2023,13,2023_13_CIN_JAX,JAX,CIN,11,56,0.607142857143,8.62886597938,6.59445783133,1,1,23,64,0.609375,8.23076923077,2.84,2,2,8,0.00223214285714,-0.398096748612,-3.75445783133,1,1
2023,13,2023_13_CLE_LA,CLE,LA,11,64,0.53125,6.27971014493,4.02998432192,1,1,20,67,0.65671641791,5.77272727273,3.78260869565,2,0,3,0.12546641791,-0.5069828722,-0.247375626271,1,-1
2023,13,2023_13_CLE_LA,LA,CLE,11,64,0.53125,4.91286231884,4.70891037366,1,1,20,62,0.596774193548,7.54054054054,4.8,3,1,-2,0.0655241935484,2.6276782217,0.0910896263392,2,0
2023,13,2023_13_DEN_HOU,DEN,HOU,11,60,0.533333333333,7.49989709817,3.58476849238,1,1,24,56,0.464285714286,7.15384615385,3.93333333333,1,1,-4,-0.0690476190476,-0.346050944322,0.348564840956,0,0
2023,13,2023_13_DEN_HOU,HOU,DEN,11,60,0.533333333333,7.8345338547,5.10855448899,1,1,21,58,0.48275862069,10.4285714286,2.96666666667,1,1,-2,-0.0505747126437,2.59403757387,-2.14188782232,0,0
2023,13,2023_13_DET_NO,DET,NO,11,66,0.590909090909,6.84990763547,6.34404761905,2,2,26,55,0.454545454545,8.52,4.73333333333,2,2,-11,-0.136363636364,1.67009236453,-1.61071428571,0,0
2023,13,2023_13_DET_NO,NO,DET,11,66,0.590909090909,6.62561576355,4.46428571429,2,0,26,65,0.446153846154,9.20689655172,3.13888888889,1,3,-1,-0.144755244755,2.58128078818,-1.3253968254,-1,3
2023,13,2023_13_IND_TEN,IND,TEN,11,56,0.535714285714,7.37957393484,4.37614866245,1,1,22,65,0.646153846154,7.42857142857,2.39130434783,2,0,9,0.11043956044,0.0489974937343,-1.98484431462,1,-1
2023,13,2023_13_IND_TEN,TEN,IND,11,56,0.535714285714,6.21040100251,4.40392076782,1,0,16,75,0.44,6.78787878788,4.21428571429,1,2,19,-0.0957142857143,0.577477785373,-0.189635053531,0,2
2023,13,2023_13_KC_GB,GB,KC,11,61,0.590163934426,6.68578938585,4.50816075816,1,1,20,61,0.590163934426,7.41666666667,5.16,3,0,0,0,0.730877280819,0.651839241839,2,-1
2023,13,2023_13_KC_GB,KC,GB,11,61,0.590163934426,6.28946929239,5.48745173745,2,1,21,58,0.568965517241,6.36363636364,5.92,1,1,-3,-0.0211984171849,0.0741670712465,0.432548262548,-1,0
2023,13,2023_13_LAC_NE,LAC,NE,11,62,0.596774193548,6.68238993711,3.81722895513,1,0,20,61,0.606557377049,5.72972972973,1.20833333333,0,0,-1,0.00978318350079,-0.952660207377,-2.60889562179,-1,0
2023,13,2023_13_LAC_NE,NE,LAC,11,62,0.596774193548,6.09874213836,5.96175892565,1,1,18,57,0.438596491228,5.64,4.625,0,0,-5,-0.15817770232,-0.458742138365,-1.33675892565,-1,-1
2023,13,2023_13_MIA_WAS,MIA,WAS,11,65,0.615384615385,7.25056573473,4.48036737445,2,1,28,59,0.423728813559,11.32,3.61764705882,2,3,-6,-0.191655801825,4.06943426527,-0.862720315629,0,2
2023,13,2023_13_MIA_WAS,WAS,MIA,12,65,0.615384615385,6.34568216658,3.45483653522,1,0,19,51,0.450980392157,5.52173913043,4.92857142857,0,2,-14,-0.164404223228,-0.823943036147,1.47373489335,-1,2
2023,13,2023_13_SEA_DAL,DAL,SEA,11,61,0.622950819672,7.42183985605,4.74943438914,2,1,33,75,0.546666666667,7.29268292683,4,3,1,14,-0.0762841530055,-0.129156929221,-0.74943438914,1,0
2023,13,2023_13_SEA_DAL,SEA,DAL,11,61,0.622950819672,5.61819613135,4.13838612368,1,0,16,63,0.650793650794,8.14634146341,3.27272727273,3,2,2,0.0278428311215,2.52814533206,-0.865658850953,2,2
2023,13,2023_13_SF_PHI,PHI,SF,11,58,0.48275862069,7.33114035088,3.36255259467,1,1,22,66,0.727272727273,6.54166666667,2.55555555556,1,1,8,0.244514106583,-0.789473684211,-0.806997039115,0,0
2023,13,2023_13_SF_PHI,SF,PHI,11,58,0.48275862069,10.8790726817,4.55107526882,2,1,26,55,0.490909090909,11.6296296296,5.21428571429,4,2,-3,0.00815047021944,0.750556947925,0.663210445469,2,1
2023,14,2023_14_BUF_KC,BUF,KC,12,65,0.569230769231,6.6511676397,4.72596153846,2,1,24,70,0.6,5.54761904762,4.21428571429,1,1,5,0.0307692307692,-1.10354859208,-0.511675824176,-1,0
2023,14,2023_14_BUF_KC,KC,BUF,12,65,0.569230769231,5.52189324437,4.24679487179,2,1,21,61,0.704918032787,6.3023255814,4.55555555556,1,1,-4,0.135687263556,0.780432337025,0.308760683761,-1,0
2023,14,2023_14_CAR_NO,CAR,NO,12,62,0.548387096774,5.66978021978,5.03740577443,1,1,20,75,0.48,3.80555555556,5.23076923077,0,0,13,-0.0683870967742,-1.86422466422,0.193363456342,-1,-1
2023,14,2023_14_CAR_NO,NO,CAR,12,62,0.548387096774,6.89725274725,3.83295406059,1,1,23,51,0.509803921569,4.57692307692,3.88,2,1,-11,-0.0385831752056,-2.32032967033,0.0470459394112,1,0
2023,14,2023_14_DEN_LAC,DEN,LAC,12,59,0.559322033898,6.22299454227,5.31796375267,1,1,19,64,0.515625,6.78787878788,3.41935483871,2,1,5,-0.0436970338983,0.564884245607,-1.89860891396,1,0
2023,14,2023_14_DEN_LAC,LAC,DEN,12,59,0.559322033898,7.17938420348,4.18594527363,1,0,17,61,0.688524590164,6.54761904762,4,0,1,2,0.129202556266,-0.631765155862,-0.185945273632,-1,1
2023,14,2023_14_DET_CHI,CHI,DET,12,66,0.5,6.33085194376,4.3947139911,1,1,22,63,0.52380952381,6.75757575758,4.73333333333,1,2,-3,0.0238095238095,0.426723813821,0.338619342234,0,1
2023,14,2023_14_DET_CHI,DET,CHI,12,66,0.5,7.01287220844,3.4321068056,1,1,25,59,0.593220338983,4.6,5.83333333333,1,1,-7,0.0932203389831,-2.41287220844,2.40122652773,0,0
2023,14,2023_14_GB_NYG,GB,NYG,12,55,0.545454545455,9.55092592593,6.27486338798,2,1,25,64,0.609375,5.58974358974,4.92,1,1,9,0.0639204545455,-3.96118233618,-1.35486338798,-1,0
2023,14,2023_14_GB_NYG,NYG,GB,12,55,0.545454545455,7.06552706553,5.05114754098,2,0,18,55,0.381818181818,7.52380952381,6.14705882353,1,2,0,-0.163636363636,0.458282458282,1.09591128255,-1,2
2023,14,2023_14_HOU_NYJ,HOU,NYJ,12,58,0.637931034483,7.59258231595,5.64409408116,2,1,25,47,0.595744680851,3.39285714286,4.26315789474,0,1,-11,-0.0421863536317,-4.19972517309,-1.38093618642,-2,0
2023,14,2023_14_HOU_NYJ,NYJ,HOU,12,58,0.637931034483,6.22151313356,3.65830964073,1,0,15,62,0.58064516129,8.36111111111,3.03846153846,2,1,4,-0.0572858731924,2.13959797756,-0.619848102273,1,1
2023,14,2023_14_IND_CIN,CIN,IND,12,59,0.610169491525,6.65357545045,5.52398785425,1,1,21,57,0.438596491228,10.96,3.46875,2,2,-2,-0.171573000297,4.30642454955,-2.05523785425,1,1
2023,14,2023_14_IND_CIN,IND,CIN,12,59,0.610169491525,7.90470157658,4.77287449393,1,1,25,57,0.684210526316,6.15384615385,2.55555555556,1,0,-2,0.0740410347904,-1.75085542273,-2.21731893837,0,-1
2023,14,2023_14_JAX_CLE,CLE,JAX,12,67,0.582089552239,6.07147429059,3.77053209948,1,1,20,73,0.616438356164,6.91111111111,2.92857142857,3,1,6,0.0343488039256,0.83963682052,-0.841960670908,2,0
2023,14,2023_14_JAX_CLE,JAX,CLE,12,67,0.582089552239,6.35566460422,4.5713562753,1,2,25,70,0.714285714286,5.14,2.9,3,1,3,0.132196162047,-1.21566460422,-1.6713562753,2,-1
2023,14,2023_14_LA_BAL,BAL,LA,12,60,0.5,7.79183473903,3.89673202614,1,1,24,69,0.623188405797,7.3488372093,5.34615384615,3,0,9,0.123188405797,-0.442997529727,1.44942182001,2,-1
2023,14,2023_14_LA_BAL,LA,BAL,12,60,0.5,7.15297640875,4.75163398693,2,1,23,71,0.577464788732,7.17073170732,4.26666666667,3,0,11,0.0774647887324,0.0177552985651,-0.484967320261,1,-1
2023,14,2023_14_MIN_LV,LV,MIN,12,59,0.559322033898,6.90636254502,3.49336717982,1,0,17,49,0.65306122449,5.34375,3.29411764706,0,0,-10,0.0937391905915,-1.56261254502,-0.199249532764,-1,0
2023,14,2023_14_MIN_LV,MIN,LV,12,59,0.559322033898,7.78191276511,4.11226662299,1,1,20,66,0.545454545455,4.05555555556,4.4,0,0,7,-0.0138674884438,-3.72635720955,0.287733377006,-1,-1
2023,14,2023_14_NE_PIT,NE,PIT,12,60,0.5,5.80400992685,3.83888888889,0,1,11,53,0.528301886792,8.57142857143,3.24,3,0,-7,0.0283018867925,2.76741864457,-0.598888888889,3,-1
2023,14,2023_14_NE_PIT,PIT,NE,12,60,0.5,6.67535266458,3.32070707071,0,0,13,64,0.5625,5.27777777778,2.92857142857,1,1,4,0.0625,-1.3975748868,-0.392135642136,1,1
2023,14,2023_14_PHI_DAL,DAL,PHI,12,62,0.58064516129,7.76680562793,5.33322373829,3,1,35,71,0.549295774648,6.94871794872,4.3125,2,1,9,-0.0313493866424,-0.818087679213,-1.02072373829,-1,0
2023,14,2023_14_PHI_DAL,PHI,DAL,12,62,0.58064516129,6.60730415147,4.07570277823,1,2,23,51,0.549019607843,8.03571428571,4.60869565217,0,0,-11,-0.0316255534472,1.42841013425,0.532992873939,-1,-2
2023,14,2023_14_SEA_SF,SEA,SF,12,58,0.551724137931,7.93005354752,2.8801510989,1,1,18,51,0.607843137255,8.67741935484,3.5,2,0,-7,0.0561189993239,0.747365807315,0.619848901099,1,-1
2023,14,2023_14_SEA_SF,SF,SEA,12,58,0.551724137931,8.38810798751,5.38607486264,2,2,31,50,0.54,13.6296296296,7.52173913043,2,2,-8,-0.011724137931,5.24152164212,2.1356642678,0,0
2023,14,2023_14_TB_ATL,ATL,TB,12,60,0.5,6.40393374741,5.26379310345,1,2,22,66,0.606060606061,8.675,3.69230769231,1,2,6,0.106060606061,2.27106625259,-1.57148541114,0,0
2023,14,2023_14_TB_ATL,TB,ATL,12,60,0.5,8.63892339545,3.8848806366,1,1,20,66,0.439393939394,4.96551724138,4,2,1,6,-0.0606060606061,-3.67340615407,0.115119363395,1,0
2023,14,2023_14_TEN_MIA,MIA,TEN,12,60,0.516666666667,9.44967266776,3.60582293523,2,1,27,64,0.515625,7.27272727273,5.09677419355,0,2,4,-0.00104166666667,-2.17694539503,1.49095125831,-2,1
2023,14,2023_14_TEN_MIA,TEN,MIA,12,60,0.516666666667,6.70376432079,3.07819370172,1,1,16,67,0.567164179104,8.60526315789,2.86206896552,1,2,7,0.0504975124378,1.90149883711,-0.216124736206,0,1
2023,15,2023_15_ATL_CAR,ATL,CAR,13,64,0.484375,6.1952690167,3.50188590288,1,1,22,51,0.392156862745,7.6,1.67741935484,1,0,-13,-0.0922181372549,1.4047309833,-1.82446654804,0,-1
2023,15,2023_15_ATL_CAR,CAR,ATL,13,64,0.484375,6.35830241187,3.83418198963,0,1,15,60,0.4,6.95833333333,3.58333333333,0,0,-4,-0.084375,0.600030921459,-0.250848656294,0,-1
2023,15,2023_15_BAL_JAX,BAL,JAX,13,65,0.553846153846,7.53492632728,4.87268115942,2,1,29,66,0.363636363636,7.125,5.97619047619,1,1,1,-0.19020979021,-0.409926327278,1.10350931677,-1,0
2023,15,2023_15_BAL_JAX,JAX,BAL,13,65,0.553846153846,7.07499805099,3.30217391304,2,1,23,60,0.716666666667,6.13953488372,4.41176470588,1,0,-5,0.162820512821,-0.935463167265,1.10959079284,-1,-1
2023,15,2023_15_CHI_CLE,CHI,CLE,13,67,0.55223880597,5.83144545678,4.44314102564,1,1,25,67,0.597014925373,4.15,3.25925925926,1,0,0,0.044776119403,-1.68144545678,-1.18388176638,0,-1
2023,15,2023_15_CHI_CLE,CLE,CHI,13,67,0.55223880597,6.01071164738,3.41692307692,2,1,20,63,0.714285714286,8.42222222222,1.61111111111,2,0,-4,0.162046908316,2.41151057484,-1.80581196581,0,-1
2023,15,2023_15_DAL_BUF,BUF,DAL,13,69,0.565217391304,7.22282142857,3.68823000898,1,1,23,64,0.234375,6.26666666667,5.42857142857,1,3,-5,-0.330842391304,-0.956154761905,1.74034141959,0,2
2023,15,2023_15_DAL_BUF,DAL,BUF,13,69,0.565217391304,6.43432142857,3.78279424978,2,1,30,54,0.62962962963,3.94117647059,4.45,0,1,-15,0.0644122383253,-2.49314495798,0.667205750225,-2,0
2023,15,2023_15_DEN_DET,DEN,DET,13,61,0.508196721311,7.00225546059,4.10617647059,2,1,26,60,0.533333333333,6.96875,2.96428571429,1,1,-1,0.0251366120219,-0.0335054605888,-1.1418907563,-1,0
2023,15,2023_15_DEN_DET,DET,DEN,13,61,0.508196721311,8.0670702754,3.84235294118,1,1,20,62,0.548387096774,8.17647058824,6.60714285714,5,1,1,0.0401903754627,0.109400312832,2.76478991597,4,0
2023,15,2023_15_HOU_TEN,HOU,TEN,13,58,0.551724137931,7.52311155029,3.5740769835,1,1,21,68,0.529411764706,6.36111111111,4.625,1,0,10,-0.0223123732252,-1.16200043917,1.0509230165,0,-1
2023,15,2023_15_HOU_TEN,TEN,HOU,13,58,0.551724137931,8.34217171717,3.86410054988,1,1,22,56,0.464285714286,7.65384615385,2.2,0,1,-2,-0.0874384236453,-0.688325563326,-1.66410054988,-1,0
2023,15,2023_15_KC_NE,KC,NE,13,60,0.566666666667,6.91022727273,3.22537878788,1,1,17,58,0.655172413793,8.13157894737,2.15,3,0,-2,0.0885057471264,1.22135167464,-1.07537878788,2,-1
2023,15,2023_15_KC_NE,NE,KC,13,60,0.566666666667,6.37727272727,4.93939393939,1,1,15,47,0.659574468085,5.8064516129,3.25,1,1,-13,0.0929078014184,-0.57082111437,-1.68939393939,0,0
2023,15,2023_15_LAC_LV,LAC,LV,13,59,0.627118644068,6.45524656181,4.21889400922,1,1,14,60,0.533333333333,8.03125,3.28571428571,3,0,1,-0.0937853107345,1.57600343819,-0.933179723502,2,-1
2023,15,2023_15_LAC_LV,LV,LAC,13,59,0.627118644068,5.42755109794,5.55673963134,1,1,15,62,0.58064516129,7.22222222222,4.76923076923,5,2,3,-0.0464734827775,1.79467112428,-0.787508862106,4,1
2023,15,2023_15_MIN_CIN,CIN,MIN,13,59,0.559322033898,7.94611111111,3.29827417779,1,1,20,64,0.65625,7.71428571429,3.63636363636,2,1,5,0.0969279661017,-0.231825396825,0.338089458571,1,0
2023,15,2023_15_MIN_CIN,MIN,CIN,13,59,0.559322033898,7.42111111111,4.11348095083,1,1,19,64,0.53125,8.91176470588,4.76666666667,2,1,5,-0.0280720338983,1.49065359477,0.653185715836,1,0
2023,15,2023_15_NYG_NO,NO,NYG,13,55,0.527272727273,7.99439964158,5.09456928839,1,1,22,57,0.508771929825,7.51724137931,3.10714285714,3,0,2,-0.0185007974482,-0.477158262267,-1.98742643125,2,-1
2023,15,2023_15_NYG_NO,NYG,NO,13,55,0.527272727273,6.916890681,5.71083021223,1,1,20,54,0.703703703704,5,3.75,0,0,-1,0.176430976431,-1.916890681,-1.96083021223,-1,-1
2023,15,2023_15_NYJ_MIA,MIA,NYJ,13,60,0.566666666667,6.40137987013,4.96657023465,1,2,25,54,0.481481481481,8.76923076923,2.75,1,2,-6,-0.0851851851852,2.3678508991,-2.21657023465,0,0
2023,15,2023_15_NYJ_MIA,NYJ,MIA,13,60,0.566666666667,6.69480519481,2.61893281903,1,1,17,49,0.755102040816,3.67567567568,1.91666666667,0,0,-11,0.18843537415,-3.01912951913,-0.702266152363,-1,-1
2023,15,2023_15_PHI_SEA,PHI,SEA,13,58,0.586206896552,7.87751345228,6.10186997173,2,2,27,69,0.449275362319,4.61290322581,4.68421052632,0,2,11,-0.136931534233,-3.26461022647,-1.41765944542,-2,0
2023,15,2023_15_PHI_SEA,SEA,PHI,13,58,0.586206896552,8.27230246389,4.9555338117,2,1,27,57,0.578947368421,6.30303030303,4.16666666667,1,1,-1,-0.00725952813067,-1.96927216086,-0.788867145032,-1,0
2023,15,2023_15_PIT_IND,IND,PIT,13,62,0.548387096774,6.47848360656,3.273657289,1,1,20,62,0.451612903226,7.67857142857,5,3,0,0,-0.0967741935484,1.20008782201,1.726342711,2,-1
2023,15,2023_15_PIT_IND,PIT,IND,13,62,0.548387096774,6.26801571038,5.02046035806,1,1,19,50,0.52,6.61538461538,3.08333333333,1,1,-12,-0.0283870967742,0.347368905002,-1.93712702472,0,0
2023,15,2023_15_SF_ARI,ARI,SF,13,57,0.526315789474,7.62599039616,3.43223443223,1,1,16,69,0.565217391304,5.41025641026,7.8,1,2,12,0.0389016018307,-2.2157339859,4.36776556777,0,1
2023,15,2023_15_SF_ARI,SF,ARI,13,57,0.526315789474,9.0881152461,5.91117216117,2,1,28,54,0.518518518519,9.35714285714,5.53846153846,4,1,-3,-0.00779727095517,0.269027611044,-0.372710622711,2,0
2023,15,2023_15_TB_GB,GB,TB,13,60,0.566666666667,7.87824215058,4.79265873016,1,1,23,56,0.696428571429,7.28205128205,3.52941176471,2,0,-4,0.129761904762,-0.596190868532,-1.26324696545,1,-1
2023,15,2023_15_TB_GB,TB,GB,13,60,0.566666666667,6.33282579019,5.83829365079,2,1,22,55,0.509090909091,13.6071428571,3.66666666667,4,0,-5,-0.0575757575758,7.27431706695,-2.17162698413,2,-1
2023,15,2023_15_WAS_LA,LA,WAS,13,65,0.569230769231,7.4518983269,4.59611171961,3,1,33,70,0.471428571429,7.81818181818,5.2972972973,2,1,5,-0.0978021978022,0.366283491283,0.701185577692,-1,0
2023,15,2023_15_WAS_LA,WAS,LA,13,65,0.569230769231,6.76982786358,4.22898411829,1,1,19,57,0.631578947368,6.27777777778,3.7619047619,3,0,-8,0.0623481781377,-0.4920500858,-0.467079356387,2,-1
2023,16,2023_16_ARI_CHI,ARI,CHI,14,64,0.546875,6.15526762957,4.17654145996,1,1,19,58,0.655172413793,6.05263157895,4.65,2,0,-6,0.108297413793,-0.102636050619,0.473458540043,1,-1
2023,16,2023_16_ARI_CHI,CHI,ARI,14,64,0.546875,5.92276975361,5.07115520907,2,1,24,66,0.409090909091,6.2962962963,6.41025641026,1,2,2,-0.137784090909,0.373526542685,1.33910120118,-1,1
2023,16,2023_16_BAL_SF,BAL,SF,14,59,0.491525423729,8.19499876817,5.12224183583,1,1,24,61,0.573770491803,7.2,3.92307692308,2,1,2,0.0822450680745,-0.99499876817,-1.19916491276,1,0
2023,16,2023_16_BAL_SF,SF,BAL,14,59,0.491525423729,9.67023897512,4.40940612785,3,1,27,64,0.71875,7.30434782609,6.72222222222,1,1,5,0.227224576271,-2.36589114903,2.31281609437,-2,0
2023,16,2023_16_BUF_LAC,BUF,LAC,14,67,0.537313432836,5.89864864865,5.04231371133,2,1,28,51,0.411764705882,11.2857142857,3.5,1,2,-16,-0.125548726953,5.38706563707,-1.54231371133,-1,1
2023,16,2023_16_BUF_LAC,LAC,BUF,14,67,0.537313432836,6.15227727728,2.90869146503,1,1,16,60,0.55,6.51515151515,3.62962962963,0,1,-7,0.0126865671642,0.362874237874,0.7209381646,-1,0
2023,16,2023_16_CIN_PIT,CIN,PIT,14,59,0.542372881356,7.82833368667,4.45683912119,2,1,25,58,0.724137931034,7.97619047619,3.6875,1,0,-1,0.181765049679,0.147856789525,-0.769339121191,-1,-1
2023,16,2023_16_CIN_PIT,PIT,CIN,14,59,0.542372881356,7.15974136103,3.25230333097,1,1,18,57,0.473684210526,10.7407407407,3.76666666667,2,2,-2,-0.0686886708296,3.58099937971,0.514363335696,1,1
2023,16,2023_16_CLE_HOU,CLE,HOU,14,63,0.603174603175,7.25064892927,3.05823939882,2,1,21,74,0.594594594595,8.5,1.8,3,2,11,-0.00858000858001,1.24935107073,-1.25823939882,1,1
2023,16,2023_16_CLE_HOU,HOU,CLE,14,63,0.603174603175,5.96722907203,3.89049919485,1,1,21,65,0.753846153846,4.30612244898,4.5,2,0,2,0.150671550672,-1.66110662305,0.609500805153,1,-1
2023,16,2023_16_DAL_MIA,DAL,MIA,14,63,0.539682539683,6.59962406015,3.42229307327,1,1,22,57,0.561403508772,7.90625,3.88,2,0,-6,0.0217209690894,1.30662593985,0.457706926732,1,-1
2023,16,2023_16_DAL_MIA,MIA,DAL,14,63,0.539682539683,7.33427318296,4.50612653163,1,2,28,63,0.587301587302,7.91891891892,3.5,1,0,0,0.047619047619,0.584645735962,-1.00612653163,0,-2
2023,16,2023_16_DET_MIN,DET,MIN,14,61,0.55737704918,6.95828118481,4.49691162496,2,1,22,76,0.526315789474,6.425,3.97222222222,1,3,15,-0.0310612597066,-0.533281184814,-0.524689402738,-1,2
2023,16,2023_16_DET_MIN,MIN,DET,14,61,0.55737704918,6.90039632874,4.3207158695,1,1,20,47,0.765957446809,11.4166666667,1.54545454545,2,1,-14,0.208580397628,4.51627033792,-2.77526132404,1,0
2023,16,2023_16_GB_CAR,CAR,GB,14,63,0.539682539683,5.93343936765,5.54059975353,1,1,18,61,0.590163934426,8.66666666667,3.84,2,2,-2,0.0504813947437,2.73322729902,-1.70059975353,1,1
2023,16,2023_16_GB_CAR,GB,CAR,14,63,0.539682539683,5.97170811644,3.59900041079,2,1,22,62,0.451612903226,7.82142857143,4.76470588235,2,2,-1,-0.0880696364567,1.84972045498,1.16570547156,0,1
2023,16,2023_16_IND_ATL,ATL,IND,14,61,0.524590163934,6.63661288622,3.72102564103,1,1,20,63,0.52380952381,6.93939393939,5.9,1,1,2,-0.000780640124902,0.302781053176,2.17897435897,0,0
2023,16,2023_16_IND_ATL,IND,ATL,14,61,0.524590163934,6.53559000316,3.6693040293,1,0,20,62,0.596774193548,5.43243243243,3.68,0,1,1,0.072184029614,-1.10315757073,0.010695970696,-1,1
2023,16,2023_16_JAX_TB,JAX,TB,14,62,0.58064516129,7.89288231149,3.21581346424,1,1,23,57,0.771929824561,6.93181818182,2.84615384615,2,0,-5,0.191284663271,-0.961064129669,-0.369659618082,1,-1
2023,16,2023_16_JAX_TB,TB,JAX,14,62,0.58064516129,7.3668957012,5.98159186536,2,1,26,71,0.492957746479,8.08571428571,1.94444444444,2,1,9,-0.0876874148114,0.718818584516,-4.03714742091,0,0
2023,16,2023_16_LV_KC,KC,LV,14,58,0.620689655172,6.90118679051,4.38636363636,2,1,20,70,0.642857142857,5.46666666667,3.4,1,1,12,0.0221674876847,-1.43452012384,-0.986363636364,-1,0
2023,16,2023_16_LV_KC,LV,KC,14,58,0.620689655172,6.3108875129,4.66847041847,2,1,23,50,0.42,2.95238095238,5.41379310345,0,0,-8,-0.200689655172,-3.35850656052,0.745322684978,-2,-1
2023,16,2023_16_NE_DEN,DEN,NE,14,57,0.526315789474,7.71016483516,2.77951362167,1,1,18,60,0.616666666667,6.43243243243,3.60869565217,2,1,3,0.090350877193,-1.27773240273,0.829182030502,1,0
2023,16,2023_16_NE_DEN,NE,DEN,14,57,0.526315789474,7.98214285714,3.89094966908,2,1,18,54,0.611111111111,7.75757575758,2.80952380952,2,0,-3,0.0847953216374,-0.224567099567,-1.08142585955,0,-1
2023,16,2023_16_NO_LA,LA,NO,14,63,0.539682539683,6.95752895753,4.69394235467,2,1,24,66,0.515151515152,9.64705882353,4.15625,2,1,3,-0.024531024531,2.689529866,-0.537692354665,0,0
2023,16,2023_16_NO_LA,NO,LA,14,63,0.539682539683,7.18082368082,3.32614802149,2,1,24,56,0.714285714286,7.975,2.1875,3,0,-7,0.174603174603,0.794176319176,-1.13864802149,1,-1
2023,16,2023_16_NYG_PHI,NYG,PHI,14,56,0.553571428571,6.91394080997,4.79994496423,1,1,23,58,0.551724137931,5.875,4.07692307692,1,1,2,-0.00184729064039,-1.03894080997,-0.723021887304,0,0
2023,16,2023_16_NYG_PHI,PHI,NYG,14,56,0.553571428571,6.63334445928,4.67556411668,1,1,20,73,0.520547945205,7.92105263158,4.85714285714,1,2,17,-0.0330234833659,1.2877081723,0.181578740467,0,1
2023,16,2023_16_SEA_TEN,SEA,TEN,14,59,0.559322033898,7.88767795778,3.6204620462,1,1,23,56,0.642857142857,6.30555555556,2.9,2,0,-3,0.0835351089588,-1.58212240223,-0.720462046205,1,-1
2023,16,2023_16_SEA_TEN,TEN,SEA,14,59,0.559322033898,7.72312223859,5.30325532553,1,2,25,58,0.465517241379,6.07407407407,5.22580645161,1,1,-1,-0.093804792519,-1.64904816451,-0.0774488739197,0,-1
2023,16,2023_16_WAS_NYJ,NYJ,WAS,14,58,0.620689655172,7.16544214117,4.05816624896,2,1,25,85,0.576470588235,4.42857142857,4.55555555556,1,2,27,-0.0442190669371,-2.7368707126,0.4973893066,-1,1
2023,16,2023_16_WAS_NYJ,WAS,NYJ,14,58,0.620689655172,5.16990291262,4.10641186299,1,1,18,57,0.614035087719,4.45714285714,4.63636363636,1,3,-1,-0.00665456745312,-0.712760055479,0.529951773373,0,2
2023,17,2023_17_ARI_PHI,ARI,PHI,15,63,0.539682539683,6.3681443299,4.50189393939,1,1,25,71,0.43661971831,7.48387096774,5.525,3,1,8,-0.103062821373,1.11572663785,1.02310606061,2,0
2023,17,2023_17_ARI_PHI,PHI,ARI,15,63,0.539682539683,6.54345360825,5.34185606061,1,1,25,47,0.510638297872,7.66666666667,3.95652173913,3,0,-16,-0.0290442418102,1.12321305842,-1.38533432148,2,-1
2023,17,2023_17_ATL_CHI,ATL,CHI,15,63,0.492063492063,7.76397849462,3.23239942529,1,1,19,57,0.578947368421,5.45454545455,5.58333333333,1,1,-6,0.0868838763576,-2.30943304008,2.35093390805,0,0
2023,17,2023_17_ATL_CHI,CHI,ATL,15,63,0.492063492063,5.54768817204,4.62068965517,1,1,19,69,0.463768115942,8.375,5.18918918919,1,3,6,-0.0282953761215,2.82731182796,0.568499534017,0,2
2023,17,2023_17_CAR_JAX,CAR,JAX,15,64,0.59375,6.00030413625,6.175,1,1,21,47,0.68085106383,3.5,3.8,0,0,-17,0.0871010638298,-2.50030413625,-2.375,-1,-1
2023,17,2023_17_CAR_JAX,JAX,CAR,15,64,0.59375,5.56668187348,3.255,2,1,20,59,0.406779661017,7.41666666667,4.42857142857,0,2,-5,-0.186970338983,1.84998479319,1.17357142857,-2,1
2023,17,2023_17_CIN_KC,CIN,KC,15,60,0.633333333333,6.16473714868,4.38095238095,1,1,22,65,0.507692307692,5.9696969697,3.25,1,1,5,-0.125641025641,-0.195040178985,-1.13095238095,0,0
2023,17,2023_17_CIN_KC,KC,CIN,15,60,0.633333333333,7.09887869521,3.82380952381,2,1,22,51,0.56862745098,8.44827586207,6,1,0,-9,-0.0647058823529,1.34939716686,2.17619047619,-1,-1
2023,17,2023_17_DET_DAL,DAL,DET,15,63,0.571428571429,7.06452599388,3.4788961039,1,1,25,59,0.64406779661,9.07894736842,2.90476190476,2,0,-4,0.0726392251816,2.01442137454,-0.574134199134,1,-1
2023,17,2023_17_DET_DAL,DET,DAL,15,63,0.571428571429,6.10694626474,5.66558441558,1,1,25,66,0.530303030303,8.62857142857,4.03225806452,1,1,3,-0.0411255411255,2.52162516383,-1.63332635107,0,0
2023,17,2023_17_GB_MIN,GB,MIN,15,59,0.593220338983,6.94811320755,4.2345255745,1,1,22,73,0.465753424658,8.61764705882,4.53846153846,3,1,14,-0.127466914326,1.66953385128,0.303935963962,2,0
2023,17,2023_17_GB_MIN,MIN,GB,15,59,0.593220338983,8.07075471698,4.71423276501,2,1,22,48,0.666666666667,5.625,4.1875,1,0,-11,0.0734463276836,-2.44575471698,-0.526732765011,-1,-1
2023,17,2023_17_LAC_DEN,DEN,LAC,15,61,0.55737704918,6.72700201576,3.92205009888,2,1,27,65,0.492307692308,7,3.06060606061,1,0,4,-0.0650693568726,0.27299798424,-0.861444038273,-1,-1
2023,17,2023_17_LAC_DEN,LAC,DEN,15,61,0.55737704918,7.45634048012,3.74851680949,2,1,19,62,0.612903225806,5.78947368421,3.58333333333,0,0,1,0.0555261766261,-1.66686679591,-0.165183476159,-2,-1
2023,17,2023_17_LA_NYG,LA,NYG,15,61,0.540983606557,8.12352462352,4.80808080808,2,1,27,57,0.59649122807,9.32352941176,4.5652173913,1,3,-4,0.0555076215128,1.20000478824,-0.242863416776,-1,2
2023,17,2023_17_LA_NYG,NYG,LA,15,61,0.540983606557,6.93116605617,3.74488304094,2,1,22,61,0.672131147541,7.78048780488,5.25,1,1,0,0.131147540984,0.849321748712,1.50511695906,-1,0
2023,17,2023_17_LV_IND,IND,LV,15,58,0.586206896552,6.79991356958,4.14583333333,1,0,18,52,0.442307692308,9.73913043478,4.62068965517,1,1,-6,-0.143899204244,2.93921686521,0.474856321839,0,1
2023,17,2023_17_LV_IND,LV,IND,15,58,0.586206896552,6.01485522904,4.69092712843,2,1,25,72,0.652777777778,6.36170212766,3.36,2,0,14,0.0665708812261,0.346846898619,-1.33092712843,0,-1
2023,17,2023_17_MIA_BAL,BAL,MIA,15,63,0.507936507937,7.35171568627,3.81113892365,1,1,23,54,0.407407407407,15.4545454545,5,6,2,-9,-0.100529100529,8.10282976827,1.18886107635,5,1
2023,17,2023_17_MIA_BAL,MIA,BAL,15,63,0.507936507937,8.34589460784,3.64105131414,1,1,24,63,0.603174603175,6.23684210526,6.16,2,0,0,0.0952380952381,-2.10905250258,2.51894868586,1,-1
2023,17,2023_17_NE_BUF,BUF,NE,15,59,0.508474576271,7.62081939799,3.96246608381,2,1,23,67,0.44776119403,5.63333333333,3.43243243243,0,2,8,-0.0607133822413,-1.98748606466,-0.530033651378,-2,1
2023,17,2023_17_NE_BUF,NE,BUF,15,59,0.508474576271,7.64827201784,2.80539644257,1,1,18,50,0.52,8.03846153846,4.29166666667,0,2,-9,0.0115254237288,0.390189520624,1.4862702241,-1,1
2023,17,2023_17_NO_TB,NO,TB,15,59,0.525423728814,8.53958810069,2.55195652174,2,0,22,69,0.492753623188,6.11764705882,3.08571428571,2,0,10,-0.0326701056252,-2.42194104186,0.533757763975,0,0
2023,17,2023_17_NO_TB,TB,NO,15,59,0.525423728814,7.83867276888,4.4618115942,2,0,23,48,0.6875,9.36363636364,3.8,2,0,-11,0.162076271186,1.52496359476,-0.661811594203,0,0
2023,17,2023_17_NYJ_CLE,CLE,NYJ,15,66,0.651515151515,5.93326400783,2.84228307255,2,1,24,57,0.508771929825,10.6551724138,4.53571428571,3,1,-9,-0.142743221691,4.72190840596,1.69343121317,1,0
2023,17,2023_17_NYJ_CLE,NYJ,CLE,15,66,0.651515151515,5.04599951064,3.23150782361,1,1,21,66,0.681818181818,5.8,5.09523809524,1,0,0,0.030303030303,0.754000489356,1.86373027163,0,-1
2023,17,2023_17_PIT_SEA,PIT,SEA,15,56,0.553571428571,7.03792134831,5.64805640244,1,2,22,70,0.342857142857,11.4166666667,4.39130434783,0,3,14,-0.210714285714,4.37874531835,-1.25675205461,-1,1
2023,17,2023_17_PIT_SEA,SEA,PIT,15,56,0.553571428571,7.95820224719,3.67149390244,2,0,20,48,0.6875,8.78787878788,5.86666666667,1,1,-8,0.133928571429,0.829676540688,2.19517276423,-1,1
2023,17,2023_17_SF_WAS,SF,WAS,15,58,0.568965517241,8.81409311144,6.67006516712,2,2,33,67,0.417910447761,8.21428571429,4.71794871795,2,1,9,-0.15105506948,-0.599807397153,-1.95211644917,0,-1
2023,17,2023_17_SF_WAS,WAS,SF,15,58,0.568965517241,6.33120918475,5.27632961951,2,1,22,42,0.666666666667,6.03571428571,4.42857142857,1,0,-16,0.0977011494253,-0.295494899034,-0.847758190937,-1,-1
2023,17,2023_17_TEN_HOU,HOU,TEN,15,60,0.55,6.19143246134,4.26849087894,1,1,19,60,0.533333333333,6.65625,3.96428571429,1,0,0,-0.0166666666667,0.464817538656,-0.304205164653,0,-1
2023,17,2023_17_TEN_HOU,TEN,HOU,15,60,0.55,7.65846542838,3.21285240464,1,1,23,47,0.553191489362,7.07692307692,2.52380952381,0,0,-13,0.0031914893617,-0.581542351454,-0.689042880834,-1,-1
2023,18,2023_18_ATL_NO,ATL,NO,16,59,0.525423728814,7.27619101377,3.71757259866,1,1,17,59,0.576271186441,9.35294117647,3.12,2,0,0,0.0508474576271,2.0767501627,-0.59757259866,1,-1
2023,18,2023_18_ATL_NO,NO,ATL,16,59,0.525423728814,7.31417927297,3.88510796724,1,1,21,63,0.444444444444,9.42857142857,4.4,4,2,4,-0.0809792843691,2.1143921556,0.514892032762,3,1
2023,18,2023_18_BUF_MIA,BUF,MIA,16,62,0.467741935484,7.39678967897,3.91870362287,2,1,26,74,0.513513513514,9.44736842105,3.55555555556,2,0,12,0.0457715780296,2.05057874208,-0.363148067317,0,-1
2023,18,2023_18_BUF_MIA,MIA,BUF,16,62,0.467741935484,7.9797479748,3.28797468354,1,1,23,47,0.574468085106,6.40740740741,5.4,1,1,-15,0.106726149623,-1.57234056739,2.11202531646,0,0
2023,18,2023_18_CHI_GB,CHI,GB,16,65,0.523076923077,7.37228722872,4.02837108954,2,1,25,41,0.390243902439,9.25,3,0,0,-24,-0.132833020638,1.87771277128,-1.02837108954,-2,-1
2023,18,2023_18_CHI_GB,GB,CHI,16,65,0.523076923077,7.92544254425,3.45938511327,2,1,22,59,0.542372881356,9.875,4.59259259259,2,0,-6,0.019295958279,1.94955745575,1.13320747932,0,-1
2023,18,2023_18_CLE_CIN,CIN,CLE,16,64,0.609375,6.36150948863,3.49229323308,1,0,22,58,0.48275862069,6.28571428571,6.1,3,1,-6,-0.12661637931,-0.0757952029138,2.60770676692,2,1
2023,18,2023_18_CLE_CIN,CLE,CIN,16,64,0.609375,8.0811965812,4.1530075188,2,1,28,50,0.52,6.38461538462,4.33333333333,2,0,-14,-0.089375,-1.69658119658,0.180325814536,0,-1
2023,18,2023_18_DAL_WAS,DAL,WAS,16,57,0.614035087719,7.07983682984,6.64314194577,2,1,26,69,0.579710144928,7.725,4.51724137931,4,1,12,-0.0343249427918,0.645163170163,-2.12590056646,2,0
2023,18,2023_18_DAL_WAS,WAS,DAL,16,57,0.614035087719,6.09532828283,5.78309409888,1,1,21,45,0.622222222222,5.60714285714,2.94117647059,1,0,-12,0.00818713450292,-0.488185425685,-2.8419176283,0,-1
2023,18,2023_18_DEN_LV,DEN,LV,16,60,0.55,6.8862814166,3.53303571429,1,1,19,54,0.62962962963,8,2.4,1,1,-6,0.0796296296296,1.1137185834,-1.13303571429,0,0
2023,18,2023_18_DEN_LV,LV,DEN,16,60,0.55,6.7182501904,4.24553571429,2,0,26,63,0.507936507937,7.625,4.16129032258,2,1,3,-0.0420634920635,0.906749809596,-0.0842453917051,0,1
2023,18,2023_18_HOU_IND,HOU,IND,16,61,0.55737704918,6.76787101787,4.08104066986,1,0,22,54,0.481481481481,10.1538461538,2.14285714286,2,1,-7,-0.0758955676988,3.38597513598,-1.938183527,1,1
2023,18,2023_18_HOU_IND,IND,HOU,16,61,0.55737704918,6.87140637141,3.38815789474,1,1,20,61,0.393442622951,5.875,6.13513513514,0,1,0,-0.16393442623,-0.996406371406,2.7469772404,-1,0
2023,18,2023_18_JAX_TEN,JAX,TEN,16,59,0.559322033898,7.59904208005,3.98677298311,1,0,20,66,0.651515151515,6.51162790698,3.5652173913,2,0,7,0.0921931176168,-1.08741417308,-0.42155559181,1,0
2023,18,2023_18_JAX_TEN,TEN,JAX,16,59,0.559322033898,6.01157486601,4.62110694184,1,1,18,53,0.509433962264,6.22222222222,6.73076923077,2,2,-6,-0.0498880716342,0.210647356217,2.10966228893,1,1
2023,18,2023_18_KC_LAC,KC,LAC,16,60,0.6,7.07142857143,4.0289061024,2,1,26,58,0.51724137931,5.13333333333,4.39285714286,0,0,-2,-0.0827586206897,-1.9380952381,0.363951040458,-2,-1
2023,18,2023_18_KC_LAC,LAC,KC,16,60,0.6,5.31904472954,4.08265633856,1,1,17,77,0.61038961039,5.48936170213,3.93333333333,0,0,17,0.0103896103896,0.170316972585,-0.149323005227,-1,-1
2023,18,2023_18_LA_SF,LA,SF,16,62,0.548387096774,7.56833624539,4.75628601362,2,1,26,60,0.4,6.79166666667,3.02777777778,2,1,-2,-0.148387096774,-0.776669578723,-1.72850823584,0,0
2023,18,2023_18_LA_SF,SF,LA,16,62,0.548387096774,8.33605125218,3.89503666841,2,1,27,55,0.472727272727,7.26923076923,4.31034482759,1,2,-7,-0.0756598240469,-1.06682048295,0.415308159173,-1,1
2023,18,2023_18_MIN_DET,DET,MIN,16,60,0.583333333333,8.12376326677,5.89298245614,2,2,27,55,0.581818181818,10,3.04347826087,2,2,-5,-0.00151515151515,1.87623673323,-2.84950419527,0,0
2023,18,2023_18_MIN_DET,MIN,DET,16,60,0.583333333333,8.87317862925,2.83859649123,2,1,19,66,0.666666666667,9,4.04545454545,2,0,6,0.0833333333333,0.12682137075,1.20685805423,0,-1
2023,18,2023_18_NYJ_NE,NE,NYJ,16,59,0.610169491525,6.22837150127,3.971489665,1,2,23,51,0.588235294118,2.93333333333,4.19047619048,0,0,-8,-0.0219341974078,-3.29503816794,0.218986525473,-1,-2
2023,18,2023_18_NYJ_NE,NYJ,NE,16,59,0.610169491525,6.32128922816,4.20420527441,1,1,20,62,0.322580645161,3.5,4.40476190476,0,1,3,-0.287588846364,-2.82128922816,0.20055663035,-1,0
2023,18,2023_18_PHI_NYG,NYG,PHI,16,59,0.559322033898,6.51598372566,4.4094422043,1,1,24,64,0.53125,9.14705882353,3.63333333333,1,2,5,-0.0280720338983,2.63107509787,-0.776108870968,0,1
2023,18,2023_18_PHI_NYG,PHI,NYG,16,59,0.559322033898,7.14210985179,5.20581317204,1,2,25,60,0.6,5.63888888889,5.54166666667,1,0,1,0.0406779661017,-1.5032209629,0.335853494624,0,-2
2023,18,2023_18_PIT_BAL,BAL,PIT,16,61,0.459016393443,10.1644219978,4.15,2,1,29,53,0.528301886792,5.21428571429,4.24,1,0,-8,0.0692854933498,-4.95013628347,0.09,-1,-1
2023,18,2023_18_PIT_BAL,PIT,BAL,16,61,0.459016393443,9.94588744589,3.695,1,1,20,59,0.338983050847,7.6,3.97435897436,1,1,-2,-0.120033342595,-2.34588744589,0.279358974359,0,0
2023,18,2023_18_SEA_ARI,ARI,SEA,16,60,0.6,5.96377995643,7.63766478343,1,2,25,68,0.441176470588,8.73333333333,5.42105263158,1,1,8,-0.158823529412,2.76955337691,-2.21661215185,0,-1
2023,18,2023_18_SEA_ARI,SEA,ARI,16,60,0.6,6.40577342048,4.77919020716,2,1,27,53,0.528301886792,6.75,5.52,2,0,-7,-0.0716981132075,0.344226579521,0.740809792844,0,-1
2023,18,2023_18_TB_CAR,CAR,TB,16,59,0.542372881356,7.36299818841,3.169365722,1,0,16,47,0.382978723404,5.22222222222,4.51724137931,0,0,-12,-0.159394157952,-2.14077596618,1.34787565731,-1,0
2023,18,2023_18_TB_CAR,TB,CAR,16,59,0.542372881356,8.05140398551,3.87634952767,2,1,24,61,0.524590163934,4.28125,3.89655172414,0,0,2,-0.0177827174215,-3.77015398551,0.0202021964726,-2,-1
2023,19,2023_19_CLE_HOU,CLE,HOU,17,61,0.573770491803,7.55423392807,4.05724932249,2,1,24,66,0.69696969697,6.67391304348,2.8,1,1,5,0.123199205166,-0.880320884587,-1.25724932249,-1,0
2023,19,2023_19_CLE_HOU,HOU,CLE,17,61,0.573770491803,6.48768054376,3.89481707317,2,0,23,44,0.5,12.7272727273,3.45454545455,3,1,-17,-0.0737704918033,6.23959218352,-0.440271618625,1,1
2023,19,2023_19_GB_DAL,DAL,GB,17,63,0.555555555556,7.52698259188,3.11666666667,2,0,22,85,0.705882352941,6.71666666667,4.92,3,1,22,0.150326797386,-0.81031592521,1.80333333333,1,1
2023,19,2023_19_GB_DAL,GB,DAL,17,63,0.555555555556,7.82243713733,4.08833333333,2,1,22,54,0.388888888889,12.9523809524,4.33333333333,3,3,-9,-0.166666666667,5.12994381505,0.245,1,2
2023,19,2023_19_LA_DET,DET,LA,17,64,0.53125,8.60204185291,3.33382173382,2,1,25,52,0.519230769231,10.2592592593,3.16,1,2,-12,-0.0120192307692,1.65721740635,-0.173821733822,-1,1
2023,19,2023_19_LA_DET,LA,DET,17,64,0.53125,9.77448191792,2.83437118437,2,1,24,53,0.679245283019,10.1944444444,4,2,0,-11,0.147995283019,0.419962526525,1.16562881563,0,-1
2023,19,2023_19_MIA_KC,KC,MIA,17,59,0.576271186441,7.76762820513,4.9779342723,2,1,23,75,0.546666666667,6.39024390244,4.32352941176,1,1,16,-0.029604519774,-1.37738430269,-0.654404860536,-1,0
2023,19,2023_19_MIA_KC,MIA,KC,17,59,0.576271186441,5.93165535445,5.01258215962,1,0,19,57,0.684210526316,5.10256410256,4.22222222222,1,0,-2,0.107939339875,-0.829091251885,-0.790359937402,0,0
2023,19,2023_19_PHI_TB,PHI,TB,17,60,0.55,6.54520408163,4.12743902439,2,0,18,50,0.7,7.14285714286,2.8,1,0,-10,0.15,0.597653061224,-1.32743902439,-1,0
2023,19,2023_19_PHI_TB,TB,PHI,17,60,0.55,7.37459183673,4.15853658537,2,1,24,65,0.553846153846,9.36111111111,4.10344827586,3,0,5,0.00384615384615,1.98651927438,-0.0550883095038,1,-1
2023,19,2023_19_PIT_BUF,BUF,PIT,17,63,0.428571428571,9.72733027378,2.84757281553,1,1,21,64,0.46875,6.76666666667,5.26470588235,3,1,1,0.0401785714286,-2.96066360711,2.41713306682,2,0
2023,19,2023_19_PIT_BUF,PIT,BUF,17,63,0.428571428571,8.3961861054,3.54347826087,1,2,21,62,0.629032258065,5.87179487179,4.60869565217,2,0,-1,0.200460829493,-2.5243912336,1.0652173913,1,-2
2023,20,2023_20_GB_SF,GB,SF,18,61,0.508196721311,7.9832183908,3.82963354475,2,1,26,62,0.548387096774,5.70588235294,4.85714285714,2,0,1,0.0401903754627,-2.27733603786,1.02750931239,0,-1
2023,20,2023_20_GB_SF,SF,GB,17,61,0.508196721311,7.97614942529,3.83838383838,1,1,22,63,0.619047619048,6.46153846154,4.625,1,2,2,0.110850897736,-1.51461096375,0.786616161616,0,1
2023,20,2023_20_HOU_BAL,BAL,HOU,17,57,0.508771929825,8.29117647059,4.37071362373,2,1,24,64,0.34375,6.90909090909,5.45238095238,2,2,7,-0.165021929825,-1.3820855615,1.08166732866,0,1
2023,20,2023_20_HOU_BAL,HOU,BAL,18,57,0.508771929825,8.99595588235,4.17369477912,2,1,24,47,0.702127659574,5.30303030303,2.71428571429,0,0,-10,0.19335572975,-3.69292557932,-1.45940906483,-2,-1
2023,20,2023_20_KC_BUF,BUF,KC,18,64,0.5,6.99959183673,3.80184690699,1,1,20,78,0.5,4.76923076923,4.66666666667,1,2,14,0,-2.2303610675,0.86481975968,0,1
2023,20,2023_20_KC_BUF,KC,BUF,18,64,0.5,6.42234693878,3.87416555407,1,1,19,47,0.489361702128,9.34782608696,6.08333333333,2,1,-17,-0.0106382978723,2.92547914818,2.20916777926,1,0
2023,20,2023_20_TB_DET,DET,TB,18,59,0.559322033898,7.51458816094,3.65883474944,1,1,19,69,0.623188405797,6.67441860465,4.38461538462,2,2,10,0.0638663718988,-0.840169556293,0.725780635179,1,1
2023,20,2023_20_TB_DET,TB,DET,18,59,0.559322033898,9.76985464504,3.35919889024,2,0,21,56,0.732142857143,8.51219512195,5.93333333333,3,0,-3,0.172820823245,-1.25765952309,2.5741344431,1,0
2023,21,2023_21_DET_SF,DET,SF,19,61,0.540983606557,7.16129032258,3.4455052879,2,1,24,70,0.585714285714,6.65853658537,6.27586206897,1,3,9,0.0447306791569,-0.502753737215,2.83035678107,-1,2
2023,21,2023_21_DET_SF,SF,DET,18,61,0.540983606557,9.05850727388,3.94477085781,2,1,24,64,0.484375,8.61290322581,4.69696969697,1,3,3,-0.0566086065574,-0.445604048071,0.752198839155,-1,2
2023,21,2023_21_KC_BAL,BAL,KC,18,59,0.491525423729,7.85076832151,4.68604651163,2,1,24,53,0.698113207547,7.35135135135,5.0625,1,0,-6,0.206587783818,-0.499416970162,0.376453488372,-1,-1
2023,21,2023_21_KC_BAL,KC,BAL,19,59,0.491525423729,7.27304964539,4.17112990369,1,1,18,71,0.549295774648,6.17948717949,2.78125,1,1,12,0.0577703509191,-1.0935624659,-1.38987990369,0,0
2023,22,2023_22_SF_KC,KC,SF,20,62,0.532258064516,6.7666868932,4.60478036176,2,1,23,76,0.605263157895,7.23913043478,4.33333333333,2,0,14,0.0730050933786,0.472443541579,-0.271447028424,0,-1
2023,22,2023_22_SF_KC,SF,KC,19,62,0.532258064516,6.87682038835,4.15658914729,1,2,20,70,0.557142857143,7.07692307692,3.54838709677,2,0,8,0.0248847926267,0.200102688574,-0.608202050513,1,-2
2024,1,2024_01_ARI_BUF,ARI,BUF,17,67,0.492537313433,6.53974322666,4.30443737128,2,1,22,56,0.553571428571,5.22580645161,4.96,1,1,-11,0.0610341151386,-1.31393677505,0.655562628721,-1,0
2024,1,2024_01_ARI_BUF,BUF,ARI,19,67,0.492537313433,6.23775134523,4.68699681708,2,1,26,56,0.410714285714,10.0869565217,3.93939393939,2,2,-11,-0.0818230277186,3.84920517651,-0.747602877682,0,1
2024,1,2024_01_BAL_KC,BAL,KC,19,61,0.524590163934,6.67401021711,4.67462874755,1,1,20,73,0.561643835616,6.65853658537,5.78125,1,1,12,0.037053671682,-0.0154736317478,1.10662125245,0,0
2024,1,2024_01_BAL_KC,KC,BAL,21,61,0.524590163934,6.91714559387,3.82088820398,1,1,19,48,0.583333333333,10.3928571429,3.6,1,2,-13,0.0587431693989,3.47571154899,-0.220888203979,0,1
2024,1,2024_01_CAR_NO,CAR,NO,17,58,0.534482758621,7.693000456,3.61611054938,1,1,13,51,0.607843137255,5.1935483871,2.9,0,1,-7,0.0733603786342,-2.4994520689,-0.716110549376,-1,0
2024,1,2024_01_CAR_NO,NO,CAR,17,58,0.534482758621,6.98210214318,4.84268621503,2,1,26,61,0.393442622951,8.33333333333,4.86486486486,3,2,3,-0.14104013567,1.35123119015,0.0221786498328,1,1
2024,1,2024_01_DAL_CLE,CLE,DAL,18,64,0.609375,6.51983785335,4.11305555556,2,1,24,64,0.703125,3.75555555556,4.89473684211,1,1,0,0.09375,-2.76428229779,0.78168128655,-1,0
2024,1,2024_01_DAL_CLE,DAL,CLE,18,64,0.609375,7.37921509542,4.64166666667,3,1,28,57,0.561403508772,5.59375,4.08,1,1,-7,-0.0479714912281,-1.78546509542,-0.561666666667,-2,0
2024,1,2024_01_DEN_SEA,DEN,SEA,17,56,0.589285714286,7.1713542188,6.27631578947,1,1,20,67,0.626865671642,3.28571428571,3.96,0,1,11,0.0375799573561,-3.88563993308,-2.31631578947,-1,0
2024,1,2024_01_DEN_SEA,SEA,DEN,17,56,0.589285714286,7.1343208888,4.16929824561,1,0,21,58,0.431034482759,6.84,4.42424242424,1,2,2,-0.158251231527,-0.2943208888,0.254944178628,0,2
2024,1,2024_01_GB_PHI,GB,PHI,19,58,0.534482758621,9.12583182093,5.91074046921,2,1,30,56,0.625,7.42857142857,7.7619047619,2,1,-2,0.0905172413793,-1.69726039236,1.8511642927,0,0
2024,1,2024_01_GB_PHI,PHI,GB,18,58,0.534482758621,7.96757410768,3.9008431085,2,0,20,72,0.472222222222,8.17647058824,3.78947368421,2,2,14,-0.0622605363985,0.208896480552,-0.111369424294,0,2
2024,1,2024_01_HOU_IND,HOU,IND,19,55,0.545454545455,9.15255731922,3.12311126374,2,1,25,72,0.444444444444,7.3125,5.325,2,1,17,-0.10101010101,-1.84005731922,2.20188873626,0,0
2024,1,2024_01_HOU_IND,IND,HOU,17,55,0.545454545455,7.07275132275,6.48901098901,1,1,20,41,0.463414634146,11.1578947368,4.72727272727,2,2,-14,-0.0820399113082,4.08514341409,-1.76173826174,1,1
2024,1,2024_01_JAX_MIA,JAX,MIA,17,59,0.610169491525,8.05712924463,5.38195841717,2,1,24,47,0.446808510638,7.71428571429,4.92307692308,1,1,-12,-0.163360980887,-0.342843530344,-0.458881494093,-1,0
2024,1,2024_01_JAX_MIA,MIA,JAX,18,59,0.610169491525,5.46392065142,4.80930024592,1,1,18,62,0.596774193548,9.13513513514,3.24,1,1,3,-0.013395297977,3.67121448371,-1.56930024592,0,0
2024,1,2024_01_LA_DET,DET,LA,20,61,0.55737704918,7.94580218516,4.37664473684,1,2,25,59,0.474576271186,7.75,5.25806451613,1,2,-2,-0.0828007779939,-0.195802185164,0.881419779287,0,0
2024,1,2024_01_LA_DET,LA,DET,18,61,0.55737704918,8.93324707686,3.80526315789,2,1,25,72,0.680555555556,6.4693877551,3.60869565217,1,1,11,0.123178506375,-2.46385932176,-0.196567505721,-1,0
2024,1,2024_01_LV_LAC,LAC,LV,17,63,0.571428571429,6.64644067797,3.43478576616,1,1,15,53,0.490566037736,5.53846153846,6.51851851852,1,1,-10,-0.0808625336927,-1.1079791395,3.08373275236,0,0
2024,1,2024_01_LV_LAC,LV,LAC,17,63,0.571428571429,5.63093220339,4.20733478577,1,0,24,55,0.6,7.78787878788,3.22727272727,1,0,-8,0.0285714285714,2.15694658449,-0.980062058493,0,0
2024,1,2024_01_MIN_NYG,MIN,NYG,17,58,0.620689655172,8.24269859813,4.44951664876,1,1,20,50,0.48,8.66666666667,4.26923076923,2,1,-8,-0.140689655172,0.423968068536,-0.180285879534,1,0
2024,1,2024_01_MIN_NYG,NYG,MIN,17,58,0.620689655172,7.70635847797,6.08485499463,1,2,26,63,0.666666666667,4.42857142857,3.52380952381,0,0,5,0.0459770114943,-3.2777870494,-2.56104547082,-1,-2
2024,1,2024_01_NE_CIN,CIN,NE,17,56,0.571428571429,6.11666848478,5.21037296037,1,1,22,45,0.644444444444,5.65517241379,4.375,0,1,-11,0.0730158730159,-0.461496070989,-0.835372960373,-1,0
2024,1,2024_01_NE_CIN,NE,CIN,17,56,0.571428571429,6.50965419439,4.13111888112,1,1,20,63,0.380952380952,5.04166666667,4.35897435897,0,1,7,-0.190476190476,-1.46798752773,0.227855477855,-1,0
2024,1,2024_01_NYJ_SF,NYJ,SF,17,66,0.545454545455,6.07323354257,4.84848484848,1,1,22,48,0.604166666667,7,3.57894736842,2,1,-18,0.0587121212121,0.926766457428,-1.26953748006,1,0
2024,1,2024_01_NYJ_SF,SF,NYJ,20,66,0.545454545455,6.07222758732,3.73737373737,1,1,24,67,0.432835820896,7.96551724138,4.73684210526,0,2,1,-0.112618724559,1.89328965406,0.999468367889,-1,1
2024,1,2024_01_PIT_ATL,ATL,PIT,17,61,0.491803278689,7.48439759036,4.18887716831,2,1,21,48,0.541666666667,5.96153846154,4.04545454545,1,0,-13,0.0498633879781,-1.52285912882,-0.143422622853,-1,-1
2024,1,2024_01_PIT_ATL,PIT,ATL,18,61,0.491803278689,7.61078313253,4.91567041725,1,2,25,64,0.359375,6.78260869565,3.34146341463,0,0,3,-0.132428278689,-0.828174436878,-1.57420700262,-1,-2
2024,1,2024_01_TEN_CHI,CHI,TEN,17,57,0.473684210526,8.40666666667,4.16838029957,1,1,23,51,0.56862745098,3.20689655172,3.81818181818,0,0,-6,0.0949432404541,-5.19977011494,-0.350198481387,-1,-1
2024,1,2024_01_TEN_CHI,TEN,CHI,17,57,0.473684210526,8.065,4.23762376238,1,1,17,58,0.551724137931,3.96875,5.38461538462,1,1,1,0.0780399274047,-4.09625,1.14699162224,0,0
2024,1,2024_01_WAS_TB,TB,WAS,19,55,0.6,7.92907551164,6.71749806151,2,1,27,60,0.5,9.63333333333,3.73333333333,4,0,5,-0.1,1.70425782169,-2.98416472818,2,-1
2024,1,2024_01_WAS_TB,WAS,TB,17,55,0.6,5.5428470612,3.98462134919,1,1,15,54,0.444444444444,7.66666666667,4.6,0,3,-1,-0.155555555556,2.12381960547,0.615378650814,-1,2
2024,2,2024_02_ATL_PHI,ATL,PHI,18,58,0.551724137931,7.83456221198,4.65867934882,2,1,22,57,0.508771929825,8.31034482759,5.42857142857,2,0,-1,-0.0429522081065,0.475782615605,0.769892079751,0,-1
2024,2,2024_02_ATL_PHI,PHI,ATL,19,58,0.551724137931,7.17987711214,5.47283702213,1,1,25,67,0.44776119403,6.1,5.02702702703,1,1,9,-0.103962943901,-1.07987711214,-0.445809995106,0,0
2024,2,2024_02_BUF_MIA,BUF,MIA,20,62,0.532258064516,7.17597087379,5.51445043426,2,1,27,45,0.422222222222,7.31578947368,4.15384615385,1,2,-17,-0.110035842294,0.139818599898,-1.36060428042,-1,1
2024,2,2024_02_BUF_MIA,MIA,BUF,19,62,0.532258064516,6.74008020262,3.87675950883,1,1,19,73,0.534246575342,5.76923076923,4.08823529412,1,0,11,0.00198851082634,-0.970849433386,0.211475785283,0,-1
2024,2,2024_02_CHI_HOU,CHI,HOU,18,56,0.517857142857,7.16151664428,4.6484962406,1,1,23,59,0.627118644068,4.7027027027,3.22727272727,0,1,3,0.109261501211,-2.45881394157,-1.42122351333,-1,0
2024,2,2024_02_CHI_HOU,HOU,CHI,20,56,0.517857142857,8.0052246604,4.52036340852,2,1,22,58,0.620689655172,7.22222222222,3.40909090909,1,0,2,0.102832512315,-0.783002438175,-1.11127249943,-1,-1
2024,2,2024_02_CIN_KC,CIN,KC,18,61,0.573770491803,6.61607669617,4.58114446529,1,1,18,58,0.620689655172,7.16666666667,3.36363636364,2,0,-3,0.0469191633691,0.550589970501,-1.21750810165,1,-1
2024,2,2024_02_CIN_KC,KC,CIN,22,61,0.573770491803,6.78298918387,4.37695434647,1,1,22,57,0.438596491228,6.04,4.65625,2,0,-4,-0.135174000575,-0.742989183874,0.279295653533,1,-1
2024,2,2024_02_CLE_JAX,CLE,JAX,19,59,0.593220338983,6.25495337995,3.87103174603,1,1,19,63,0.539682539683,5.47058823529,4.31034482759,0,1,4,-0.0535377993005,-0.784365144659,0.439313081554,-1,0
2024,2,2024_02_CLE_JAX,JAX,CLE,18,59,0.593220338983,6.2364024864,5.0376984127,2,1,26,51,0.588235294118,7.33333333333,6.04761904762,0,1,-8,-0.0049850448654,1.09693084693,1.00992063492,-2,0
2024,2,2024_02_IND_GB,GB,IND,20,56,0.482142857143,10.0712121212,4.72353104213,2,1,27,67,0.208955223881,8.71428571429,4.92452830189,1,0,11,-0.273187633262,-1.35692640693,0.200997259758,-1,-1
2024,2,2024_02_IND_GB,IND,GB,18,56,0.482142857143,9.55454545455,4.94692350333,2,2,24,52,0.653846153846,6,7.77777777778,1,0,-4,0.171703296703,-3.55454545455,2.83085427445,-1,-2
2024,2,2024_02_LAC_CAR,CAR,LAC,18,57,0.561403508772,5.12579245913,3.74286265432,0,0,13,44,0.590909090909,3.23076923077,5,0,0,-13,0.0295055821372,-1.89502322836,1.25713734568,0,0
2024,2,2024_02_LAC_CAR,LAC,CAR,18,57,0.561403508772,5.98081414748,5.84567901235,1,1,21,64,0.3125,6.5,4.97727272727,2,1,7,-0.248903508772,0.519185852519,-0.868406285073,1,0
2024,2,2024_02_LA_ARI,ARI,LA,18,63,0.539682539683,6.69824491424,5.08923096576,1,2,25,61,0.344262295082,12.6666666667,5.775,3,1,-2,-0.195420244601,5.96842175243,0.685769034236,2,-1
2024,2,2024_02_LA_ARI,LA,ARI,19,63,0.539682539683,7.17336457918,3.45324476239,2,1,26,47,0.574468085106,8,2.65,0,1,-16,0.0347855454238,0.826635420822,-0.803244762391,-2,0
2024,2,2024_02_LV_BAL,BAL,LV,20,62,0.548387096774,6.34214285714,5.04487179487,1,1,21,61,0.55737704918,7.26470588235,5.59259259259,1,1,-1,0.00898995240613,0.92256302521,0.547720797721,0,0
2024,2,2024_02_LV_BAL,LV,BAL,18,62,0.548387096774,7.10642857143,2.92606837607,1,1,21,55,0.690909090909,7.26315789474,1.58823529412,1,1,-7,0.142521994135,0.156729323308,-1.33783308195,0,0
2024,2,2024_02_NO_DAL,DAL,NO,19,65,0.538461538462,7.95639534884,3.15503371584,2,1,23,63,0.666666666667,7.11904761905,3.2380952381,1,0,-2,0.128205128205,-0.83734772979,0.0830615222547,-1,-1
2024,2,2024_02_NO_DAL,NO,DAL,18,65,0.538461538462,6.17212825934,3.87554714303,2,1,30,55,0.290909090909,15.1875,4.87179487179,2,4,-10,-0.247552447552,9.01537174066,0.996247728769,0,3
2024,2,2024_02_NYG_WAS,NYG,WAS,18,55,0.6,8.66217948718,5.52816901408,2,1,26,50,0.56,6.35714285714,5.86363636364,2,1,-5,-0.04,-2.30503663004,0.335467349552,0,0
2024,2,2024_02_NYG_WAS,WAS,NYG,18,55,0.6,6.29861111111,4.50692680674,1,1,19,64,0.453125,7.79310344828,6.14285714286,0,0,9,-0.146875,1.49449233716,1.63593033612,-1,-1
2024,2,2024_02_NYJ_TEN,NYJ,TEN,18,57,0.543859649123,6.28748435544,4.09238222519,1,0,20,54,0.555555555556,5.86666666667,4.20833333333,2,1,-3,0.0116959064327,-0.420817688778,0.115951108141,1,1
2024,2,2024_02_NYJ_TEN,TEN,NYJ,18,57,0.543859649123,6.15807259074,4.92908453057,1,1,21,56,0.5,6.85714285714,4.64285714286,1,1,-1,-0.0438596491228,0.699070266404,-0.286227387714,0,0
2024,2,2024_02_PIT_DEN,DEN,PIT,18,62,0.516129032258,6.00835591689,3.40527757033,1,1,17,54,0.648148148148,7.02857142857,3.36842105263,0,0,-8,0.13201911589,1.02021551168,-0.0368565176945,-1,-1
2024,2,2024_02_PIT_DEN,PIT,DEN,19,62,0.516129032258,6.21420505872,4.24614139905,1,1,22,56,0.357142857143,5.85,3.91666666667,1,0,-6,-0.158986175115,-0.364205058717,-0.329474732387,0,-1
2024,2,2024_02_SEA_NE,NE,SEA,18,54,0.537037037037,6.53110465116,5.62141226354,0,1,19,63,0.428571428571,5.51851851852,5.13888888889,1,1,9,-0.108465608466,-1.01258613264,-0.482523374647,1,0
2024,2,2024_02_SEA_NE,SEA,NE,18,54,0.537037037037,6.29781976744,4.82175472929,1,1,21,63,0.698412698413,7.43181818182,2.42105263158,1,1,9,0.161375661376,1.13399841438,-2.40070209771,0,0
2024,2,2024_02_SF_MIN,MIN,SF,18,60,0.55,8.00585858586,3.94868259804,2,1,22,50,0.52,10.3076923077,6.08333333333,2,0,-10,-0.03,2.30183372183,2.13465073529,0,-1
2024,2,2024_02_SF_MIN,SF,MIN,21,60,0.55,7.90409090909,4.68918504902,1,1,26,61,0.590163934426,8.86111111111,4.08,1,1,1,0.0401639344262,0.95702020202,-0.60918504902,0,0
2024,2,2024_02_TB_DET,DET,TB,21,61,0.573770491803,6.8379088785,4.65509113765,1,2,24,83,0.674698795181,5.78571428571,5.14814814815,0,1,22,0.100928303377,-1.05219459279,0.493057010499,-1,-1
2024,2,2024_02_TB_DET,TB,DET,20,61,0.573770491803,8.72125333778,4.06332495286,2,1,26,42,0.452380952381,9.73684210526,3.04347826087,1,1,-19,-0.121389539422,1.01558876748,-1.01984669199,-1,0
2024,3,2024_03_BAL_DAL,BAL,DAL,21,65,0.6,6.08795309168,5.78,1,2,25,60,0.25,12.1333333333,6.08888888889,1,3,-5,-0.35,6.04538024165,0.308888888889,0,1
2024,3,2024_03_BAL_DAL,DAL,BAL,20,65,0.6,6.89445628998,3.31671361502,1,1,25,67,0.761194029851,7.43137254902,3.1875,2,1,2,0.161194029851,0.536916259041,-0.129213615023,1,0
2024,3,2024_03_CAR_LV,CAR,LV,19,54,0.574074074074,5.47844660194,4.76066098081,0,1,13,68,0.544117647059,8.62162162162,4.22580645161,3,1,14,-0.0299564270153,3.14317501968,-0.534854529197,3,0
2024,3,2024_03_CAR_LV,LV,CAR,19,54,0.574074074074,6.88517799353,5.44232409382,2,1,24,56,0.714285714286,7.4,3.4375,2,1,2,0.140211640212,0.514822006472,-2.00482409382,0,0
2024,3,2024_03_CHI_IND,CHI,IND,19,53,0.509433962264,6.55646183085,5.1341991342,1,1,21,80,0.65,6.98076923077,2.25,2,0,27,0.140566037736,0.424307399917,-2.8841991342,1,-1
2024,3,2024_03_CHI_IND,IND,CHI,19,53,0.509433962264,7.90346848274,5.51496329757,1,1,18,53,0.377358490566,8.35,4.54545454545,0,3,0,-0.132075471698,0.446531517263,-0.969508752117,-1,2
2024,3,2024_03_DEN_TB,DEN,TB,19,57,0.59649122807,7.37162162162,4.5234375,1,1,17,64,0.5625,6,4.85714285714,0,2,7,-0.0339912280702,-1.37162162162,0.333705357143,-1,1
2024,3,2024_03_DEN_TB,TB,DEN,21,57,0.59649122807,6.96861861862,5.24264705882,2,1,23,49,0.673469387755,4.93939393939,5.6875,1,0,-8,0.0769781596849,-2.02922467922,0.444852941176,-1,-1
2024,3,2024_03_DET_ARI,ARI,DET,19,65,0.523076923077,7.28331707317,4.4934159134,1,1,27,52,0.653846153846,6.08823529412,4.27777777778,1,0,-13,0.130769230769,-1.19508177905,-0.215638135625,0,-1
2024,3,2024_03_DET_ARI,DET,ARI,22,65,0.523076923077,7.14014634146,4.33986162259,1,2,24,66,0.348484848485,8.65217391304,4.3488372093,2,1,1,-0.174592074592,1.51202757158,0.00897558671556,1,-1
2024,3,2024_03_GB_TEN,GB,TEN,21,58,0.48275862069,6.62505193187,4.41384803922,1,0,23,56,0.339285714286,10.6315789474,5.08108108108,1,1,-2,-0.143472906404,4.0065270155,0.667233041865,0,1
2024,3,2024_03_GB_TEN,TEN,GB,19,58,0.48275862069,7.2205373217,4.7175245098,1,1,20,45,0.755555555556,7.64705882353,3,2,0,-13,0.272796934866,0.426521501829,-1.7175245098,1,-1
2024,3,2024_03_HOU_MIN,HOU,MIN,21,55,0.581818181818,7.70017906046,3.85307017544,1,1,21,58,0.758620689655,6.97727272727,2.71428571429,1,0,3,0.176802507837,-0.722906333187,-1.13878446115,0,-1
2024,3,2024_03_HOU_MIN,MIN,HOU,19,55,0.581818181818,7.30166420897,5.06067251462,2,1,23,56,0.5,6.46428571429,4.21428571429,4,0,1,-0.0818181818182,-0.837378494688,-0.846386800334,2,-1
2024,3,2024_03_JAX_BUF,BUF,JAX,21,58,0.51724137931,7.11912266877,4.86428571429,1,2,25,60,0.516666666667,8.58064516129,4.20689655172,4,2,2,-0.000574712643678,1.46152249252,-0.657389162562,3,0
2024,3,2024_03_JAX_BUF,JAX,BUF,19,58,0.51724137931,7.23732597846,4.49387755102,1,1,19,63,0.730158730159,4.34782608696,5.41176470588,1,0,5,0.212917350848,-2.8894998915,0.917887154862,0,-1
2024,3,2024_03_KC_ATL,ATL,KC,19,58,0.534482758621,8.08699353081,4.37666666667,2,0,19,54,0.537037037037,7.93103448276,3.28,1,1,-4,0.00255427841635,-0.155959048055,-1.09666666667,-1,1
2024,3,2024_03_KC_ATL,KC,ATL,23,58,0.534482758621,7.30178186358,5.32024390244,2,1,27,72,0.541666666667,5.5641025641,3.87878787879,2,0,14,0.00718390804598,-1.73767929948,-1.44145602365,0,-1
2024,3,2024_03_LAC_PIT,LAC,PIT,19,63,0.460317460317,6.54314188303,4.1996039604,1,1,17,40,0.5,7.45,3.05,1,0,-23,0.0396825396825,0.906858116968,-1.1496039604,0,-1
2024,3,2024_03_LAC_PIT,PIT,LAC,20,63,0.460317460317,5.72226593234,3.32594059406,1,0,14,63,0.507936507937,7.65625,3.67741935484,1,1,0,0.047619047619,1.93398406766,0.351478760779,0,1
2024,3,2024_03_MIA_SEA,MIA,SEA,20,60,0.583333333333,6.14294038548,5.1038961039,1,1,17,50,0.64,5.8125,3.61111111111,0,0,-10,0.0566666666667,-0.330440385477,-1.49278499278,-1,-1
2024,3,2024_03_MIA_SEA,SEA,MIA,19,60,0.583333333333,5.98906320036,4.62987012987,1,1,25,57,0.59649122807,8.5,4.34782608696,1,2,-3,0.0131578947368,2.51093679964,-0.282044042914,0,1
2024,3,2024_03_NE_NYJ,NE,NYJ,19,58,0.5,5.4440537584,4.64846813725,0,1,18,41,0.634146341463,4.61538461538,5.2,0,0,-17,0.134146341463,-0.828669143015,0.551531862745,0,-1
2024,3,2024_03_NE_NYJ,NYJ,NE,19,58,0.5,6.30473511486,3.65006127451,1,1,20,68,0.514705882353,8.02857142857,4.0303030303,2,1,10,0.0147058823529,1.72383631371,0.380241755793,1,0
2024,3,2024_03_NYG_CLE,CLE,NYG,20,61,0.606557377049,5.7105,5.15854149879,1,1,20,55,0.672727272727,5.2972972973,3.83333333333,2,0,-6,0.0661698956781,-0.413202702703,-1.32520816546,1,-1
2024,3,2024_03_NYG_CLE,NYG,CLE,19,61,0.606557377049,5.96119230769,4.37963336019,1,1,24,67,0.522388059701,6.74285714286,3.5,2,1,6,-0.0841693173477,0.781664835165,-0.879633360193,1,0
2024,3,2024_03_PHI_NO,NO,PHI,19,61,0.475409836066,9.43085264409,4.77147147147,3,1,35,54,0.462962962963,5.68,3.06896551724,1,0,-7,-0.0124468731026,-3.75085264409,-1.70250595423,-2,-1
2024,3,2024_03_PHI_NO,PHI,NO,20,61,0.475409836066,9.3114973262,2.98558558559,1,1,19,63,0.603174603175,8.18421052632,6.88,0,2,2,0.127764767109,-1.12728679989,3.89441441441,-1,1
2024,3,2024_03_SF_LA,LA,SF,20,62,0.58064516129,7.88324175824,3.52978723404,2,1,21,52,0.5,8.5,3.76923076923,1,2,-10,-0.0806451612903,0.616758241758,0.239443535188,-1,1
2024,3,2024_03_SF_LA,SF,LA,22,62,0.58064516129,7.36401098901,6.02677304965,1,1,27,64,0.46875,9.73333333333,4.02941176471,3,0,2,-0.11189516129,2.36932234432,-1.99736128494,2,-1
2024,3,2024_03_WAS_CIN,CIN,WAS,19,54,0.555555555556,8.00517722023,4.67270444763,3,1,25,58,0.655172413793,8.52631578947,6.2,3,1,4,0.0996168582375,0.521138569243,1.52729555237,0,0
2024,3,2024_03_WAS_CIN,WAS,CIN,19,54,0.555555555556,5.85483870968,5.56761119082,1,1,19,55,0.418181818182,11.0434782609,3.375,2,3,1,-0.137373737374,5.18863955119,-2.19261119082,1,2
2024,4,2024_04_BUF_BAL,BAL,BUF,22,60,0.466666666667,7.92054794521,4.94973776224,1,1,20,53,0.358490566038,8.26315789474,7.97058823529,2,2,-7,-0.108176100629,0.342609949531,3.02085047306,1,1
2024,4,2024_04_BUF_BAL,BUF,BAL,22,60,0.466666666667,9.61856925419,2.76660839161,2,2,29,54,0.574074074074,5.87096774194,3.52173913043,0,1,-6,0.107407407407,-3.74760151225,0.755130738826,-2,-1
2024,4,2024_04_CIN_CAR,CAR,CIN,20,54,0.592592592593,5.55339805825,5.70277361319,1,1,19,70,0.585714285714,5.36585365854,5.34482758621,2,1,16,-0.00687830687831,-0.187544399716,-0.357946026987,1,0
2024,4,2024_04_CIN_CAR,CIN,CAR,20,54,0.592592592593,6.95114645734,5.60019990005,2,1,26,62,0.5,7.48387096774,4.54838709677,2,2,8,-0.0925925925926,0.532724510398,-1.05181280328,0,1
2024,4,2024_04_CLE_LV,CLE,LV,21,59,0.64406779661,5.5731981982,6.33787878788,1,1,21,54,0.592592592593,5.5,4.18181818182,1,0,-5,-0.0514752040176,-0.0731981981982,-2.15606060606,0,-1
2024,4,2024_04_CLE_LV,LV,CLE,20,59,0.64406779661,6.47130319975,3.97424242424,1,1,23,53,0.452830188679,5.41666666667,5.24137931034,0,2,-6,-0.191237607931,-1.05463653308,1.2671368861,-1,1
2024,4,2024_04_DAL_NYG,DAL,NYG,21,63,0.619047619048,6.428,4.41559139785,1,1,24,50,0.54,8.18518518519,3.47826086957,2,0,-13,-0.0790476190476,1.75718518519,-0.937330528284,1,-1
2024,4,2024_04_DAL_NYG,NYG,DAL,20,63,0.619047619048,5.23314285714,6.59193548387,1,2,23,64,0.625,7.025,1.08333333333,0,0,1,0.00595238095238,1.79185714286,-5.50860215054,-1,-2
2024,4,2024_04_DEN_NYJ,DEN,NYJ,20,60,0.566666666667,5.54316512898,4.62902046784,0,1,17,56,0.446428571429,2.4,4.06451612903,1,0,-4,-0.120238095238,-3.14316512898,-0.564504338804,1,-1
2024,4,2024_04_DEN_NYJ,NYJ,DEN,20,60,0.566666666667,5.50621351911,4.61184210526,2,1,19,65,0.646153846154,5.35714285714,2.78260869565,0,0,5,0.0794871794872,-0.149070661968,-1.82923340961,-2,-1
2024,4,2024_04_JAX_HOU,HOU,JAX,22,57,0.59649122807,7.6480578056,4.70723684211,1,1,23,66,0.606060606061,8.625,3.88461538462,2,1,9,0.00956937799043,0.976942194404,-0.82262145749,1,0
2024,4,2024_04_JAX_HOU,JAX,HOU,20,57,0.59649122807,5.53125,4.63856907895,1,1,20,57,0.578947368421,5.12121212121,6.58333333333,2,0,0,-0.0175438596491,-0.410037878788,1.94476425439,1,-1
2024,4,2024_04_KC_LAC,KC,LAC,24,59,0.508474576271,8.02091567852,3.56393018746,1,1,18,55,0.527272727273,8.44827586207,3.88461538462,1,1,-4,0.0187981510015,0.427360183545,0.320685197156,0,0
2024,4,2024_04_KC_LAC,LAC,KC,20,59,0.508474576271,7.34041501976,4.51137685844,2,1,19,51,0.529411764706,6.62962962963,2.29166666667,1,0,-8,0.0209371884347,-0.710785390133,-2.21971019177,-1,-1
2024,4,2024_04_LA_CHI,CHI,LA,20,59,0.576271186441,6.46851113327,5.36171497585,1,1,24,51,0.450980392157,6.82608695652,4.67857142857,1,2,-8,-0.125290794284,0.357575823255,-0.683143547274,0,1
2024,4,2024_04_LA_CHI,LA,CHI,21,59,0.576271186441,6.04353605849,4.23037439614,1,1,19,55,0.527272727273,7.72413793103,4.57692307692,0,1,-4,-0.048998459168,1.68060187254,0.346548680788,-1,0
2024,4,2024_04_MIN_GB,GB,MIN,22,56,0.464285714286,9.49924585219,4.12855162855,1,0,21,73,0.739726027397,7.2037037037,4.52631578947,4,0,17,0.275440313112,-2.29554214848,0.397764160922,3,0
2024,4,2024_04_MIN_GB,MIN,GB,20,56,0.464285714286,9.66742081448,3.83177408177,2,0,23,62,0.451612903226,9.82142857143,3.52941176471,3,1,6,-0.0126728110599,0.154007756949,-0.302362317068,1,1
2024,4,2024_04_NE_SF,NE,SF,20,60,0.5,6.17457279563,4.01380297824,1,1,18,56,0.571428571429,5.25,3.04166666667,1,0,-4,0.0714285714286,-0.924572795625,-0.972136311569,0,-1
2024,4,2024_04_NE_SF,SF,NE,23,60,0.5,9.44456596036,3.54312714777,1,1,22,59,0.457627118644,10.6666666667,4.625,1,1,-1,-0.0423728813559,1.22210070631,1.08187285223,0,0
2024,4,2024_04_NO_ATL,ATL,NO,20,56,0.464285714286,9.65695970696,3.57238095238,1,1,16,50,0.7,6.8,5.86666666667,0,0,-6,0.235714285714,-2.85695970696,2.29428571429,-1,-1
2024,4,2024_04_NO_ATL,NO,ATL,20,56,0.464285714286,7.80952380952,5.19238095238,2,1,30,69,0.521739130435,6.63888888889,3.9696969697,0,3,13,0.0574534161491,-1.17063492063,-1.22268398268,-2,2
2024,4,2024_04_PHI_TB,PHI,TB,21,59,0.542372881356,8.19894787183,5.50275362319,0,2,21,50,0.6,5.26666666667,5.65,1,1,-9,0.0576271186441,-2.93228120516,0.147246376812,1,-1
2024,4,2024_04_PHI_TB,TB,PHI,22,59,0.542372881356,7.03610712578,3.99826086957,2,0,23,72,0.652777777778,7.3829787234,4.44,2,2,13,0.110404896422,0.346871597627,0.441739130435,0,2
2024,4,2024_04_PIT_IND,IND,PIT,20,56,0.446428571429,7.6598173516,3.68937087773,1,1,15,62,0.483870967742,7.96666666667,4.15625,2,1,6,0.0374423963134,0.306849315068,0.466879122273,1,0
2024,4,2024_04_PIT_IND,PIT,IND,21,56,0.446428571429,8.37799086758,5.4928970066,1,0,19,64,0.53125,9.17647058824,4.06666666667,1,2,8,0.0848214285714,0.798479720655,-1.42623033993,0,2
2024,4,2024_04_SEA_DET,DET,SEA,23,63,0.555555555556,5.75406043009,4.74745874587,1,1,20,47,0.404255319149,15.7368421053,4.14285714286,3,3,-16,-0.151300236407,9.98278167518,-0.604601603017,2,2
2024,4,2024_04_SEA_DET,SEA,DET,20,63,0.555555555556,7.13347246166,3.08528052805,1,1,22,75,0.746666666667,7.05357142857,7,1,3,12,0.191111111111,-0.0799010330927,3.91471947195,0,2
2024,4,2024_04_TEN_MIA,MIA,TEN,21,56,0.589285714286,5.97291174153,4.71988011988,1,1,18,52,0.423076923077,4.36363636364,3.53333333333,0,1,-4,-0.166208791209,-1.60927537789,-1.18654678655,-1,0
2024,4,2024_04_TEN_MIA,TEN,MIA,20,56,0.589285714286,5.81126871552,4.51258741259,1,1,20,61,0.344262295082,5.2380952381,3.55,0,2,5,-0.245023419204,-0.573173477429,-0.962587412587,-1,1
2024,4,2024_04_WAS_ARI,ARI,WAS,20,57,0.491228070175,8.89580783354,4.48385293752,2,1,29,54,0.407407407407,6.45454545455,5.65625,1,1,-3,-0.083820662768,-2.44126237899,1.17239706248,-1,0
2024,4,2024_04_WAS_ARI,WAS,ARI,20,57,0.491228070175,8.13004895961,4.60520432244,1,2,23,67,0.44776119403,7.76666666667,5.83783783784,1,4,10,-0.0434668761456,-0.363382292942,1.23263351539,0,2
2024,5,2024_05_ARI_SF,ARI,SF,21,60,0.483333333333,7.52576455802,4.45842490842,2,1,22,56,0.535714285714,6.5,6.5,1,1,-4,0.052380952381,-1.02576455802,2.04157509158,-1,0
2024,5,2024_05_ARI_SF,SF,ARI,24,60,0.483333333333,9.04112554113,4.65970695971,1,1,25,61,0.573770491803,6.97142857143,5.88461538462,1,0,1,0.0904371584699,-2.0696969697,1.22490842491,0,-1
2024,5,2024_05_BAL_CIN,BAL,CIN,23,58,0.51724137931,7.2850140056,6.10493667614,2,2,26,76,0.552631578947,8.28571428571,5.14705882353,4,1,18,0.035390199637,1.00070028011,-0.957877852614,2,-1
2024,5,2024_05_BAL_CIN,CIN,BAL,21,58,0.51724137931,10.0306022409,3.07191780822,2,1,25,62,0.629032258065,10.0512820513,3.08695652174,5,0,4,0.111790878754,0.0206798103857,0.01503871352,3,-1
2024,5,2024_05_BUF_HOU,BUF,HOU,23,58,0.568965517241,5.80679012346,4.79197684036,2,1,27,58,0.51724137931,4.36666666667,5.35714285714,1,1,0,-0.051724137931,-1.44012345679,0.565166016779,-1,0
2024,5,2024_05_BUF_HOU,HOU,BUF,23,58,0.568965517241,7.39259259259,4.94375516956,1,1,19,66,0.575757575758,8.71052631579,3.35714285714,1,1,8,0.0067920585162,1.3179337232,-1.58661231242,0,0
2024,5,2024_05_CAR_CHI,CAR,CHI,21,59,0.559322033898,5.90144230769,4.61538461538,1,1,18,54,0.648148148148,5.54285714286,6.31578947368,0,1,-5,0.0888261142498,-0.358585164835,1.7004048583,-1,0
2024,5,2024_05_CAR_CHI,CHI,CAR,21,59,0.559322033898,6.26167582418,4.35897435897,1,1,22,68,0.426470588235,10.4827586207,3.28205128205,2,3,9,-0.132851445663,4.22108279651,-1.07692307692,1,2
2024,5,2024_05_CLE_WAS,CLE,WAS,22,59,0.542372881356,6.63556713237,4.15900222965,2,1,20,52,0.557692307692,4.86206896552,4.52173913043,1,0,-7,0.0153194263364,-1.77349816685,0.36273690078,-1,-1
2024,5,2024_05_CLE_WAS,WAS,CLE,21,59,0.542372881356,7.19222116978,5.42467948718,1,2,26,62,0.451612903226,8.42857142857,6.32352941176,1,3,3,-0.0907599781301,1.23635025879,0.898849924585,0,1
2024,5,2024_05_DAL_PIT,DAL,PIT,22,62,0.564516129032,7.43187984496,2.98823024055,1,0,20,73,0.575342465753,8.38095238095,3.51612903226,2,0,11,0.0108263367212,0.949072535991,0.527898791708,1,0
2024,5,2024_05_DAL_PIT,PIT,DAL,22,62,0.564516129032,6.86027131783,6.02663230241,1,2,24,54,0.518518518519,5.35714285714,3.53846153846,2,0,-8,-0.0459976105137,-1.50312846069,-2.48817076394,1,-2
2024,5,2024_05_GB_LA,GB,LA,23,59,0.508474576271,8.45745724699,5.91940621814,2,1,27,56,0.464285714286,8.61538461538,4.2,2,1,-3,-0.0441888619855,0.157927368398,-1.71940621814,0,0
2024,5,2024_05_GB_LA,LA,GB,22,59,0.508474576271,8.27761424166,3.21903669725,1,1,20,73,0.616438356164,5.77777777778,4.78571428571,1,1,14,0.107963779893,-2.49983646388,1.56667758847,0,0
2024,5,2024_05_IND_JAX,IND,JAX,21,56,0.553571428571,7.2869156837,5.35464438399,1,1,24,65,0.692307692308,8.51111111111,4.95,3,1,9,0.138736263736,1.22419542741,-0.404644383988,2,0
2024,5,2024_05_IND_JAX,JAX,IND,21,56,0.553571428571,7.44588248143,5.7270695686,1,1,18,57,0.59649122807,10.9117647059,5.47826086957,2,2,1,0.0429197994987,3.46588222445,-0.248808699032,1,1
2024,5,2024_05_LV_DEN,DEN,LV,21,57,0.578947368421,6.35600490196,5.105872622,1,1,19,55,0.490909090909,7.62962962963,3.89285714286,2,1,-2,-0.088038277512,1.27362472767,-1.21301547914,1,0
2024,5,2024_05_LV_DEN,LV,DEN,21,57,0.578947368421,6.07138480392,3.78453267163,1,1,17,62,0.596774193548,6.24324324324,4.6,1,1,5,0.0178268251273,0.171858439322,0.815467328371,0,0
2024,5,2024_05_MIA_NE,MIA,NE,22,56,0.535714285714,7.99639468691,4.07024390244,1,1,16,72,0.430555555556,6.25806451613,4.70731707317,0,1,16,-0.105158730159,-1.73833017078,0.637073170732,-1,0
2024,5,2024_05_MIA_NE,NE,MIA,21,56,0.535714285714,5.46306135357,4.37414634146,1,1,19,53,0.641509433962,4.70588235294,7.94736842105,0,1,-3,0.105795148248,-0.757179000633,3.57322207959,-1,0
2024,5,2024_05_NO_KC,KC,NO,25,61,0.475409836066,8.80219243122,3.70068545316,1,0,21,78,0.5,8.48717948718,3.5641025641,0,2,17,0.0245901639344,-0.315012944045,-0.136582889058,-1,2
2024,5,2024_05_NO_KC,NO,KC,21,61,0.475409836066,7.63796955732,3.18904362964,1,1,24,50,0.7,5.2,3.06666666667,2,0,-11,0.224590163934,-2.43796955732,-0.122376962971,1,-1
2024,5,2024_05_NYG_SEA,NYG,SEA,21,62,0.612903225806,5.73945804956,4.71153846154,1,1,20,68,0.5,7.55882352941,5.14705882353,2,0,6,-0.112903225806,1.81936547985,0.435520361991,1,-1
2024,5,2024_05_NYG_SEA,SEA,NYG,21,62,0.612903225806,6.893747283,4.62021857923,1,1,22,51,0.78431372549,7.1,9.27272727273,1,0,-11,0.171410499684,0.206252716998,4.65250869349,0,-1
2024,5,2024_05_NYJ_MIN,MIN,NYJ,21,59,0.525423728814,6.15295190335,4.32005813953,2,0,20,62,0.516129032258,6.34375,2.73333333333,0,1,3,-0.00929469655549,0.190798096649,-1.5867248062,-2,1
2024,5,2024_05_NYJ_MIN,NYJ,MIN,21,59,0.525423728814,9.37594027809,3.17645348837,2,1,18,68,0.794117647059,4.51851851852,2.57142857143,2,0,9,0.268693918245,-4.85742175958,-0.605024916944,0,-1
2024,5,2024_05_TB_ATL,ATL,TB,21,54,0.592592592593,7.33708048224,5.39889705882,1,1,20,77,0.766233766234,8.62711864407,4.05555555556,4,0,23,0.173641173641,1.29003816183,-1.34334150327,3,-1
2024,5,2024_05_TB_ATL,TB,ATL,23,54,0.592592592593,6.94558488107,5.39705882353,1,1,23,50,0.48,7.5,6.15384615385,3,0,-4,-0.112592592593,0.554415118931,0.756787330317,2,-1
2024,6,2024_06_ARI_GB,ARI,GB,22,58,0.5,7.17794221283,4.47781517748,1,1,21,55,0.581818181818,6.6875,3.86956521739,1,0,-3,0.0818181818182,-0.490442212826,-0.608249960087,0,-1
2024,6,2024_06_ARI_GB,GB,ARI,24,58,0.5,8.0463941743,5.98347613219,2,1,27,70,0.457142857143,8.0625,4.71052631579,4,0,12,-0.0428571428571,0.0161058256988,-1.2729498164,2,-1
2024,6,2024_06_ATL_CAR,ATL,CAR,22,60,0.616666666667,7.65296064465,4.1454604976,2,1,28,68,0.441176470588,7.5,5.21052631579,1,3,8,-0.175490196078,-0.152960644651,1.06506581819,-1,2
2024,6,2024_06_ATL_CAR,CAR,ATL,22,60,0.616666666667,5.82872868552,6.18168921868,2,1,22,62,0.612903225806,5.81578947368,4.75,2,0,2,-0.00376344086022,-0.0129392118327,-1.43168921868,0,-1
2024,6,2024_06_BUF_NYJ,BUF,NYJ,24,60,0.566666666667,4.6085711915,4.24910714286,1,1,21,58,0.431034482759,8.6,4.51515151515,2,1,-2,-0.135632183908,3.9914288085,0.266044372294,1,0
2024,6,2024_06_BUF_NYJ,NYJ,BUF,22,60,0.566666666667,6.60172585463,4.52053571429,1,1,20,56,0.625,8.4,5.7619047619,2,0,-4,0.0583333333333,1.79827414537,1.24136904762,1,-1
2024,6,2024_06_CIN_NYG,CIN,NYG,22,62,0.58064516129,7.60448521916,3.66471471471,2,1,26,48,0.583333333333,7.42857142857,6.05,0,2,-14,0.00268817204301,-0.175913790593,2.38528528529,-2,1
2024,6,2024_06_CIN_NYG,NYG,CIN,22,62,0.58064516129,7.35601427115,4.69834834835,2,1,26,72,0.569444444444,5,3.83870967742,0,1,10,-0.0112007168459,-2.35601427115,-0.859638670929,-2,0
2024,6,2024_06_CLE_PHI,CLE,PHI,23,58,0.586206896552,6.34183673469,4.24951606659,2,0,20,48,0.479166666667,7.30434782609,4,0,0,-10,-0.107040229885,0.962511091393,-0.249516066589,-2,0
2024,6,2024_06_CLE_PHI,PHI,CLE,22,58,0.586206896552,6.39795918367,6.6735385211,1,2,21,61,0.409836065574,10.56,3.22222222222,2,0,3,-0.176370830978,4.16204081633,-3.45131629888,1,-2
2024,6,2024_06_DET_DAL,DAL,DET,23,64,0.5625,7.98197278912,3.14285714286,1,1,22,61,0.72131147541,5.09090909091,3.11764705882,0,0,-3,0.15881147541,-2.89106369821,-0.0252100840336,-1,-1
2024,6,2024_06_DET_DAL,DET,DAL,24,64,0.5625,6.74804421769,5.05510204082,1,1,24,63,0.428571428571,12.3703703704,5.11111111111,3,2,-1,-0.133928571429,5.62232615268,0.0560090702948,2,1
2024,6,2024_06_HOU_NE,HOU,NE,24,58,0.603448275862,8.17542765502,5.79944219067,1,1,20,60,0.533333333333,6,6.85714285714,3,2,2,-0.0701149425287,-2.17542765502,1.05770066647,2,1
2024,6,2024_06_HOU_NE,NE,HOU,22,58,0.603448275862,4.40609408411,5.73580121704,1,0,17,59,0.559322033898,7.36363636364,3.15384615385,3,0,1,-0.0441262419638,2.95754227953,-2.58195506319,2,0
2024,6,2024_06_IND_TEN,IND,TEN,22,56,0.535714285714,7.00805326569,4.74705882353,1,1,24,66,0.575757575758,4.97368421053,2.85714285714,2,0,10,0.0400432900433,-2.03436905517,-1.88991596639,1,-1
2024,6,2024_06_IND_TEN,TEN,IND,21,56,0.535714285714,8.89080532657,3.75979151154,1,1,23,55,0.490909090909,3.51851851852,5.21428571429,1,1,-1,-0.0448051948052,-5.37228680805,1.45449420274,0,0
2024,6,2024_06_JAX_CHI,CHI,JAX,22,61,0.573770491803,8.35976855003,4.21036184211,2,1,28,58,0.5,7.79310344828,5.24137931034,4,1,-3,-0.0737704918033,-0.566665101758,1.03101746824,2,0
2024,6,2024_06_JAX_CHI,JAX,CHI,22,61,0.573770491803,6.08683628319,4.98486842105,1,1,19,56,0.642857142857,6.66666666667,3.4,2,0,-5,0.0690866510539,0.579830383481,-1.58486842105,1,-1
2024,6,2024_06_LAC_DEN,DEN,LAC,22,57,0.491228070175,7.02221845319,3.8651384535,1,1,17,51,0.647058823529,6.54545454545,6.11111111111,2,0,-6,0.155830753354,-0.476763907734,2.24597265761,1,-1
2024,6,2024_06_LAC_DEN,LAC,DEN,21,57,0.491228070175,6.93495590231,3.45513322884,1,0,14,72,0.472222222222,6.97058823529,3.36842105263,1,1,15,-0.0190058479532,0.0356323329875,-0.0867121762085,0,1
2024,6,2024_06_PIT_LV,LV,PIT,22,58,0.551724137931,7.18864546029,4.04137931034,1,1,18,59,0.677966101695,5.675,3,1,1,1,0.126241963764,-1.51364546029,-1.04137931034,0,0
2024,6,2024_06_PIT_LV,PIT,LV,23,58,0.551724137931,7.23093532758,4.25648604269,2,1,23,59,0.406779661017,6.04166666667,5.22857142857,0,3,1,-0.144944476914,-1.18926866091,0.972085385878,-2,2
2024,6,2024_06_SF_SEA,SEA,SF,22,61,0.590163934426,6.89698996656,5.00820344545,1,2,23,72,0.722222222222,6,2.6,1,1,11,0.132058287796,-0.896989966555,-2.40820344545,0,-1
2024,6,2024_06_SF_SEA,SF,SEA,25,61,0.590163934426,7.33210702341,5.73892534865,2,1,25,61,0.459016393443,9.10714285714,6.90909090909,3,1,0,-0.131147540984,1.77503583373,1.17016556044,1,0
2024,6,2024_06_TB_NO,NO,TB,22,57,0.543859649123,7.17748397436,4.1302578019,1,1,23,61,0.655737704918,6.075,3.85714285714,1,1,4,0.111878055795,-1.10248397436,-0.273114944757,0,0
2024,6,2024_06_TB_NO,TB,NO,24,57,0.543859649123,7.90064102564,5.29240162822,1,1,23,71,0.507042253521,9.02777777778,7.91428571429,4,2,14,-0.0368173956017,1.12713675214,2.62188408606,3,1
2024,6,2024_06_WAS_BAL,BAL,WAS,24,62,0.435483870968,8.26665042235,5.17127760117,2,1,27,63,0.412698412698,12.4230769231,4.75675675676,1,2,1,-0.0227854582693,4.15642650072,-0.414520844412,-1,1
2024,6,2024_06_WAS_BAL,WAS,BAL,22,62,0.435483870968,10.7326998051,3.51473494286,2,2,30,53,0.660377358491,7.68571428571,2.88888888889,2,0,-9,0.224893487523,-3.04698551935,-0.625846053976,0,-2
2024,7,2024_07_BAL_TB,BAL,TB,25,62,0.483870967742,9.01095713825,4.5142303433,2,1,29,52,0.423076923077,12.7727272727,8.13333333333,5,0,-10,-0.060794044665,3.76177013447,3.61910299003,3,-1
2024,7,2024_07_BAL_TB,TB,BAL,25,62,0.483870967742,8.82613599742,4.15747508306,2,1,29,75,0.6,8.22222222222,4.16666666667,3,1,13,0.116129032258,-0.6039137752,0.00919158361019,1,0
2024,7,2024_07_CAR_WAS,CAR,WAS,23,61,0.55737704918,6.04315223543,5.29127652934,1,1,19,41,0.439024390244,4.94444444444,4.13043478261,0,1,-20,-0.118352658936,-1.09870779098,-1.16084174673,-1,0
2024,7,2024_07_CAR_WAS,WAS,CAR,23,61,0.55737704918,7.30546123373,5.95653870162,1,3,33,62,0.403225806452,8.44,5.78378378378,2,1,1,-0.154151242729,1.13453876627,-0.172754917839,1,-2
2024,7,2024_07_CIN_CLE,CIN,CLE,23,55,0.563636363636,7.99489795918,5.7,2,2,26,50,0.5,7.24,2.36,2,0,-5,-0.0636363636364,-0.754897959184,-3.34,0,-2
2024,7,2024_07_CIN_CLE,CLE,CIN,24,55,0.563636363636,6.83078231293,5.14806949807,1,0,20,73,0.712328767123,5.32692307692,3.66666666667,1,1,18,0.148692403487,-1.503859236,-1.4814028314,0,1
2024,7,2024_07_DEN_NO,DEN,NO,23,57,0.561403508772,6.86232114467,5.8924336533,2,1,25,61,0.426229508197,6.30769230769,6.42857142857,0,2,4,-0.135174000575,-0.554628836982,0.536137775268,-2,1
2024,7,2024_07_DEN_NO,NO,DEN,23,57,0.561403508772,7.06746157923,3.8630717109,1,1,19,60,0.65,5.38461538462,4.61904761905,1,0,3,0.0885964912281,-1.68284619461,0.75597590815,0,-1
2024,7,2024_07_DET_MIN,DET,MIN,25,60,0.466666666667,11.3698945982,3.14526615197,3,1,25,52,0.480769230769,11.2,5.33333333333,2,2,-8,0.0141025641026,-0.169894598155,2.18806718136,-1,1
2024,7,2024_07_DET_MIN,MIN,DET,22,60,0.466666666667,9.72982542819,2.9681023974,2,1,23,48,0.5625,9.59259259259,6.61904761905,1,1,-12,0.0958333333333,-0.137232835602,3.65094522165,-1,0
2024,7,2024_07_HOU_GB,GB,HOU,25,64,0.546875,6.35657467532,4.62517521727,3,0,24,53,0.622641509434,6.66666666667,4.1,3,0,-11,0.075766509434,0.310091991342,-0.525175217269,0,0
2024,7,2024_07_HOU_GB,HOU,GB,25,64,0.546875,7.28920454545,4.33102046538,2,1,23,54,0.388888888889,4.09523809524,4.30303030303,0,2,-10,-0.157986111111,-3.19396645022,-0.0279901623468,-2,1
2024,7,2024_07_KC_SF,KC,SF,26,63,0.507936507937,7.45560747664,3.49293563579,1,1,22,66,0.409090909091,5.7037037037,4.71794871795,0,4,3,-0.0988455988456,-1.75190377293,1.22501308216,-1,3
2024,7,2024_07_KC_SF,SF,KC,26,63,0.507936507937,7.13390446521,3.84026687598,1,0,22,55,0.563636363636,6.83870967742,4.20833333333,0,2,-8,0.0556998556999,-0.295194787794,0.368066457352,-1,2
2024,7,2024_07_LAC_ARI,ARI,LAC,23,55,0.490909090909,7.63778659612,4.69158386028,1,1,17,55,0.472727272727,5.57692307692,6.24137931034,1,1,0,-0.0181818181818,-2.0608635192,1.54979545006,0,0
2024,7,2024_07_LAC_ARI,LAC,ARI,22,55,0.490909090909,7.86265432099,4.87052092743,1,1,23,61,0.639344262295,8.94871794872,2.68181818182,0,0,6,0.148435171386,1.08606362773,-2.18870274561,-1,-1
2024,7,2024_07_LV_LA,LA,LV,23,59,0.576271186441,6.13391089109,4.8238869863,1,1,24,51,0.450980392157,6.69565217391,4.10714285714,0,2,-8,-0.125290794284,0.561741282824,-0.716744129159,-1,1
2024,7,2024_07_LV_LA,LV,LA,23,59,0.576271186441,6.27589108911,4.68167808219,1,1,22,73,0.602739726027,4.68181818182,4.20689655172,0,0,14,0.0264685395867,-1.59407290729,-0.474781530468,-1,-1
2024,7,2024_07_MIA_IND,IND,MIA,23,61,0.540983606557,6.87673086934,4.15786516854,1,1,23,61,0.393442622951,5.375,4.18918918919,0,1,0,-0.147540983607,-1.50173086934,0.0313240206499,-1,0
2024,7,2024_07_MIA_IND,MIA,IND,23,61,0.540983606557,6.24247787611,4.50744382022,1,1,18,66,0.393939393939,6.19230769231,4.7,1,0,5,-0.147044212618,-0.0501701837985,0.192556179775,0,-1
2024,7,2024_07_NE_JAX,JAX,NE,23,56,0.589285714286,7.19044817103,6.48918451222,2,1,25,59,0.338983050847,9.65,4.38461538462,1,2,3,-0.250302663438,2.45955182897,-2.10456912761,-1,1
2024,7,2024_07_NE_JAX,NE,JAX,23,56,0.589285714286,7.514906345,4.84425697599,2,1,23,52,0.711538461538,7.45945945946,2.53333333333,2,0,-4,0.122252747253,-0.055446885544,-2.31092364266,0,-1
2024,7,2024_07_NYJ_PIT,NYJ,PIT,23,61,0.573770491803,7.66802769395,3.54802955665,2,0,17,54,0.722222222222,7.07692307692,3.6,1,1,-7,0.148451730419,-0.591104617023,0.0519704433498,-1,1
2024,7,2024_07_NYJ_PIT,PIT,NYJ,24,61,0.573770491803,5.35349724836,5.25890488822,1,1,20,65,0.446153846154,9.10344827586,4.13888888889,2,2,4,-0.127616645649,3.7499510275,-1.12001599933,1,1
2024,7,2024_07_PHI_NYG,NYG,PHI,23,63,0.539682539683,6.76269284712,3.64960466084,1,1,19,47,0.617021276596,3.62068965517,4.22222222222,0,0,-16,0.0773387369132,-3.14200319195,0.572617561382,-1,-1
2024,7,2024_07_PHI_NYG,PHI,NYG,23,63,0.539682539683,7.04086021505,4.17755583299,1,1,19,60,0.25,7.6,5.97777777778,1,3,-3,-0.289682539683,0.559139784946,1.80022194479,0,2
2024,7,2024_07_SEA_ATL,ATL,SEA,23,64,0.671875,6.65921970357,7.71816901408,2,1,31,68,0.529411764706,6.83333333333,4.84375,1,1,4,-0.142463235294,0.174113629759,-2.87441901408,-1,0
2024,7,2024_07_SEA_ATL,SEA,ATL,23,64,0.671875,5.92861813426,5.72211267606,1,1,24,55,0.527272727273,8.34482758621,3.96153846154,2,1,-9,-0.144602272727,2.41620945194,-1.76057421452,1,0
2024,7,2024_07_TEN_BUF,BUF,TEN,25,55,0.509090909091,6.03927963698,4.6289933695,1,1,22,53,0.622641509434,9.78787878788,3.7,2,2,-2,0.113550600343,3.7485991509,-0.9289933695,1,1
2024,7,2024_07_TEN_BUF,TEN,BUF,22,55,0.509090909091,7.38187748157,4.92450271248,1,1,21,64,0.625,5.375,3.70833333333,1,0,9,0.115909090909,-2.00687748157,-1.21616937914,0,-1
2024,8,2024_08_ARI_MIA,ARI,MIA,24,59,0.491525423729,5.67304372842,4.83212058212,0,1,19,62,0.58064516129,8.52777777778,3.15384615385,2,1,3,0.0891197375615,2.85473404935,-1.67827442827,2,0
2024,8,2024_08_ARI_MIA,MIA,ARI,24,59,0.491525423729,7.68965765247,4.7001039501,1,0,18,63,0.603174603175,6.15789473684,6,1,2,4,0.111649179446,-1.53176291563,1.2998960499,0,2
2024,8,2024_08_ATL_TB,ATL,TB,24,66,0.575757575758,8.83904761905,4.60726773227,3,1,30,58,0.5,9.51724137931,4.44827586207,4,0,-8,-0.0757575757576,0.678193760263,-0.158991870199,1,-1
2024,8,2024_08_ATL_TB,TB,ATL,26,66,0.575757575758,6.73866666667,5.22995754246,3,1,30,72,0.694444444444,6.6,4.63636363636,3,0,6,0.118686868687,-0.138666666667,-0.593593906094,0,-1
2024,8,2024_08_BAL_CLE,BAL,CLE,26,60,0.516666666667,8.56292735043,5.77163151098,2,1,30,59,0.64406779661,7.60526315789,5.90476190476,2,1,-1,0.127401129944,-0.957664192533,0.133130393785,0,0
2024,8,2024_08_BAL_CLE,CLE,BAL,25,60,0.516666666667,8.54508547009,3.26395465634,2,0,21,64,0.640625,8.14634146341,3.47826086957,3,0,4,0.123958333333,-0.398744006671,0.21430621323,1,0
2024,8,2024_08_BUF_SEA,BUF,SEA,26,59,0.610169491525,6.9333677686,7.19720597791,2,1,26,68,0.5,8.32352941176,4.82352941176,2,2,9,-0.110169491525,1.39016164317,-2.37367656614,0,1
2024,8,2024_08_BUF_SEA,SEA,BUF,24,59,0.610169491525,8.23553719008,4.13092917479,1,1,22,46,0.630434782609,7.31034482759,1.88235294118,0,1,-13,0.0202652910833,-0.925192362496,-2.24857623361,-1,0
2024,8,2024_08_CAR_DEN,CAR,DEN,24,56,0.535714285714,6.71109123435,4.59118967452,1,1,16,58,0.655172413793,5.89473684211,3.45,2,0,2,0.119458128079,-0.816354392242,-1.14118967452,1,-1
2024,8,2024_08_CAR_DEN,DEN,CAR,24,56,0.535714285714,7.47291081012,6.83164983165,2,2,31,71,0.549295774648,8.07692307692,3.1875,3,1,15,0.0135814889336,0.604012266803,-3.64414983165,1,-1
2024,8,2024_08_CHI_WAS,CHI,WAS,23,60,0.5,7.38278619529,4.24736657303,2,1,23,57,0.421052631579,5.45833333333,6.12121212121,0,2,-3,-0.0789473684211,-1.92445286195,1.87384554818,-2,1
2024,8,2024_08_CHI_WAS,WAS,CHI,24,60,0.5,8.12991021324,4.30120552434,1,1,25,70,0.542857142857,8.57894736842,5.25,1,0,10,0.0428571428571,0.449037155178,0.948794475655,0,-1
2024,8,2024_08_DAL_SF,DAL,SF,24,61,0.573770491803,7.04250611937,4.14398438826,1,1,21,57,0.666666666667,6.39473684211,2.94736842105,2,1,-4,0.0928961748634,-0.64776927727,-1.1966159672,1,0
2024,8,2024_08_DAL_SF,SF,DAL,27,61,0.573770491803,7.16687064583,5.03037502121,2,1,27,62,0.41935483871,10,6.19444444444,1,2,1,-0.154415653094,2.83312935417,1.16406942323,-1,1
2024,8,2024_08_GB_JAX,GB,JAX,26,59,0.542372881356,8.77380952381,3.96105875831,3,0,29,66,0.409090909091,9.33333333333,4.35897435897,1,2,7,-0.133281972265,0.559523809524,0.39791560066,-2,2
2024,8,2024_08_GB_JAX,JAX,GB,24,59,0.542372881356,7.54358974359,4.29947339246,1,1,22,55,0.581818181818,9.625,3.95652173913,2,1,-4,0.0394453004622,2.08141025641,-0.342951653331,1,0
2024,8,2024_08_IND_HOU,HOU,IND,26,62,0.532258064516,6.27606038821,5.11037673496,1,1,24,66,0.560606060606,7.7027027027,3.31034482759,1,1,4,0.0283479960899,1.42664231449,-1.80003190738,0,0
2024,8,2024_08_IND_HOU,IND,HOU,24,62,0.532258064516,6.53943719832,3.72875082617,2,1,23,58,0.551724137931,5.46875,6.26923076923,1,1,-4,0.0194660734149,-1.07068719832,2.54047994306,-1,0
2024,8,2024_08_KC_LV,KC,LV,27,64,0.546875,5.92888212266,4.82613277134,0,2,26,67,0.567164179104,6.89473684211,2.8275862069,2,1,3,0.0202891791045,0.965854719443,-1.99854656444,2,-1
2024,8,2024_08_KC_LV,LV,KC,24,64,0.546875,5.75959112658,2.98485247629,1,1,16,51,0.588235294118,6.96666666667,1.57142857143,2,0,-13,0.0413602941176,1.20707554009,-1.41342390486,1,-1
2024,8,2024_08_MIN_LA,LA,MIN,24,57,0.526315789474,8.5357862306,3.80860832138,2,1,21,66,0.515151515152,8.20588235294,3.34375,4,0,9,-0.0111642743222,-0.329903877655,-0.464858321377,2,-1
2024,8,2024_08_MIN_LA,MIN,LA,23,57,0.526315789474,7.26140537978,4.3168579627,1,1,26,47,0.531914893617,9.6,2.90909090909,2,0,-10,0.00559910414334,2.33859462022,-1.40776705361,1,-1
2024,8,2024_08_NO_LAC,LAC,NO,23,59,0.576271186441,7.42149122807,7.06328320802,1,1,25,61,0.524590163934,8.71875,4.20689655172,2,1,2,-0.0516810225063,1.29725877193,-2.8563866563,1,0
2024,8,2024_08_NO_LAC,NO,LAC,24,59,0.576271186441,5.8150877193,4.29824561404,1,1,16,63,0.666666666667,6.69047619048,5.57142857143,0,0,4,0.090395480226,0.875388471178,1.27318295739,-1,-1
2024,8,2024_08_NYG_PIT,NYG,PIT,24,62,0.516129032258,8.00373931624,3.36293628121,1,0,15,63,0.603174603175,6.94736842105,6.28,0,1,1,0.0870455709165,-1.05637089519,2.91706371879,-1,1
2024,8,2024_08_NYG_PIT,PIT,NYG,25,62,0.516129032258,6.36407882241,5.149422432,1,2,24,59,0.474576271186,9.92857142857,5.38709677419,1,0,-3,-0.0415527610716,3.56449260616,0.237674342198,0,-2
2024,8,2024_08_NYJ_NE,NE,NYJ,24,57,0.666666666667,5.92848557692,6.05833333333,2,1,19,61,0.491803278689,5.16666666667,3.61290322581,0,3,4,-0.174863387978,-0.761818910256,-2.44543010753,-2,2
2024,8,2024_08_NYJ_NE,NYJ,NE,24,57,0.666666666667,5.96334134615,6.74333333333,1,1,23,56,0.5,8.32142857143,4,2,1,-1,-0.166666666667,2.35808722527,-2.74333333333,1,0
2024,8,2024_08_PHI_CIN,CIN,PHI,24,57,0.508771929825,8.67313664596,3.2663803145,2,1,22,57,0.649122807018,6.32432432432,2.9,1,1,0,0.140350877193,-2.34881232164,-0.366380314502,-1,0
2024,8,2024_08_PHI_CIN,PHI,CIN,24,57,0.508771929825,8.33944099379,5.19328771112,2,1,22,59,0.338983050847,11.8,4.12820512821,1,3,2,-0.169788878977,3.46055900621,-1.06508258292,-1,2
2024,8,2024_08_TEN_DET,DET,TEN,26,58,0.48275862069,9.88412291933,3.85260391782,2,2,29,43,0.441860465116,4.94736842105,6.83333333333,4,2,-15,-0.0408981555734,-4.93675449828,2.98072941551,2,0
2024,8,2024_08_TEN_DET,TEN,DET,23,58,0.48275862069,8.56946222791,3.83462732919,1,1,20,70,0.542857142857,7,4.9375,1,1,12,0.0600985221675,-1.56946222791,1.10287267081,0,0
2024,9,2024_09_CHI_ARI,ARI,CHI,25,59,0.491525423729,8.17669953295,4.01878649403,1,1,17,54,0.37037037037,7.7,6.26470588235,0,3,-5,-0.121155053358,-0.476699532953,2.24591938832,-1,2
2024,9,2024_09_CHI_ARI,CHI,ARI,24,59,0.491525423729,8.5038920602,4.87331810104,2,1,27,64,0.640625,5.29268292683,3,0,0,5,0.149099576271,-3.21120913337,-1.87331810104,-2,-1
2024,9,2024_09_DAL_ATL,ATL,DAL,25,64,0.59375,6.93157894737,6.15822403136,2,1,29,54,0.444444444444,9.25,3.33333333333,3,1,-10,-0.149305555556,2.31842105263,-2.82489069803,1,0
2024,9,2024_09_DAL_ATL,DAL,ATL,25,64,0.59375,7.47610356537,3.23797678275,2,0,23,71,0.704225352113,4.96,6.52380952381,2,0,7,0.110475352113,-2.51610356537,3.28583274106,0,0
2024,9,2024_09_DEN_BAL,BAL,DEN,27,60,0.5,8.61532985287,4.82032085561,2,1,24,53,0.358490566038,14.7368421053,3.73529411765,3,2,-7,-0.141509433962,6.12151225239,-1.08502673797,1,1
2024,9,2024_09_DEN_BAL,DEN,BAL,25,60,0.5,9.20289511153,4.03081550802,2,1,26,64,0.53125,6.61764705882,4.06666666667,1,0,4,0.03125,-2.58524805271,0.0358511586453,-1,-1
2024,9,2024_09_DET_GB,DET,GB,27,58,0.48275862069,8.29026331904,4.48738002133,2,1,31,54,0.407407407407,6.59090909091,3.875,1,1,-4,-0.0753512132822,-1.69935422814,-0.61238002133,-1,0
2024,9,2024_09_DET_GB,GB,DET,27,58,0.48275862069,9.24203919167,4.23314373741,2,1,23,62,0.629032258065,7,6,0,1,4,0.146273637375,-2.24203919167,1.76685626259,-2,0
2024,9,2024_09_HOU_NYJ,HOU,NYJ,27,59,0.576271186441,6.23562091503,5.59201388889,1,2,27,67,0.462686567164,6.16129032258,5.19444444444,0,1,8,-0.113584619276,-0.074330592452,-0.397569444444,-1,-1
2024,9,2024_09_HOU_NYJ,NYJ,HOU,25,59,0.576271186441,7.48071895425,4.05885416667,2,1,20,53,0.603773584906,6.59375,4.7619047619,3,0,-6,0.027502398465,-0.886968954248,0.703050595238,1,-1
2024,9,2024_09_IND_MIN,IND,MIN,25,58,0.51724137931,7.40210233029,4.15256661147,2,1,23,46,0.586956521739,6.62962962963,3.57894736842,0,0,-12,0.0697151424288,-0.772472700664,-0.57361924305,-2,-1
2024,9,2024_09_IND_MIN,MIN,IND,24,58,0.51724137931,7.05623100304,4.31469215716,1,1,23,67,0.522388059701,8.91428571429,4.15625,3,0,9,0.00514668039115,1.85805471125,-0.158442157158,2,-1
2024,9,2024_09_JAX_PHI,JAX,PHI,25,58,0.465517241379,8.43522727273,2.98719512195,1,1,20,49,0.632653061224,5.45161290323,3.33333333333,0,2,-9,0.167135819845,-2.9836143695,0.346138211382,-1,1
2024,9,2024_09_JAX_PHI,PHI,JAX,25,58,0.465517241379,9.40075757576,4.47012195122,2,1,27,70,0.342857142857,9.58333333333,5.15217391304,2,2,12,-0.122660098522,0.182575757576,0.682051961824,0,1
2024,9,2024_09_LAC_CLE,CLE,LAC,26,60,0.566666666667,6.41490147783,4.15445367204,1,0,17,70,0.657142857143,5.10869565217,3.29166666667,1,0,10,0.0904761904762,-1.30620582566,-0.862787005374,0,0
2024,9,2024_09_LAC_CLE,LAC,CLE,24,60,0.566666666667,7.2828407225,3.90262172285,1,0,21,50,0.54,10.4444444444,4.17391304348,2,2,-10,-0.0266666666667,3.16160372195,0.271291320632,1,2
2024,9,2024_09_LA_SEA,LA,SEA,25,60,0.583333333333,6.96069518717,6.363997114,2,1,26,68,0.647058823529,6.77272727273,2.83333333333,2,0,8,0.0637254901961,-0.187967914439,-3.53066378066,0,-1
2024,9,2024_09_LA_SEA,SEA,LA,25,60,0.583333333333,6.76613190731,3.25685425685,1,1,22,67,0.507462686567,10.6764705882,3.24242424242,3,0,7,-0.0758706467662,3.91033868093,-0.01443001443,2,-1
2024,9,2024_09_LV_CIN,CIN,LV,25,57,0.59649122807,5.9216374269,4.58439241918,1,2,24,70,0.557142857143,6.4358974359,4.1935483871,5,0,13,-0.0393483709273,0.514260008997,-0.390844032078,4,-2
2024,9,2024_09_LV_CIN,LV,CIN,25,57,0.59649122807,6.80467836257,4.28238573021,1,1,19,54,0.611111111111,6,2.85714285714,1,1,-3,0.0146198830409,-0.804678362573,-1.42524287307,0,0
2024,9,2024_09_MIA_BUF,BUF,MIA,27,61,0.508196721311,7.598798627,4.05432661028,1,1,23,58,0.672413793103,6.02564102564,4.94736842105,3,0,-3,0.164217071792,-1.57315760136,0.893041810773,2,-1
2024,9,2024_09_MIA_BUF,MIA,BUF,25,61,0.508196721311,7.01847826087,3.89552157883,1,1,16,59,0.474576271186,8.25,4.8064516129,2,1,-2,-0.033620450125,1.23152173913,0.91093003407,1,0
2024,9,2024_09_NE_TEN,NE,TEN,25,59,0.576271186441,6.25571428571,3.50396825397,2,1,26,61,0.672131147541,5.0243902439,5.5,1,1,2,0.0958599611003,-1.23132404181,1.99603174603,-1,0
2024,9,2024_09_NE_TEN,TEN,NE,24,59,0.576271186441,5.83285714286,5.6378968254,2,1,23,72,0.458333333333,7.27272727273,4.28205128205,2,0,13,-0.117937853107,1.43987012987,-1.35584554335,0,-1
2024,9,2024_09_NO_CAR,CAR,NO,25,58,0.620689655172,6.01397925092,7.02700781805,2,1,24,49,0.530612244898,6.57692307692,3.47826086957,1,2,-9,-0.0900774102745,0.562943826,-3.54874694849,-1,1
2024,9,2024_09_NO_CAR,NO,CAR,25,58,0.620689655172,7.0277387023,6.17709073679,1,1,25,73,0.438356164384,7.375,4.80487804878,1,1,15,-0.182333490789,0.347261297697,-1.37221268801,0,0
2024,9,2024_09_TB_KC,KC,TB,28,70,0.542857142857,6.64478126835,4.50171876678,2,1,29,79,0.556962025316,6.61363636364,3.54285714286,3,1,9,0.0141048824593,-0.0311449047136,-0.958861623928,1,0
2024,9,2024_09_TB_KC,TB,KC,27,70,0.542857142857,6.811252202,3.73767321947,2,1,26,50,0.62,6.45161290323,5,2,1,-20,0.0771428571429,-0.359639298771,1.26232678053,0,0
2024,9,2024_09_WAS_NYG,NYG,WAS,25,62,0.548387096774,5.42781557067,5.09676918298,0,1,14,57,0.456140350877,6.69230769231,5.29032258065,2,1,-5,-0.092246745897,1.26449212163,0.193553397669,2,0
2024,9,2024_09_WAS_NYG,WAS,NYG,25,62,0.548387096774,6.89002267574,6.25776638708,1,1,26,60,0.366666666667,9.5,3.92105263158,2,1,-2,-0.181720430108,2.60997732426,-2.3367137555,1,0
2024,10,2024_10_ATL_NO,ATL,NO,26,63,0.555555555556,6.89658944019,4.68217926652,2,1,28,70,0.542857142857,8.05263157895,5.65625,0,2,7,-0.0126984126984,1.15604213876,0.974070733483,-2,1
2024,10,2024_10_ATL_NO,NO,ATL,26,63,0.555555555556,7.82355573233,4.35502449358,2,0,21,52,0.480769230769,10.76,3.55555555556,2,0,-11,-0.0747863247863,2.93644426767,-0.799468938023,0,0
2024,10,2024_10_BUF_IND,BUF,IND,28,58,0.551724137931,8.53324619232,4.81665552957,2,1,25,68,0.544117647059,7.56756756757,4.35483870968,0,2,10,-0.00760649087221,-0.965678624749,-0.461816819892,-2,1
2024,10,2024_10_BUF_IND,IND,BUF,26,58,0.551724137931,6.01341213912,4.20297360508,1,1,18,57,0.614035087719,7.77142857143,5.5,2,0,-1,0.0623109497883,1.75801643231,1.29702639492,1,-1
2024,10,2024_10_CIN_BAL,BAL,CIN,28,58,0.534482758621,8.89954881564,4.87229102167,2,1,30,58,0.568965517241,8.78787878788,3.96,4,1,0,0.0344827586207,-0.111670027762,-0.912291021672,2,0
2024,10,2024_10_CIN_BAL,CIN,BAL,26,58,0.534482758621,9.17677653841,3.54852941176,3,0,26,72,0.777777777778,7.64285714286,3.0625,4,1,14,0.243295019157,-1.53391939556,-0.486029411765,1,1
2024,10,2024_10_DEN_KC,DEN,KC,26,66,0.515151515152,6.40417940877,3.42608347513,1,1,21,53,0.566037735849,7.16666666667,3.39130434783,2,0,-13,0.0508862206975,0.7624872579,-0.0347791273015,1,-1
2024,10,2024_10_DEN_KC,KC,DEN,29,66,0.515151515152,6.84917987212,3.40351316185,2,1,24,61,0.688524590164,6.33333333333,3,1,0,-5,0.173373075012,-0.515846538782,-0.403513161846,-1,-1
2024,10,2024_10_DET_HOU,DET,HOU,28,57,0.456140350877,7.33631256384,4.36261372019,2,1,29,62,0.483870967742,8,3.28125,2,1,5,0.0277306168647,0.663687436159,-1.08136372019,0,0
2024,10,2024_10_DET_HOU,HOU,DET,28,57,0.456140350877,9.20275791624,4.78884927465,1,1,20,61,0.540983606557,7.0303030303,2,1,1,4,0.0848432556802,-2.17245488594,-2.78884927465,0,0
2024,10,2024_10_MIA_LA,LA,MIA,26,62,0.516129032258,7.26555101162,3.45014880952,2,1,24,64,0.71875,6.36956521739,3.88888888889,0,0,2,0.202620967742,-0.895985794232,0.438740079365,-2,-1
2024,10,2024_10_MIA_LA,MIA,LA,26,62,0.516129032258,7.40712440809,4.28050595238,1,0,20,50,0.56,7.39285714286,3.04545454545,1,1,-12,0.0438709677419,-0.0142672652358,-1.23505140693,0,1
2024,10,2024_10_MIN_JAX,JAX,MIN,26,55,0.527272727273,8.27752388866,4.13916666667,2,1,26,40,0.55,5.04545454545,3.11111111111,0,1,-15,0.0227272727273,-3.2320693432,-1.02805555556,-2,0
2024,10,2024_10_MIN_JAX,MIN,JAX,25,55,0.527272727273,9.22718460047,5.02125,2,1,25,81,0.469135802469,6.34210526316,3.93023255814,0,0,26,-0.0581369248036,-2.88507933731,-1.09101744186,-2,-1
2024,10,2024_10_NE_CHI,CHI,NE,25,59,0.559322033898,6.1365248227,5.89732620321,1,1,24,50,0.6,4,3.65,0,0,-9,0.0406779661017,-2.1365248227,-2.24732620321,-1,-1
2024,10,2024_10_NE_CHI,NE,CHI,26,59,0.559322033898,6.77886130812,4.61087344029,1,1,19,60,0.416666666667,7.36,4.11428571429,1,0,1,-0.142655367232,0.581138691883,-0.496587725999,0,-1
2024,10,2024_10_NYG_CAR,CAR,NYG,26,55,0.563636363636,6.18240230789,5.80118755119,1,1,20,57,0.438596491228,5.04,5.875,1,1,2,-0.125039872408,-1.14240230789,0.0738124488124,0,0
2024,10,2024_10_NYG_CAR,NYG,CAR,26,55,0.563636363636,7.56569630212,6.5687960688,1,1,23,71,0.521126760563,5.13513513514,4.91176470588,0,2,16,-0.042509603073,-2.43056116699,-1.65703136291,-1,1
2024,10,2024_10_NYJ_ARI,ARI,NYJ,26,56,0.553571428571,6.77593003203,6.17415730337,1,2,24,56,0.428571428571,11.0833333333,4.59375,1,3,0,-0.125,4.30740330131,-1.58040730337,0,1
2024,10,2024_10_NYJ_ARI,NYJ,ARI,26,56,0.553571428571,8.51441241685,3.63992275281,1,1,19,52,0.673076923077,4.31428571429,4.64705882353,0,0,-4,0.119505494505,-4.20012670257,1.00713607072,-1,-1
2024,10,2024_10_PHI_DAL,DAL,PHI,26,62,0.516129032258,7.0134180791,2.904048583,1,1,17,53,0.547169811321,2.27586206897,4.04166666667,0,0,-9,0.0310407790627,-4.73755601013,1.13761808367,-1,-1
2024,10,2024_10_PHI_DAL,PHI,DAL,26,62,0.516129032258,8.0061633282,7.01275303644,2,2,30,60,0.366666666667,9.40909090909,4.92105263158,2,2,-2,-0.149462365591,1.40292758089,-2.09170040486,0,0
2024,10,2024_10_PIT_WAS,PIT,WAS,26,62,0.467741935484,6.55838779956,4.60028403885,1,1,23,72,0.402777777778,6.72413793103,3.25581395349,3,1,10,-0.0649641577061,0.16575013147,-1.34447008536,2,0
2024,10,2024_10_PIT_WAS,WAS,PIT,26,62,0.467741935484,9.12280319535,3.79503390141,1,1,23,56,0.607142857143,5.94117647059,2.72727272727,0,3,-6,0.139400921659,-3.18162672476,-1.06776117414,-1,2
2024,10,2024_10_SF_TB,SF,TB,28,62,0.548387096774,7.64154995331,6.46774193548,2,1,31,58,0.620689655172,9.80555555556,3.40909090909,2,0,-4,0.0723025583982,2.16400560224,-3.05865102639,0,-1
2024,10,2024_10_SF_TB,TB,SF,28,62,0.548387096774,7.74201680672,3.83749810692,2,1,27,56,0.517857142857,4,4.07407407407,1,1,-6,-0.0305299539171,-3.74201680672,0.236575967153,-1,0
2024,10,2024_10_TEN_LAC,LAC,TEN,25,62,0.532258064516,7.44916344916,3.70320056899,2,1,26,57,0.315789473684,9.11111111111,3.71794871795,1,2,-5,-0.216468590832,1.66194766195,0.0147481489587,-1,1
2024,10,2024_10_TEN_LAC,TEN,LAC,25,62,0.532258064516,6.62019672734,4.72624466572,1,0,15,44,0.522727272727,7.60869565217,6.28571428571,2,0,-18,-0.00953079178886,0.988498924834,1.55946962,1,0
2024,11,2024_11_ATL_DEN,ATL,DEN,27,62,0.516129032258,8.15544649525,3.74098254686,2,1,24,52,0.596153846154,6.35483870968,2.38095238095,0,0,-10,0.0800248138958,-1.80060778557,-1.36003016591,-2,-1
2024,11,2024_11_ATL_DEN,DEN,ATL,27,62,0.516129032258,8.31889469754,3.61712992889,2,0,21,59,0.559322033898,9.30303030303,4.03846153846,4,1,-3,0.0431930016402,0.984135605495,0.421331609567,2,1
2024,11,2024_11_BAL_PIT,BAL,PIT,29,60,0.466666666667,9.08617571059,3.41931818182,2,2,27,52,0.634615384615,6.27272727273,6.52631578947,1,1,-8,0.167948717949,-2.81344843787,3.10699760766,-1,-1
2024,11,2024_11_BAL_PIT,PIT,BAL,27,60,0.466666666667,9.76821705426,3.64147727273,2,1,27,70,0.514285714286,5.69444444444,3.58823529412,0,0,10,0.047619047619,-4.07377260982,-0.0532419786096,-2,-1
2024,11,2024_11_CIN_LAC,CIN,LAC,27,60,0.566666666667,7.94534632035,3.57085451862,2,0,20,75,0.666666666667,7.12,4.4,3,0,15,0.1,-0.825346320346,0.829145481384,1,0
2024,11,2024_11_CIN_LAC,LAC,CIN,26,60,0.566666666667,7.45021645022,4.382565196,2,2,26,61,0.590163934426,8.25,6.2,2,2,1,0.0234972677596,0.799783549784,1.817434804,0,0
2024,11,2024_11_CLE_NO,CLE,NO,27,64,0.59375,6.86134728581,3.88697951091,1,1,22,67,0.701492537313,8.40425531915,3.3,2,0,3,0.107742537313,1.54290803334,-0.586979510905,1,-1
2024,11,2024_11_CLE_NO,NO,CLE,27,64,0.59375,6.67473294092,4.35484137475,1,1,21,57,0.508771929825,9.1724137931,7.64285714286,2,3,-7,-0.0849780701754,2.49768085218,3.2880157681,1,2
2024,11,2024_11_GB_CHI,CHI,GB,26,60,0.533333333333,5.18538011696,4.43998716303,0,1,18,65,0.476923076923,7.45161290323,5.26470588235,0,2,5,-0.0564102564103,2.26623278627,0.824718719323,0,1
2024,11,2024_11_GB_CHI,GB,CHI,28,60,0.533333333333,7.25736310473,5.83199614891,1,1,22,42,0.404761904762,15.3529411765,4.24,1,2,-18,-0.128571428571,8.09557807174,-1.59199614891,0,1
2024,11,2024_11_HOU_DAL,DAL,HOU,27,62,0.58064516129,5.47935178133,4.24411962366,2,0,19,74,0.756756756757,6.39285714286,3.55555555556,1,0,12,0.176111595466,0.913505361525,-0.6885640681,-1,0
2024,11,2024_11_HOU_DAL,HOU,DAL,29,62,0.58064516129,6.44939493949,5.80695564516,1,1,26,59,0.576271186441,7.55882352941,5.64,0,3,-3,-0.00437397484964,1.10942858992,-0.166955645161,-1,2
2024,11,2024_11_IND_NYJ,IND,NYJ,27,55,0.581818181818,6.55083986562,6.00565355043,1,1,21,65,0.461538461538,9.06666666667,2.6,1,2,10,-0.12027972028,2.51582680105,-3.40565355043,0,1
2024,11,2024_11_IND_NYJ,NYJ,IND,27,55,0.581818181818,7.79647256439,4.92096336499,2,1,20,49,0.591836734694,6.34482758621,4.55,2,1,-6,0.0100185528757,-1.45164497818,-0.370963364993,0,0
2024,11,2024_11_JAX_DET,DET,JAX,29,52,0.5,7.62618061309,7.11431047766,2,1,29,76,0.434210526316,13.6060606061,4.55813953488,4,3,24,-0.0657894736842,5.97987999297,-2.55617094277,2,2
2024,11,2024_11_JAX_DET,JAX,DET,27,52,0.5,8.8884009942,3.75423728814,1,1,19,46,0.630434782609,4.75862068966,2.41176470588,0,0,-6,0.130434782609,-4.12978030455,-1.34247258225,-1,-1
2024,11,2024_11_KC_BUF,BUF,KC,29,66,0.575757575758,6.14340175953,3.58024956971,2,1,24,71,0.56338028169,6.55,3.35483870968,1,3,5,-0.0123772940674,0.406598240469,-0.22541086003,-1,2
2024,11,2024_11_KC_BUF,KC,BUF,30,66,0.575757575758,6.55241935484,3.38195639702,2,1,22,50,0.66,5.93939393939,4.58823529412,3,0,-16,0.0842424242424,-0.613025415445,1.2062788971,1,-1
2024,11,2024_11_LA_NE,LA,NE,27,62,0.58064516129,6.5966061828,3.70191703331,2,0,21,51,0.529411764706,10.9259259259,4.45833333333,4,0,-11,-0.0512333965844,4.32931974313,0.756416300021,2,0
2024,11,2024_11_LA_NE,NE,LA,27,62,0.58064516129,6.10467069892,3.73601508485,1,1,20,69,0.565217391304,7.23076923077,4.16666666667,2,0,7,-0.015427769986,1.12609853184,0.430651581814,1,-1
2024,11,2024_11_LV_MIA,LV,MIA,26,60,0.566666666667,7.30597534301,3.09100758397,1,0,20,59,0.728813559322,6.55813953488,3.75,2,0,-1,0.162146892655,-0.747835808127,0.658992416035,1,0
2024,11,2024_11_LV_MIA,MIA,LV,27,60,0.566666666667,6.69129051501,4.64897074756,2,1,27,62,0.58064516129,8,3.15384615385,3,1,2,0.0139784946237,1.30870948499,-1.49512459372,1,0
2024,11,2024_11_MIN_TEN,MIN,TEN,26,62,0.516129032258,6.51400347373,4.16377185119,2,1,25,65,0.492307692308,7.6875,2.48484848485,2,1,3,-0.0238213399504,1.17349652627,-1.67892336634,0,0
2024,11,2024_11_MIN_TEN,TEN,MIN,26,62,0.516129032258,6.52540165002,3.67441730166,2,0,17,50,0.62,9.51612903226,1.73684210526,1,0,-12,0.103870967742,2.99072738224,-1.9375751964,-1,0
2024,11,2024_11_SEA_SF,SEA,SF,26,58,0.568965517241,7.19828190743,3.72625160462,1,1,23,55,0.581818181818,6.90625,4.08695652174,0,2,-3,0.0128526645768,-0.292031907433,0.360704917118,-1,1
2024,11,2024_11_SEA_SF,SF,SEA,29,58,0.568965517241,8.93004908836,4.97897946085,1,1,25,55,0.509090909091,5.67857142857,4.85185185185,1,1,-3,-0.0598746081505,-3.25147765979,-0.127127608995,0,0
2024,11,2024_11_WAS_PHI,PHI,WAS,27,62,0.435483870968,7.75805931657,5.12804878049,2,2,26,68,0.411764705882,7.89285714286,5.7,0,3,6,-0.0237191650854,0.134797826287,0.571951219512,-2,1
2024,11,2024_11_WAS_PHI,WAS,PHI,27,62,0.435483870968,7.47324306899,2.92289678332,1,1,20,60,0.533333333333,5.96875,3.32142857143,1,1,-2,0.0978494623656,-1.50449306899,0.398531788113,0,0
2024,12,2024_12_ARI_SEA,ARI,SEA,27,57,0.526315789474,8.43848684211,4.88847528291,1,2,26,51,0.725490196078,7.7027027027,3.5,0,0,-6,0.199174406605,-0.735784139403,-1.38847528291,-1,-2
2024,12,2024_12_ARI_SEA,SEA,ARI,27,57,0.526315789474,7.95197368421,3.21545562835,1,1,18,56,0.553571428571,8.1935483871,2.6,1,0,-1,0.0272556390977,0.241574702886,-0.61545562835,0,-1
2024,12,2024_12_BAL_LAC,BAL,LAC,30,56,0.517857142857,9.29898329702,4.0884173298,2,1,24,59,0.372881355932,8.04545454545,5.72972972973,2,2,3,-0.144975786925,-1.25352875157,1.64131239993,0,1
2024,12,2024_12_BAL_LAC,LAC,BAL,27,56,0.517857142857,9.63347857662,4.15406719717,2,1,25,56,0.642857142857,6.05555555556,4.15,0,2,0,0.125,-3.57792302106,-0.00406719717065,-2,1
2024,12,2024_12_DAL_WAS,DAL,WAS,28,62,0.58064516129,5.84116161616,5.38780663781,1,1,18,60,0.533333333333,7.71875,3.25,2,0,-2,-0.047311827957,1.87758838384,-2.13780663781,1,-1
2024,12,2024_12_DAL_WAS,WAS,DAL,28,62,0.58064516129,5.9611952862,5.11273448773,1,2,29,63,0.603174603175,7.23684210526,5.8,2,1,1,0.0225294418843,1.27564681907,0.687265512266,1,-1
2024,12,2024_12_DEN_LV,DEN,LV,28,59,0.593220338983,7.62881735071,4.46486250546,3,1,28,64,0.65625,6.5,2.86363636364,2,0,5,0.0630296610169,-1.12881735071,-1.60122614182,-1,-1
2024,12,2024_12_DEN_LV,LV,DEN,27,59,0.593220338983,7.07989690722,2.79997817547,2,1,19,69,0.768115942029,6.18867924528,4.3125,1,0,10,0.174895603046,-0.891217661933,1.51252182453,-1,-1
2024,12,2024_12_DET_IND,DET,IND,30,59,0.491525423729,9.12327365729,4.34782341367,2,1,30,69,0.521739130435,7.47222222222,4.15151515152,0,3,10,0.030213706706,-1.65105143507,-0.196308262159,-2,2
2024,12,2024_12_DET_IND,IND,DET,28,59,0.491525423729,7.71170076726,2.94023610428,1,1,18,49,0.571428571429,6.14285714286,4.57142857143,0,0,-10,0.0799031476998,-1.56884362441,1.63119246715,-1,-1
2024,12,2024_12_KC_CAR,CAR,KC,27,59,0.576271186441,5.77150410726,4.19737089202,1,1,20,56,0.625,7.51428571429,4.04761904762,1,1,-3,0.0487288135593,1.74278160702,-0.1497518444,0,0
2024,12,2024_12_KC_CAR,KC,CAR,31,59,0.576271186441,7.32678689453,4.93061032864,2,1,25,63,0.587301587302,7.27027027027,6.34615384615,3,0,4,0.0110304008609,-0.0565166242628,1.41554351752,1,-1
2024,12,2024_12_MIN_CHI,CHI,MIN,27,63,0.52380952381,5.5700280112,2.81126743627,0,1,14,70,0.685714285714,7.08333333333,3.54545454545,2,1,7,0.161904761905,1.51330532213,0.734187109187,2,0
2024,12,2024_12_MIN_CHI,MIN,CHI,27,63,0.52380952381,6.74103641457,4.78427128427,1,1,21,62,0.564516129032,9.82857142857,4.59259259259,2,1,-1,0.0407066052227,3.08753501401,-0.191678691679,1,0
2024,12,2024_12_NE_MIA,MIA,NE,28,60,0.55,7.06469979296,3.92725241996,2,1,23,64,0.625,7.925,2.70833333333,4,0,4,0.075,0.860300207039,-1.21891908662,2,-1
2024,12,2024_12_NE_MIA,NE,MIA,28,60,0.55,7.60217391304,3.64713328369,2,0,21,59,0.64406779661,5.84210526316,4.09523809524,1,0,-1,0.0940677966102,-1.76006864989,0.448104811545,-1,0
2024,12,2024_12_PHI_LA,LA,PHI,28,63,0.47619047619,6.6647031647,2.86412512219,1,0,19,54,0.666666666667,6.75,5.11111111111,2,1,-9,0.190476190476,0.0852968352968,2.24698598892,1,1
2024,12,2024_12_PHI_LA,PHI,LA,28,63,0.47619047619,8.08697158697,4.89418377322,2,1,25,67,0.328358208955,8.13636363636,6.97777777778,1,3,4,-0.147832267235,0.0493920493921,2.08359400456,-1,2
2024,12,2024_12_PIT_CLE,CLE,PIT,28,66,0.560606060606,7.21529449527,3.25780818132,1,1,18,54,0.5,8.11111111111,3.14814814815,0,3,-12,-0.0606060606061,0.895816615846,-0.109660033167,-1,2
2024,12,2024_12_PIT_CLE,PIT,CLE,28,66,0.560606060606,6.76829561868,5.22491708126,2,1,27,63,0.460317460317,9.31034482759,3.52941176471,1,1,-3,-0.100288600289,2.54204920891,-1.69550531655,-1,0
2024,12,2024_12_SF_GB,GB,SF,29,58,0.5,7.95716198126,3.90872210953,1,2,23,65,0.353846153846,7.08695652174,4.02380952381,2,3,7,-0.146153846154,-0.870205459519,0.115087414276,1,1
2024,12,2024_12_SF_GB,SF,GB,30,58,0.5,8.4093708166,4.78789722786,1,1,23,45,0.644444444444,6.86206896552,2.75,1,0,-13,0.144444444444,-1.54730185108,-2.03789722786,0,-1
2024,12,2024_12_TB_NYG,NYG,TB,27,62,0.564516129032,7.29072907291,5.12287581699,2,1,23,52,0.615384615385,6,3.8,0,1,-10,0.0508684863524,-1.29072907291,-1.32287581699,-2,0
2024,12,2024_12_TB_NYG,TB,NYG,29,62,0.564516129032,5.97101710171,5.05735294118,2,1,25,62,0.483870967742,9.8,4.90625,0,4,0,-0.0806451612903,3.82898289829,-0.151102941176,-2,3
2024,12,2024_12_TEN_HOU,HOU,TEN,30,60,0.533333333333,7.00961764016,4.29021476319,1,1,25,50,0.66,7.48484848485,2.35294117647,2,0,-10,0.126666666667,0.475230844689,-1.93727358672,1,-1
2024,12,2024_12_TEN_HOU,TEN,HOU,27,60,0.533333333333,8.20801079052,3.61250177784,2,0,18,58,0.431034482759,11.12,4,2,1,-2,-0.102298850575,2.91198920948,0.387498222159,0,1
2024,13,2024_13_ARI_MIN,ARI,MIN,28,61,0.508196721311,7.90423280423,3.36692961165,1,1,19,76,0.592105263158,5.77777777778,4.96774193548,1,0,15,0.0839085418464,-2.12645502646,1.60081232383,0,-1
2024,13,2024_13_ARI_MIN,MIN,ARI,28,61,0.508196721311,7.79664902998,3.15163834951,1,0,17,46,0.673913043478,7.58064516129,4.53333333333,2,0,-15,0.165716322167,-0.216003868692,1.38169498382,1,0
2024,13,2024_13_CHI_DET,CHI,DET,28,63,0.52380952381,5.90709850802,3.0645711501,0,1,14,54,0.722222222222,6.5641025641,5.2,3,0,-9,0.198412698413,0.657004056087,2.1354288499,3,-1
2024,13,2024_13_CHI_DET,DET,CHI,31,63,0.52380952381,8.45764989343,4.48830409357,2,2,29,67,0.507462686567,6.5,5.87878787879,2,0,4,-0.0163468372424,-1.95764989343,1.39048378522,0,-2
2024,13,2024_13_CLE_DEN,CLE,DEN,29,63,0.603174603175,7.30416666667,2.85915492958,1,1,17,81,0.716049382716,8.56896551724,3.34782608696,4,0,18,0.112874779541,1.26479885057,0.488671157379,3,-1
2024,13,2024_13_CLE_DEN,DEN,CLE,29,63,0.603174603175,7.19404761905,4.76056338028,2,1,26,61,0.573770491803,8.4,4.07692307692,1,2,-2,-0.0294041113713,1.20595238095,-0.683640303359,-1,1
2024,13,2024_13_HOU_JAX,HOU,JAX,31,53,0.584905660377,9.28975609756,7.37210242588,2,2,28,59,0.576271186441,7.11764705882,4.32,1,1,6,-0.00863447393668,-2.17210903874,-3.05210242588,-1,-1
2024,13,2024_13_HOU_JAX,JAX,HOU,28,53,0.584905660377,6.9287804878,3.63113207547,1,1,19,67,0.626865671642,6.57142857143,3.88,2,0,14,0.0419600112644,-0.357351916376,0.248867924528,1,-1
2024,13,2024_13_IND_NE,IND,NE,29,59,0.559322033898,7.43769765971,3.39877757901,2,0,20,58,0.413793103448,4.54166666667,4.23529411765,2,1,-1,-0.14552893045,-2.89603099304,0.836516538637,0,1
2024,13,2024_13_IND_NE,NE,IND,29,59,0.559322033898,7.31340923466,4.3908765653,1,1,23,61,0.491803278689,7.93333333333,6.45161290323,1,1,2,-0.0675187552098,0.619924098672,2.06073633793,0,0
2024,13,2024_13_LAC_ATL,ATL,LAC,28,59,0.525423728814,7.8311827957,4.696356856,2,1,20,76,0.513157894737,6.28205128205,3.13513513514,0,1,17,-0.0122658340767,-1.54913151365,-1.56122172086,-2,0
2024,13,2024_13_LAC_ATL,LAC,ATL,28,59,0.525423728814,8.2023297491,4.31590648308,2,1,27,41,0.585365853659,6.25,3.29411764706,0,0,-18,0.059942124845,-1.9523297491,-1.02178883602,-2,-1
2024,13,2024_13_LA_NO,LA,NO,29,60,0.566666666667,8.88169404737,3.94479166667,2,1,21,53,0.452830188679,7.625,5.37931034483,2,1,-7,-0.113836477987,-1.25669404737,1.43451867816,0,0
2024,13,2024_13_LA_NO,NO,LA,28,60,0.566666666667,7.54677832302,6.85729166667,2,1,24,68,0.544117647059,4.97297297297,4.61290322581,1,0,8,-0.0225490196078,-2.57380535005,-2.24438844086,-1,-1
2024,13,2024_13_LV_KC,KC,LV,32,61,0.655737704918,6.41067967885,5.01369446135,3,0,28,62,0.741935483871,6.65217391304,3.9375,1,0,1,0.0861977789529,0.241494234195,-1.07619446135,-2,0
2024,13,2024_13_LV_KC,LV,KC,28,61,0.655737704918,6.43535437431,3.93624467438,1,1,22,60,0.583333333333,9.71428571429,4.64,2,0,-1,-0.0724043715847,3.27893133998,0.703755325624,1,-1
2024,13,2024_13_MIA_GB,GB,MIA,30,58,0.534482758621,8.24312317429,3.79444444444,1,1,22,53,0.528301886792,9.78571428571,4.56,2,1,-5,-0.00618087182824,1.54259111142,0.765555555556,1,0
2024,13,2024_13_MIA_GB,MIA,GB,29,58,0.534482758621,7.54308666018,3.41388888889,2,1,24,60,0.766666666667,7.9347826087,2.78571428571,2,0,2,0.232183908046,0.39169594852,-0.628174603175,0,-1
2024,13,2024_13_NYG_DAL,DAL,NYG,29,61,0.590163934426,6.17804768331,4.70588235294,1,1,22,68,0.529411764706,5.41666666667,3.8125,1,1,7,-0.0607521697203,-0.761381016644,-0.893382352941,0,0
2024,13,2024_13_NYG_DAL,NYG,DAL,28,61,0.590163934426,6.08443544759,5.77268907563,1,2,23,53,0.603773584906,5.5625,5.52380952381,0,2,-8,0.0136096504794,-0.521935447593,-0.248879551821,-1,0
2024,13,2024_13_PHI_BAL,BAL,PHI,31,61,0.44262295082,7.30176767677,3.8315266486,2,1,22,68,0.529411764706,6.58333333333,5.1875,2,0,7,0.0867888138862,-0.718434343434,1.3559733514,0,-1
2024,13,2024_13_PHI_BAL,PHI,BAL,29,61,0.44262295082,9.05050505051,4.53131586871,1,2,28,52,0.365384615385,6.21052631579,4.24242424242,1,2,-9,-0.0772383354351,-2.83997873472,-0.28889162629,0,0
2024,13,2024_13_PIT_CIN,CIN,PIT,28,68,0.558823529412,6.90939104916,3.21865615616,2,1,26,53,0.716981132075,8.13157894737,6.2,3,1,-15,0.158157602664,1.22218789821,2.98134384384,1,0
2024,13,2024_13_PIT_CIN,PIT,CIN,29,68,0.558823529412,6.27072633896,3.90127627628,2,1,27,64,0.59375,10.8947368421,4.23076923077,3,1,-4,0.0349264705882,4.62401050315,0.329492954493,1,0
2024,13,2024_13_SEA_NYJ,NYJ,SEA,28,55,0.581818181818,6.66849226804,3.85845040443,1,0,18,60,0.65,4.74358974359,4.2380952381,2,0,5,0.0681818181818,-1.92490252445,0.379644833668,1,0
2024,13,2024_13_SEA_NYJ,SEA,NYJ,28,55,0.581818181818,8.11646262887,5.30576841209,1,1,22,54,0.574074074074,6.64516129032,3.65217391304,1,1,-1,-0.00774410774411,-1.47130133854,-1.65359449905,0,0
2024,13,2024_13_SF_BUF,BUF,SF,30,59,0.576271186441,6.03730997405,4.92478632479,1,2,28,56,0.321428571429,8.44444444444,5.78947368421,2,3,-3,-0.254842615012,2.4071344704,0.864687359424,1,1
2024,13,2024_13_SF_BUF,SF,BUF,31,59,0.576271186441,6.83551167964,4.07122507123,2,0,19,45,0.4,5.22222222222,5.66666666667,0,1,-14,-0.176271186441,-1.61328945742,1.59544159544,-2,1
2024,13,2024_13_TB_CAR,CAR,TB,28,56,0.553571428571,7.90025839793,4.08518893387,1,1,22,67,0.686567164179,6.47826086957,3.71428571429,1,1,11,0.132995735608,-1.42199752837,-0.370903219587,0,0
2024,13,2024_13_TB_CAR,TB,CAR,30,56,0.553571428571,7.42958656331,5.80077597841,1,1,25,73,0.465753424658,7.05882352941,6.05128205128,1,1,17,-0.0878180039139,-0.370763033896,0.250506072874,0,0
2024,13,2024_13_TEN_WAS,TEN,WAS,28,58,0.534482758621,7.92167721519,5.09424657534,2,1,24,48,0.770833333333,5.72972972973,3.18181818182,2,0,-10,0.236350574713,-2.19194748546,-1.91242839352,0,-1
2024,13,2024_13_TEN_WAS,WAS,TEN,29,58,0.534482758621,7.36976630964,3.81543378995,1,1,25,75,0.4,6.86666666667,5.93333333333,3,3,17,-0.134482758621,-0.503099642973,2.11789954338,2,2
2024,14,2024_14_ATL_MIN,ATL,MIN,29,62,0.548387096774,8.02928949358,3.69444444444,1,1,17,69,0.536231884058,9.2972972973,4.9375,0,2,7,-0.0121552127162,1.26800780372,1.24305555556,-1,1
2024,14,2024_14_ATL_MIN,MIN,ATL,29,62,0.548387096774,7.57029478458,3.25444444444,2,1,24,52,0.538461538462,12.3928571429,4.79166666667,5,1,-10,-0.00992555831266,4.82256235828,1.53722222222,3,0
2024,14,2024_14_BUF_LA,BUF,LA,31,60,0.533333333333,7.35952813067,6.3935915493,1,2,28,54,0.685185185185,9.24324324324,6.05882352941,3,3,-6,0.151851851852,1.88371511257,-0.334768019884,2,1
2024,14,2024_14_BUF_LA,LA,BUF,30,60,0.533333333333,7.10157289776,4.26,2,1,20,72,0.416666666667,10.6666666667,3.2619047619,2,3,12,-0.116666666667,3.56509376891,-0.998095238095,0,2
2024,14,2024_14_CAR_PHI,CAR,PHI,29,61,0.475409836066,8.10288487832,3.85890975721,1,1,20,68,0.5,5.61764705882,3.47058823529,1,1,7,0.0245901639344,-2.48523781949,-0.388321521921,0,0
2024,14,2024_14_CAR_PHI,PHI,CAR,30,61,0.475409836066,7.05079299973,6.72766834631,1,2,27,52,0.403846153846,5.14285714286,6.74193548387,2,1,-9,-0.0715636822194,-1.90793585687,0.0142671375586,1,-1
2024,14,2024_14_CHI_SF,CHI,SF,29,56,0.571428571429,7.07757062147,5.80915492958,2,2,24,45,0.533333333333,5.83333333333,3.2380952381,2,0,-11,-0.0380952380952,-1.24423728814,-2.57105969148,0,-2
2024,14,2024_14_CHI_SF,SF,CHI,32,56,0.571428571429,6.51333333333,5.32877263581,1,1,20,60,0.433333333333,12.5,3.85294117647,2,3,4,-0.138095238095,5.98666666667,-1.47583145934,1,2
2024,14,2024_14_CIN_DAL,CIN,DAL,29,66,0.651515151515,6.6580421147,4.82692307692,2,1,30,63,0.698412698413,8.38636363636,3.89473684211,3,0,-3,0.0468975468975,1.72832152167,-0.932186234818,1,-1
2024,14,2024_14_CIN_DAL,DAL,CIN,30,66,0.651515151515,6.70150089606,5.02564102564,2,1,29,56,0.553571428571,5.90322580645,6.24,2,0,-10,-0.0979437229437,-0.798275089606,1.21435897436,0,-1
2024,14,2024_14_CLE_PIT,CLE,PIT,30,66,0.575757575758,7.77629449838,3.23495440729,2,1,24,66,0.621212121212,5.17073170732,4.16,2,0,0,0.0454545454545,-2.60556279106,0.925045592705,0,-1
2024,14,2024_14_CLE_PIT,PIT,CLE,30,66,0.575757575758,7.45947337452,5.01519756839,1,1,29,61,0.426229508197,6.07692307692,3.42857142857,2,1,-5,-0.149528067561,-1.3825502976,-1.58662613982,1,0
2024,14,2024_14_GB_DET,DET,GB,32,62,0.467741935484,10.4038406625,3.84134423614,1,1,24,75,0.546666666667,6.90243902439,3.26470588235,3,1,13,0.0789247311828,-3.50140163809,-0.576638353786,2,0
2024,14,2024_14_GB_DET,GB,DET,31,62,0.467741935484,7.87992575671,3.10036896689,1,1,20,44,0.454545454545,10.3,4.125,1,3,-18,-0.0131964809384,2.42007424329,1.02463103311,0,2
2024,14,2024_14_JAX_TEN,JAX,TEN,29,52,0.596153846154,6.58064516129,4.70396825397,1,1,21,57,0.543859649123,7.09677419355,2.73076923077,0,1,5,-0.052294197031,0.516129032258,-1.9731990232,-1,0
2024,14,2024_14_JAX_TEN,TEN,JAX,29,52,0.596153846154,9.2311827957,5.52896825397,2,1,25,60,0.533333333333,5.25,4.5,0,0,8,-0.0628205128205,-3.9811827957,-1.02896825397,-2,-1
2024,14,2024_14_LAC_KC,KC,LAC,33,57,0.614035087719,7.3753591954,6.1254784035,2,1,22,62,0.596774193548,5.67567567568,3.84,1,0,5,-0.0172608941709,-1.69968351973,-2.2854784035,-1,-1
2024,14,2024_14_LAC_KC,LAC,KC,29,57,0.614035087719,7.19198994253,4.95571350465,1,1,24,54,0.555555555556,7.1,3.91666666667,1,1,-3,-0.0584795321637,-0.0919899425287,-1.03904683798,0,0
2024,14,2024_14_LV_TB,LV,TB,29,62,0.596774193548,8.15821226299,3.31749015396,1,0,20,62,0.596774193548,5.54054054054,3.64,0,1,0,0,-2.61767172245,0.322509846044,-1,1
2024,14,2024_14_LV_TB,TB,LV,31,62,0.596774193548,6.80378396126,4.39088793412,1,1,27,55,0.527272727273,10.1724137931,5.84615384615,3,1,-7,-0.0695014662757,3.36862983185,1.45526591203,2,0
2024,14,2024_14_NO_NYG,NO,NYG,29,60,0.55,6.99510390599,5.74705426357,1,2,24,64,0.484375,7.06451612903,2.78787878788,1,1,4,-0.065625,0.0694122230373,-2.95917547569,0,-1
2024,14,2024_14_NO_NYG,NYG,NO,29,60,0.55,7.62942008487,4.73635658915,1,1,17,72,0.680555555556,4.63265306122,4.86956521739,0,1,12,0.130555555556,-2.99676702364,0.133208628244,-1,0
2024,14,2024_14_NYJ_MIA,MIA,NYJ,30,57,0.631578947368,7.5870603215,4.22898706897,2,1,27,66,0.712121212121,7.04255319149,2.31578947368,2,1,9,0.0805422647528,-0.544507130013,-1.91319759528,0,0
2024,14,2024_14_NYJ_MIA,NYJ,MIA,29,57,0.631578947368,5.71279643482,4.26400862069,1,0,20,60,0.65,8.69230769231,3.95238095238,1,1,3,0.0184210526316,2.97951125748,-0.311627668309,0,1
2024,14,2024_14_SEA_ARI,ARI,SEA,29,58,0.568965517241,7.17121637896,4.16709346991,1,1,19,61,0.622950819672,6.81578947368,5.26086956522,2,0,3,0.0539853024308,-0.35542690528,1.09377609531,1,-1
2024,14,2024_14_SEA_ARI,SEA,ARI,29,58,0.568965517241,6.64120835006,3.08789098226,1,1,18,61,0.491803278689,7.76666666667,5.67741935484,1,2,3,-0.0771622385529,1.12545831661,2.58952837258,0,1
2024,15,2024_15_ATL_LV,ATL,LV,30,64,0.59375,7.16889719626,3.90606060606,1,1,21,54,0.314814814815,6.58823529412,4.54054054054,1,0,-10,-0.278935185185,-0.580661902144,0.63447993448,0,-1
2024,15,2024_15_ATL_LV,LV,ATL,30,64,0.59375,7.24900934579,3.62424242424,2,0,24,61,0.639344262295,5.33333333333,2.95454545455,1,0,-3,0.0455942622951,-1.91567601246,-0.669696969697,-1,0
2024,15,2024_15_BAL_NYG,BAL,NYG,32,59,0.559322033898,6.54483127492,5.75071022727,1,2,24,56,0.446428571429,11.6,5.48387096774,5,0,-3,-0.11289346247,5.05516872508,-0.266839259531,4,-2
2024,15,2024_15_BAL_NYG,NYG,BAL,30,59,0.559322033898,5.61412039288,4.33522727273,0,1,18,57,0.649122807018,5.16216216216,2.75,1,1,-2,0.0898007731192,-0.451958230719,-1.58522727273,1,0
2024,15,2024_15_BUF_DET,BUF,DET,32,65,0.523076923077,6.83480322428,3.84755813953,2,2,26,68,0.5,10.6470588235,5.79411764706,2,4,3,-0.0230769230769,3.81225559925,1.94655950752,0,2
2024,15,2024_15_BUF_DET,DET,BUF,33,65,0.523076923077,6.69250829777,4.34953488372,2,1,27,74,0.797297297297,8.37288135593,3.2,5,1,9,0.27422037422,1.68037305816,-1.14953488372,3,0
2024,15,2024_15_CHI_MIN,CHI,MIN,30,57,0.59649122807,8.33659191106,4.8855799373,2,1,19,61,0.524590163934,6.125,3.89655172414,1,0,4,-0.0719010641357,-2.21159191106,-0.989028213166,-1,-1
2024,15,2024_15_CHI_MIN,MIN,CHI,30,57,0.59649122807,8.9345409239,6.19644723093,3,1,28,69,0.579710144928,5.775,3.93103448276,1,2,12,-0.0167810831426,-3.1595409239,-2.26541274817,-2,1
2024,15,2024_15_CIN_TEN,CIN,TEN,30,59,0.627118644068,7.49645390071,4.97245762712,2,1,29,63,0.587301587302,7.32432432432,3.88461538462,3,1,4,-0.0398170567662,-0.172129576385,-1.0878422425,1,0
2024,15,2024_15_CIN_TEN,TEN,CIN,30,59,0.627118644068,6.88636363636,5.60251883239,2,1,25,64,0.59375,7.84210526316,3.19230769231,2,2,5,-0.0333686440678,0.955741626794,-2.41021114008,0,1
2024,15,2024_15_DAL_CAR,CAR,DAL,30,62,0.564516129032,7.42108036891,3.81927244582,1,1,24,44,0.636363636364,7.82142857143,3.75,1,1,-18,0.0718475073314,0.400348202522,-0.0692724458204,0,0
2024,15,2024_15_DAL_CAR,DAL,CAR,31,62,0.564516129032,5.83917435222,6.18374613003,2,1,24,69,0.420289855072,7.37931034483,5.275,3,0,7,-0.14422627396,1.54013599261,-0.908746130031,1,-1
2024,15,2024_15_GB_SEA,GB,SEA,32,56,0.5,8.49012553582,3.73814160523,2,1,23,61,0.44262295082,8.48148148148,4.11764705882,2,1,5,-0.0573770491803,-0.00864405434216,0.379505453593,0,0
2024,15,2024_15_GB_SEA,SEA,GB,30,56,0.5,9.73109308022,3.12289609125,2,1,22,49,0.673469387755,5.24242424242,5,0,1,-7,0.173469387755,-4.4886688378,1.87710390875,-2,0
2024,15,2024_15_IND_DEN,DEN,IND,30,58,0.551724137931,8.18614190687,4.22912912913,2,1,28,60,0.55,3.93939393939,2.66666666667,3,0,2,-0.00172413793103,-4.24674796748,-1.56246246246,1,-1
2024,15,2024_15_IND_DEN,IND,DEN,30,58,0.551724137931,8.01740576497,3.16321321321,1,0,20,70,0.542857142857,4.52631578947,4.65625,0,1,12,-0.00886699507389,-3.49108997549,1.49303678679,-1,1
2024,15,2024_15_KC_CLE,CLE,KC,31,64,0.640625,7.08253968254,3.97482587065,2,1,21,55,0.618181818182,4.82352941176,6.61904761905,0,1,-9,-0.0224431818182,-2.25901027077,2.6442217484,-2,0
2024,15,2024_15_KC_CLE,KC,CLE,34,64,0.640625,6.13591269841,4.72457711443,2,1,26,75,0.533333333333,4.475,3.77142857143,2,1,11,-0.107291666667,-1.66091269841,-0.953148542999,0,0
2024,15,2024_15_LA_SF,LA,SF,31,55,0.527272727273,7.26088280061,5.13045381585,2,2,27,65,0.415384615385,5.92592592593,3.73684210526,0,0,10,-0.111888111888,-1.33495687468,-1.39361171058,-2,-2
2024,15,2024_15_LA_SF,SF,LA,33,55,0.527272727273,8.149543379,5.2759375456,1,2,24,50,0.62,4.58064516129,3.31578947368,0,0,-5,0.0927272727273,-3.56889821771,-1.96014807192,-1,-2
2024,15,2024_15_MIA_HOU,HOU,MIA,32,60,0.633333333333,6.83216705129,4.63917255826,1,1,24,46,0.565217391304,5.03846153846,3.85,2,0,-14,-0.068115942029,-1.79370551283,-0.789172558261,1,-1
2024,15,2024_15_MIA_HOU,MIA,HOU,31,60,0.633333333333,8.32312216184,3.48481277821,2,0,25,59,0.677966101695,4.9,2.73684210526,1,0,-1,0.0446327683616,-3.42312216184,-0.747970672951,-1,0
2024,15,2024_15_NE_ARI,ARI,NE,30,62,0.58064516129,6.7191588785,4.30918220947,2,0,22,64,0.5,7.25,5.09375,0,2,2,-0.0806451612903,0.530841121495,0.784567790531,-2,2
2024,15,2024_15_NE_ARI,NE,ARI,30,62,0.58064516129,6.47562305296,4.77815638451,1,1,20,47,0.489361702128,8.78260869565,4.83333333333,1,1,-15,-0.0912834591627,2.30698564269,0.0551769488283,0,0
2024,15,2024_15_NYJ_JAX,JAX,NYJ,30,55,0.618181818182,6.88821696903,3.30289373814,1,1,20,75,0.613333333333,6.39130434783,4.68965517241,2,0,20,-0.00484848484848,-0.496912621205,1.38676143427,1,-1
2024,15,2024_15_NYJ_JAX,NYJ,JAX,30,55,0.618181818182,7.51919552868,5.28273244782,2,1,24,53,0.566037735849,9.63333333333,5.4347826087,3,1,-2,-0.0521440823328,2.11413780465,0.152050160878,1,0
2024,15,2024_15_PIT_PHI,PHI,PIT,31,61,0.426229508197,7.24462365591,4.52549492999,2,2,26,74,0.432432432432,9.0625,3.11904761905,2,1,13,0.00620292423571,1.81787634409,-1.40644731094,0,-1
2024,15,2024_15_PIT_PHI,PIT,PHI,31,61,0.426229508197,9.93817204301,3.56687590536,2,1,23,39,0.564102564103,5.81818181818,3.29411764706,1,0,-22,0.137873055906,-4.11999022483,-0.272758258301,-1,-1
2024,15,2024_15_TB_LAC,LAC,TB,30,57,0.543859649123,6.96433691756,3.17272266351,0,1,19,45,0.755555555556,5.85294117647,2.90909090909,2,0,-12,0.211695906433,-1.11139574109,-0.263631754421,2,-1
2024,15,2024_15_TB_LAC,TB,LAC,32,57,0.543859649123,7.96810035842,6.28468818658,1,1,24,66,0.409090909091,10.6666666667,5.71794871795,4,0,9,-0.134768740032,2.69856630824,-0.566739468632,3,-1
2024,15,2024_15_WAS_NO,NO,WAS,30,64,0.5,6.84845360825,4.24633984028,1,1,24,48,0.666666666667,6.40625,4.3125,2,0,-16,0.166666666667,-0.442203608247,0.0661601597161,1,-1
2024,15,2024_15_WAS_NO,WAS,NO,30,64,0.5,7.50948453608,4.39174800355,2,1,22,66,0.469696969697,7.29032258065,3.91428571429,2,0,2,-0.030303030303,-0.219161955437,-0.477462289264,0,-1
2024,16,2024_16_ARI_CAR,ARI,CAR,31,62,0.58064516129,5.86706924316,7.16622993777,1,1,24,61,0.524590163934,6.3125,7.10344827586,1,2,-1,-0.0560549973559,0.445430756844,-0.0627816619041,0,1
2024,16,2024_16_ARI_CAR,CAR,ARI,31,62,0.58064516129,6.19082125604,3.89584015722,1,1,20,62,0.41935483871,6.07692307692,6.75,2,3,0,-0.161290322581,-0.113898179116,2.85415984278,1,2
2024,16,2024_16_CLE_CIN,CIN,CLE,31,64,0.65625,6.35957540911,4.82753623188,2,1,31,52,0.576923076923,8.4,5.27272727273,3,0,-12,-0.0793269230769,2.04042459089,0.445191040843,1,-1
2024,16,2024_16_CLE_CIN,CLE,CIN,32,64,0.65625,7.0424590889,5.22717391304,2,1,25,58,0.586206896552,4.61764705882,6.16666666667,0,1,-6,-0.0700431034483,-2.42481203008,0.939492753623,-2,0
2024,16,2024_16_DEN_LAC,DEN,LAC,31,55,0.6,7.38977272727,5.78935897436,2,1,29,61,0.655737704918,6.575,5.2380952381,2,1,6,0.055737704918,-0.814772727273,-0.551263736264,0,0
2024,16,2024_16_DEN_LAC,LAC,DEN,31,55,0.6,7.725,3.71666666667,1,0,19,59,0.525423728814,9.16129032258,4.17857142857,2,2,4,-0.0745762711864,1.43629032258,0.461904761905,1,2
2024,16,2024_16_DET_CHI,CHI,DET,31,64,0.59375,6.19041633936,4.27279549719,2,1,22,57,0.701754385965,8.35,3.47058823529,2,0,-7,0.108004385965,2.15958366064,-0.802207261892,0,-1
2024,16,2024_16_DET_CHI,DET,CHI,34,64,0.59375,7.81335428123,5.52936210131,2,1,32,64,0.5,10.5,4.5625,3,1,0,-0.09375,2.68664571877,-0.966862101313,1,0
2024,16,2024_16_HOU_KC,HOU,KC,33,59,0.610169491525,6.24796747967,4.11056876061,1,0,20,56,0.696428571429,6.25641025641,4.94117647059,2,0,-3,0.0862590799031,0.00844277673546,0.830607709977,1,0
2024,16,2024_16_HOU_KC,KC,HOU,35,59,0.610169491525,6.85746131655,4.18060271647,2,0,21,69,0.594202898551,6.34146341463,4.42857142857,1,2,10,-0.0159665929747,-0.515997901915,0.247968712103,-1,2
2024,16,2024_16_JAX_LV,JAX,LV,31,62,0.612903225806,6.5310394428,4.55972222222,1,0,19,60,0.65,6.33333333333,3.42857142857,1,1,-2,0.0370967741935,-0.197706109471,-1.13115079365,0,1
2024,16,2024_16_JAX_LV,LV,JAX,31,62,0.612903225806,6.32886668181,4.13263888889,1,0,18,65,0.584615384615,6.76315789474,2.55555555556,0,2,3,-0.0282878411911,0.434291212929,-1.57708333333,-1,2
2024,16,2024_16_LA_NYJ,LA,NYJ,32,59,0.542372881356,7.93981481481,4.02618207481,2,1,27,50,0.38,5.78947368421,4.25806451613,1,1,-9,-0.162372881356,-2.1503411306,0.231882441323,-1,0
2024,16,2024_16_LA_NYJ,NYJ,LA,31,59,0.542372881356,7.88734567901,3.70204657728,2,1,23,62,0.677419354839,6.09523809524,3.75,1,0,3,0.135046473483,-1.79210758377,0.0479534227241,-1,-1
2024,16,2024_16_MIN_SEA,MIN,SEA,31,56,0.589285714286,7.6858478401,4.68382352941,2,1,26,59,0.593220338983,7.02857142857,3.375,3,0,3,0.00393462469734,-0.657276411532,-1.30882352941,1,-1
2024,16,2024_16_MIN_SEA,SEA,MIN,31,56,0.589285714286,7.29572318934,5.55357142857,1,1,20,58,0.741379310345,7.3023255814,3.93333333333,3,0,2,0.152093596059,0.00660239205514,-1.62023809524,2,-1
2024,16,2024_16_NE_BUF,BUF,NE,33,59,0.525423728814,8.42437337943,5.36871673566,2,2,33,57,0.508771929825,5.31034482759,6.14285714286,1,1,-2,-0.016651798989,-3.11402855184,0.774140407198,-1,-1
2024,16,2024_16_NE_BUF,NE,BUF,31,59,0.525423728814,8.73848623287,4.5436132466,2,1,24,66,0.545454545455,7.25,4.2,2,1,7,0.020030816641,-1.48848623287,-0.3436132466,0,0
2024,16,2024_16_NO_GB,GB,NO,33,56,0.5,7.90666666667,4.6577560241,1,1,24,69,0.434782608696,7.2,4.82051282051,1,3,13,-0.0652173913043,-0.706666666667,0.162756796416,0,2
2024,16,2024_16_NO_GB,NO,GB,31,56,0.5,8.51333333333,3.28554216867,1,1,19,50,0.6,5.1,3.35,0,0,-6,0.1,-3.41333333333,0.0644578313253,-1,-1
2024,16,2024_16_NYG_ATL,ATL,NYG,31,63,0.555555555556,6.75186805176,5.08490566038,1,1,20,65,0.415384615385,7.48148148148,3.34210526316,0,2,2,-0.140170940171,0.729613429723,-1.74280039722,-1,1
2024,16,2024_16_NYG_ATL,NYG,ATL,31,63,0.555555555556,6.31574630946,3.32414504717,1,1,19,52,0.75,5.38461538462,3.46153846154,1,0,-11,0.194444444444,-0.931130924843,0.137393414369,0,-1
2024,16,2024_16_PHI_WAS,PHI,WAS,32,63,0.444444444444,6.93686868687,3.19272237197,2,1,25,67,0.417910447761,5.5,5.41025641026,1,2,4,-0.0265339966833,-1.43686868687,2.21753403829,-1,1
2024,16,2024_16_PHI_WAS,WAS,PHI,31,63,0.444444444444,7.43181818182,4.21805929919,2,1,22,63,0.619047619048,6.61538461538,4.70833333333,5,0,0,0.174603174603,-0.816433566434,0.490274034142,3,-1
2024,16,2024_16_PIT_BAL,BAL,PIT,33,58,0.5,8.95608013449,4.84256410256,3,1,26,61,0.377049180328,9,5.78947368421,3,0,3,-0.122950819672,0.0439198655085,0.946909581646,0,-1
2024,16,2024_16_PIT_BAL,PIT,BAL,32,58,0.5,7.24446623704,3.22333333333,1,1,24,57,0.578947368421,6.57575757576,4.875,2,0,-1,0.0789473684211,-0.668708661284,1.65166666667,1,-1
2024,16,2024_16_SF_MIA,MIA,SF,32,57,0.59649122807,6.36671679198,3.98557692308,2,1,22,64,0.53125,6.32352941176,5.53333333333,1,1,7,-0.0652412280702,-0.0431873802152,1.54775641026,-1,0
2024,16,2024_16_SF_MIA,SF,MIA,34,57,0.59649122807,6.5369924812,4.80336538462,1,1,20,58,0.689655172414,7.825,4.5,2,0,1,0.0931639443436,1.2880075188,-0.303365384615,1,-1
2024,16,2024_16_TB_DAL,DAL,TB,32,64,0.5,6.98333333333,3.48696471055,2,0,21,55,0.636363636364,8.34285714286,1.55,1,1,-9,0.136363636364,1.35952380952,-1.93696471055,-1,1
2024,16,2024_16_TB_DAL,TB,DAL,33,64,0.5,8.56180555556,4.22615979381,2,1,26,66,0.651515151515,7.04651162791,5.82608695652,2,1,2,0.151515151515,-1.51529392765,1.59992716271,0,0
2024,16,2024_16_TEN_IND,IND,TEN,31,58,0.568965517241,5.77367601246,5.61255526083,1,1,23,61,0.180327868852,11.9090909091,6.7,1,4,3,-0.388637648389,6.13541489663,1.08744473917,0,3
2024,16,2024_16_TEN_IND,TEN,IND,31,58,0.568965517241,6.70711318795,4.22749778957,1,1,23,56,0.607142857143,7.41176470588,2.95454545455,2,2,-2,0.0381773399015,0.704651517928,-1.27295233502,1,1
2024,17,2024_17_ARI_LA,ARI,LA,32,61,0.508196721311,8.26547987616,4.00225225225,1,1,22,70,0.685714285714,6.6875,5.13636363636,1,0,9,0.177517564403,-1.57797987616,1.13411138411,0,-1
2024,17,2024_17_ARI_LA,LA,ARI,33,61,0.508196721311,6.78844169247,5.03587516088,1,2,25,54,0.592592592593,5.90625,3.09090909091,0,1,-7,0.0843958712811,-0.882191692466,-1.94496606997,-1,-1
2024,17,2024_17_ATL_WAS,ATL,WAS,32,65,0.476923076923,6.91672839506,3.63124550683,1,1,23,58,0.603448275862,6.37142857143,5.47826086957,1,2,-7,0.126525198939,-0.545299823633,1.84701536274,0,1
2024,17,2024_17_ATL_WAS,WAS,ATL,32,65,0.476923076923,8.17222222222,3.53697879224,3,1,26,72,0.5,6.30555555556,6,3,1,7,0.0230769230769,-1.86666666667,2.46302120776,0,0
2024,17,2024_17_BAL_HOU,BAL,HOU,34,57,0.543859649123,8.06601731602,4.95408815075,2,0,24,60,0.283333333333,10.8235294118,5.83720930233,2,2,3,-0.260526315789,2.75751209575,0.883121151575,0,2
2024,17,2024_17_BAL_HOU,HOU,BAL,34,57,0.543859649123,6.24711399711,3.71390929416,2,1,21,49,0.65306122449,5.9375,3.41176470588,0,0,-8,0.109201575367,-0.309613997114,-0.302144588273,-2,-1
2024,17,2024_17_CAR_TB,CAR,TB,32,61,0.524590163934,6.74242424242,3.3226744186,1,1,20,41,0.682926829268,7.25,3,2,0,-20,0.158336665334,0.507575757576,-0.322674418605,1,-1
2024,17,2024_17_CAR_TB,TB,CAR,34,61,0.524590163934,7.45202020202,6.53158033827,3,1,29,72,0.444444444444,11.21875,5.05,5,0,11,-0.08014571949,3.76672979798,-1.48158033827,2,-1
2024,17,2024_17_DAL_PHI,DAL,PHI,33,62,0.467741935484,7.18804418454,3.62242647059,2,0,24,59,0.491525423729,5.10344827586,4.23333333333,1,0,-3,0.0237834882449,-2.08459590867,0.610906862745,-1,0
2024,17,2024_17_DAL_PHI,PHI,DAL,33,62,0.467741935484,8.09688109162,4.03629201681,2,1,25,61,0.311475409836,10.3684210526,4.2619047619,3,1,-1,-0.156266525648,2.27153996101,0.225612745098,1,0
2024,17,2024_17_DEN_CIN,CIN,DEN,32,61,0.622950819672,8.43005505506,4.48920935861,3,1,27,77,0.636363636364,8.40816326531,4.10714285714,3,1,16,0.0134128166915,-0.0218917897489,-0.382066501469,0,0
2024,17,2024_17_DEN_CIN,DEN,CIN,32,61,0.622950819672,6.05442942943,4.83400564744,2,1,28,58,0.534482758621,7.06451612903,4.55555555556,3,0,-3,-0.0884680610514,1.0100866996,-0.278450091883,1,-1
2024,17,2024_17_DET_SF,DET,SF,35,62,0.58064516129,6.87054826617,4.53060337333,2,1,28,67,0.507462686567,8.91176470588,4.60606060606,3,2,5,-0.0731824747232,2.04121643972,0.0754572327342,1,1
2024,17,2024_17_DET_SF,SF,DET,35,62,0.58064516129,7.43728522337,4.127977743,1,2,23,58,0.689655172414,10.3,4.16666666667,3,2,-4,0.109010011123,2.86271477663,0.0386889236654,2,0
2024,17,2024_17_GB_MIN,GB,MIN,34,58,0.51724137931,8.37290379523,4.34388807069,1,1,26,54,0.555555555556,6.16666666667,4.33333333333,1,2,-4,0.0383141762452,-2.20623712857,-0.0105547373589,0,1
2024,17,2024_17_GB_MIN,MIN,GB,32,58,0.51724137931,7.95454545455,3.3428839202,2,1,23,69,0.623188405797,8.76744186047,2.65384615385,3,0,11,0.105947026487,0.81289640592,-0.689037766357,1,-1
2024,17,2024_17_IND_NYG,IND,NYG,32,60,0.533333333333,5.66591780822,6.18011083744,1,1,26,71,0.535211267606,8.68421052632,3.81818181818,2,2,11,0.0018779342723,3.0182927181,-2.36192901926,1,1
2024,17,2024_17_IND_NYG,NYG,IND,32,60,0.533333333333,6.75857534247,3.34544334975,2,1,20,53,0.433962264151,13.4347826087,2.66666666667,4,1,-7,-0.0993710691824,6.67620726623,-0.678776683087,2,0
2024,17,2024_17_KC_PIT,KC,PIT,36,61,0.55737704918,7.12654320988,4.99342105263,2,1,24,58,0.655172413793,8.42105263158,3.45,3,1,-3,0.0977953646128,1.2945094217,-1.54342105263,1,0
2024,17,2024_17_KC_PIT,PIT,KC,33,61,0.55737704918,5.73629420381,3.72876794258,1,0,19,68,0.544117647059,5.54054054054,6.51612903226,0,1,7,-0.0132594021215,-0.195753663268,2.78736108967,-1,1
2024,17,2024_17_LAC_NE,LAC,NE,32,56,0.571428571429,6.44405677114,4.74621848739,1,1,25,77,0.519480519481,7.025,3.97297297297,3,1,21,-0.0519480519481,0.580943228859,-0.773245514422,2,0
2024,17,2024_17_LAC_NE,NE,LAC,32,56,0.571428571429,7.94346540509,6.00476190476,2,1,24,44,0.545454545455,4.79166666667,4.8,1,0,-12,-0.025974025974,-3.15179873842,-1.20476190476,-1,-1
2024,17,2024_17_LV_NO,LV,NO,32,59,0.593220338983,6.53537068478,4.68693693694,1,1,18,73,0.479452054795,6.91428571429,4.10526315789,2,0,14,-0.113768284189,0.378915029509,-0.581673779042,1,-1
2024,17,2024_17_LV_NO,NO,LV,32,59,0.593220338983,5.97057159027,4.30082256169,1,0,17,49,0.734693877551,6.05555555556,6.23076923077,1,0,-10,0.141473538568,0.0849839652896,1.92994666908,0,0
2024,17,2024_17_MIA_CLE,CLE,MIA,33,62,0.629032258065,5.68049131852,4.56491596639,1,0,17,75,0.626666666667,3.6170212766,4.07142857143,0,0,13,-0.00236559139785,-2.06347004193,-0.493487394958,-1,0
2024,17,2024_17_MIA_CLE,MIA,CLE,33,62,0.629032258065,5.76795056486,4.55504201681,2,1,25,53,0.490566037736,8.65384615385,2.74074074074,1,1,-9,-0.138466220329,2.88589558898,-1.81430127607,-1,0
2024,17,2024_17_NYJ_BUF,BUF,NYJ,34,59,0.576271186441,7.60081081081,5.42484177215,2,2,31,62,0.451612903226,8.96428571429,2.85294117647,3,2,3,-0.124658283215,1.36347490347,-2.57190059568,1,0
2024,17,2024_17_NYJ_BUF,NYJ,BUF,32,59,0.576271186441,9.35698198198,4.17929193038,2,1,27,53,0.603773584906,6.09375,5.33333333333,2,0,-6,0.027502398465,-3.26323198198,1.15404140295,0,-1
2024,17,2024_17_SEA_CHI,CHI,SEA,32,56,0.607142857143,6.95184748428,4.54910929225,2,0,19,51,0.549019607843,4.35714285714,4.47826086957,0,0,-5,-0.0581232492997,-2.59470462713,-0.0708484226832,-2,0
2024,17,2024_17_SEA_CHI,SEA,CHI,32,56,0.607142857143,8.04205974843,5.45823302841,2,2,27,48,0.479166666667,6.95652173913,4.88,0,0,-8,-0.127976190476,-1.0855380093,-0.578233028406,-2,-2
2024,17,2024_17_TEN_JAX,JAX,TEN,32,61,0.590163934426,6.27055702918,5.17105263158,1,1,23,55,0.4,7.90909090909,3.69696969697,2,0,-6,-0.190163934426,1.63853387991,-1.47408293461,1,-1
2024,17,2024_17_TEN_JAX,TEN,JAX,32,61,0.590163934426,6.52950928382,3.90789473684,1,1,22,61,0.508196721311,6.22580645161,5.3,1,0,0,-0.0819672131148,-0.303702832207,1.39210526316,0,-1
2024,18,2024_18_BUF_NE,BUF,NE,35,57,0.508771929825,8.23235800344,5.68384009009,2,2,34,65,0.492307692308,4.03125,3.93939393939,1,1,8,-0.0164642375169,-4.20110800344,-1.7444461507,-1,-1
2024,18,2024_18_BUF_NE,NE,BUF,33,57,0.508771929825,8.70170793062,3.77336711712,2,1,21,60,0.5,8.03333333333,2.56666666667,1,1,3,-0.00877192982456,-0.66837459729,-1.20670045045,-1,0
2024,18,2024_18_CAR_ATL,ATL,CAR,33,57,0.526315789474,8.12434393331,6.90949764521,2,1,28,76,0.5,8.21052631579,5.97368421053,2,3,19,-0.0263157894737,0.0861823824767,-0.935813434686,0,2
2024,18,2024_18_CAR_ATL,CAR,ATL,33,57,0.526315789474,7.61886384687,4.29403453689,2,1,20,65,0.538461538462,7.71428571429,5.16666666667,3,3,8,0.0121457489879,0.0954218674194,0.872632129775,1,2
2024,18,2024_18_CHI_GB,CHI,GB,33,57,0.543859649123,7.30022988506,3.10615568504,1,0,14,56,0.535714285714,4.93333333333,3.19230769231,1,1,-1,-0.00814536340852,-2.36689655172,0.0861520072636,0,1
2024,18,2024_18_CHI_GB,GB,CHI,35,57,0.543859649123,7.25568965517,4.99492006574,1,1,27,58,0.431034482759,8.2,5.54545454545,0,2,1,-0.112825166364,0.944310344828,0.550534479714,-1,1
2024,18,2024_18_CIN_PIT,CIN,PIT,33,60,0.583333333333,8.4703898051,5.10087719298,3,1,30,67,0.686567164179,6.02173913043,3.2380952381,1,0,7,0.103233830846,-2.44865067466,-1.86278195489,-2,-1
2024,18,2024_18_CIN_PIT,PIT,CIN,34,60,0.583333333333,5.89430284858,4.93311403509,1,1,20,54,0.574074074074,4.77419354839,3.21739130435,1,1,-6,-0.00925925925926,-1.12010930019,-1.71572273074,0,0
2024,18,2024_18_CLE_BAL,BAL,CLE,35,62,0.5,8.09063545151,5.06708659491,3,1,28,67,0.477611940299,6.78125,6.28571428571,2,2,5,-0.0223880597015,-1.30938545151,1.2186276908,-1,1
2024,18,2024_18_CLE_BAL,CLE,BAL,34,62,0.5,6.7347826087,3.77336105675,1,1,12,53,0.641509433962,5.38235294118,2.94736842105,1,0,-9,0.141509433962,-1.35242966752,-0.825992635699,0,-1
2024,18,2024_18_HOU_TEN,HOU,TEN,35,55,0.618181818182,5.70848763887,5.6047008547,2,1,23,57,0.491228070175,6.35714285714,7.13793103448,1,1,2,-0.126953748006,0.648655218268,1.53323017978,-1,0
2024,18,2024_18_HOU_TEN,TEN,HOU,33,55,0.618181818182,6.90576518867,5.92165242165,2,1,23,58,0.448275862069,9.42307692308,2.65625,1,0,3,-0.169905956113,2.51731173441,-3.26540242165,-1,-1
2024,18,2024_18_JAX_IND,IND,JAX,33,64,0.5,7.09120206252,4.77867993714,1,2,23,74,0.540540540541,6.6,5.20588235294,1,1,10,0.0405405405405,-0.49120206252,0.427202415801,0,-1
2024,18,2024_18_JAX_IND,JAX,IND,33,64,0.5,7.31238586314,2.9314300681,2,1,26,66,0.484848484848,7.03125,3.32352941176,1,1,2,-0.0151515151515,-0.281135863143,0.392099343666,-1,0
2024,18,2024_18_KC_DEN,DEN,KC,33,63,0.603174603175,5.51793794441,4.59357429719,2,0,21,72,0.402777777778,11.0689655172,3.67441860465,4,1,9,-0.200396825397,5.55102757283,-0.919155692538,2,1
2024,18,2024_18_KC_DEN,KC,DEN,37,63,0.603174603175,7.36215255333,4.4978313253,2,1,25,28,0.607142857143,5.76470588235,2.45454545455,0,0,-35,0.00396825396825,-1.59744667098,-2.04328587076,-2,-1
2024,18,2024_18_LAC_LV,LAC,LV,33,62,0.58064516129,6.21398809524,3.79219600726,2,1,21,71,0.507042253521,9.61111111111,3.91428571429,2,1,9,-0.0736029077692,3.39712301587,0.122089707026,0,0
2024,18,2024_18_LAC_LV,LV,LAC,33,62,0.58064516129,6.32767857143,4.48903508772,2,0,20,48,0.75,6.25,3.25,2,0,-14,0.16935483871,-0.0776785714286,-1.23903508772,0,0
2024,18,2024_18_MIA_NYJ,MIA,NYJ,34,58,0.603448275862,6.32903846154,4.77261513158,2,1,25,64,0.640625,5.53658536585,5.86956521739,1,1,6,0.0371767241379,-0.792453095685,1.09695008581,-1,0
2024,18,2024_18_MIA_NYJ,NYJ,MIA,33,58,0.603448275862,6.62769230769,4.22697368421,2,0,18,59,0.627118644068,7.40540540541,5.36363636364,4,0,1,0.0236703682057,0.777713097713,1.13666267943,2,0
2024,18,2024_18_MIN_DET,DET,MIN,36,66,0.590909090909,7.47691525424,3.90933544304,3,1,29,64,0.515625,7,5.74193548387,1,3,-2,-0.0752840909091,-0.476915254237,1.83260004083,-2,2
2024,18,2024_18_MIN_DET,MIN,DET,33,66,0.590909090909,8.0506440678,3.73963607595,2,1,30,60,0.683333333333,4.0487804878,6.31578947368,0,0,-6,0.0924242424242,-4.00186357999,2.57615339773,-2,-1
2024,18,2024_18_NO_TB,NO,TB,33,60,0.566666666667,6.34073629452,2.71428571429,1,0,15,61,0.688524590164,5.71428571429,3.36842105263,1,0,1,0.121857923497,-0.626450580232,0.654135338346,0,0
2024,18,2024_18_NO_TB,TB,NO,35,60,0.566666666667,8.14665866347,7.64835934374,3,1,30,63,0.507936507937,6.90625,5.77419354839,2,1,3,-0.0587301587302,-1.24040866347,-1.87416579535,-1,0
2024,18,2024_18_NYG_PHI,NYG,PHI,33,60,0.5,6.9656054213,2.63182346109,2,0,20,54,0.537037037037,4.75862068966,4,1,0,-6,0.037037037037,-2.20698473165,1.36817653891,-1,0
2024,18,2024_18_NYG_PHI,PHI,NYG,34,60,0.5,8.20847717683,5.475029036,2,1,31,66,0.621212121212,6.56097560976,2.04,2,0,6,0.121212121212,-1.64750156708,-3.435029036,0,-1
2024,18,2024_18_SEA_LA,LA,SEA,34,55,0.527272727273,5.95745920746,4.77197802198,1,1,19,62,0.661290322581,8.14634146341,4,2,0,7,0.134017595308,2.18888225596,-0.771978021978,1,-1
2024,18,2024_18_SEA_LA,SEA,LA,33,55,0.527272727273,7.87665112665,3.70947802198,1,0,15,51,0.529411764706,8.25925925926,5.25,4,0,-4,0.00213903743316,0.382608132608,1.54052197802,3,0
2024,18,2024_18_SF_ARI,ARI,SF,33,60,0.6,6.42458976834,7.08543263965,1,1,24,62,0.564516129032,6.91428571429,5.59259259259,4,2,2,-0.0354838709677,0.489695945946,-1.49284004706,3,1
2024,18,2024_18_SF_ARI,SF,ARI,36,60,0.6,6.35629826255,4.56319824754,1,1,21,71,0.605633802817,7.58139534884,4.92857142857,2,1,11,0.0056338028169,1.22509708629,0.365373181036,1,0
2024,18,2024_18_WAS_DAL,DAL,WAS,34,64,0.515625,6.26141205113,4.18684210526,2,1,24,73,0.465753424658,7.17647058824,3.84615384615,0,1,9,-0.0498715753425,0.915058537109,-0.340688259109,-2,0
2024,18,2024_18_WAS_DAL,WAS,DAL,33,64,0.515625,7.21936498276,4.52485380117,3,1,28,49,0.632653061224,6.41935483871,6.27777777778,2,1,-15,0.117028061224,-0.800010144045,1.75292397661,-1,0
2024,19,2024_19_DEN_BUF,BUF,DEN,36,62,0.516129032258,6.97,3.52307692308,2,1,26,70,0.371428571429,10.4615384615,4.77272727273,2,1,8,-0.144700460829,3.49153846154,1.24965034965,0,0
2024,19,2024_19_DEN_BUF,DEN,BUF,34,62,0.516129032258,7.93073033708,3.80624638519,2,1,28,40,0.575,6.91304347826,4.64705882353,1,0,-22,0.0588709677419,-1.01768685882,0.840812438336,-1,-1
2024,19,2024_19_GB_PHI,GB,PHI,36,62,0.451612903226,6.65561497326,4.07773191824,1,1,23,58,0.568965517241,6.42424242424,4.28,0,1,-4,0.117352614016,-0.23137254902,0.202268081761,-1,0
2024,19,2024_19_GB_PHI,PHI,GB,35,62,0.451612903226,7.51096256684,3.22081367925,2,1,24,55,0.381818181818,6.2380952381,4.97058823529,2,0,-7,-0.0697947214076,-1.27286732875,1.74977455605,0,-1
2024,19,2024_19_LAC_HOU,HOU,LAC,36,59,0.576271186441,5.90866610025,3.99484126984,1,0,18,67,0.492537313433,8.54545454545,4.94117647059,1,1,8,-0.0837338730078,2.6367884452,0.946335200747,0,1
2024,19,2024_19_LAC_HOU,LAC,HOU,34,59,0.576271186441,7.73680732559,5.65579365079,2,1,27,50,0.64,7.5625,2.77777777778,1,0,-9,0.0637288135593,-0.174307325592,-2.87801587302,-1,-1
2024,19,2024_19_MIN_LA,LA,MIN,35,60,0.566666666667,6.50744428206,4.38993341167,1,1,23,49,0.551020408163,7.74074074074,4.09090909091,2,0,-11,-0.0156462585034,1.23329645868,-0.299024320763,1,-1
2024,19,2024_19_MIN_LA,MIN,LA,34,60,0.566666666667,7.66295213738,4.07814336075,2,0,21,62,0.645161290323,6.125,4.81818181818,1,0,2,0.0784946236559,-1.53795213738,0.74003845743,-1,0
2024,19,2024_19_PIT_BAL,BAL,PIT,36,60,0.483333333333,8.20242024202,5.26690981432,2,1,29,71,0.295774647887,8.33333333333,5.98,2,2,11,-0.187558685446,0.130913091309,0.713090185676,0,1
2024,19,2024_19_PIT_BAL,PIT,BAL,35,60,0.483333333333,6.91900440044,3.5149204244,1,0,14,41,0.731707317073,9,2.63636363636,2,0,-19,0.24837398374,2.08099559956,-0.87855678804,1,0
2024,19,2024_19_WAS_TB,TB,WAS,36,64,0.53125,7.05541350732,5.86115657392,2,1,29,43,0.418604651163,10.2777777778,4.04,2,0,-21,-0.112645348837,3.22236427046,-1.82115657392,0,-1
2024,19,2024_19_WAS_TB,WAS,TB,34,64,0.53125,6.66099453359,3.54609929078,2,1,24,68,0.514705882353,7.65714285714,2.48484848485,2,0,4,-0.0165441176471,0.996148323551,-1.06125080593,0,-1
2024,20,2024_20_BAL_BUF,BAL,BUF,37,65,0.415384615385,7.57358803987,4.21501970721,2,1,25,55,0.454545454545,10.16,5.86666666667,2,1,-10,0.0391608391608,2.58641196013,1.65164695946,0,0
2024,20,2024_20_BAL_BUF,BUF,BAL,37,65,0.415384615385,8.38355481728,2.52706221847,2,1,20,58,0.379310344828,5.77272727273,4.08333333333,0,3,-7,-0.036074270557,-2.61082754455,1.55627111486,-2,2
2024,20,2024_20_HOU_KC,HOU,KC,37,56,0.589285714286,7.50504032258,6.46896186441,1,1,20,57,0.491228070175,8.75,5.13793103448,0,1,1,-0.0980576441103,1.24495967742,-1.33103082992,-1,0
2024,20,2024_20_HOU_KC,KC,HOU,38,56,0.589285714286,7.13877688172,4.27690677966,1,1,19,47,0.531914893617,7.08,2.27272727273,1,1,-9,-0.0573708206687,-0.0587768817204,-2.00417950693,0,0
2024,20,2024_20_LA_PHI,LA,PHI,36,59,0.491525423729,6.73407407407,3.51500380807,1,0,17,65,0.676923076923,7.36363636364,5.28571428571,2,0,6,0.185397653194,0.629562289562,1.77071047764,1,0
2024,20,2024_20_LA_PHI,PHI,LA,36,59,0.491525423729,7.63018518519,4.6290936786,2,0,21,54,0.37037037037,6.4,8.38235294118,0,3,-5,-0.121155053358,-1.23018518519,3.75325926258,-2,3
2024,20,2024_20_WAS_DET,DET,WAS,37,65,0.538461538462,7.59001782531,4.64583333333,2,1,29,66,0.651515151515,7.81395348837,8.73913043478,1,3,1,0.113053613054,0.22393566306,4.09329710145,-1,2
2024,20,2024_20_WAS_DET,WAS,DET,35,65,0.538461538462,8.00802139037,3.68498563218,2,1,25,73,0.424657534247,9.64516129032,4.33333333333,2,3,8,-0.113804004215,1.63713989995,0.648347701149,0,2
2024,21,2024_21_BUF_KC,BUF,KC,38,57,0.508771929825,8.11875,6.95675404909,1,1,23,66,0.515151515152,6.97058823529,4.59375,2,2,9,0.00637958532695,-1.14816176471,-2.36300404909,1,1
2024,21,2024_21_BUF_KC,KC,BUF,39,57,0.508771929825,7.80625,2.84638503924,1,1,18,61,0.426229508197,9.42307692308,3.85714285714,1,3,4,-0.0825424216278,1.61682692308,1.0107578179,0,2
2024,21,2024_21_WAS_PHI,PHI,WAS,37,62,0.483870967742,7.16281116419,5.14516129032,1,1,25,64,0.4375,8.78571428571,6.36111111111,1,7,2,-0.0463709677419,1.62290312152,1.21594982079,0,6
2024,21,2024_21_WAS_PHI,WAS,PHI,36,62,0.483870967742,8.05820970581,3.73655913978,1,1,24,74,0.662162162162,5.67346938776,3.96,1,1,12,0.17829119442,-2.38474031805,0.223440860215,0,0
2024,22,2024_22_KC_PHI,KC,PHI,40,54,0.481481481481,9.7220801364,3.08286199095,1,1,18,43,0.744186046512,8.03125,4.45454545455,3,0,-11,0.26270456503,-1.6908301364,1.3716834636,2,-1
2024,22,2024_22_KC_PHI,PHI,KC,38,54,0.481481481481,9.56383205456,6.62188914027,2,2,29,68,0.338235294118,9.60869565217,3,2,1,14,-0.143246187364,0.044863597613,-3.62188914027,0,-1
2025,1,2025_01_ARI_NO,ARI,NO,34,59,0.627118644068,6.46960547504,8,2,1,27,56,0.517857142857,5.62068965517,5.40740740741,2,0,-3,-0.109261501211,-0.848915819868,-2.59259259259,0,-1
2025,1,2025_01_ARI_NO,NO,ARI,34,59,0.627118644068,5.75479066023,4.91666666667,1,1,18,68,0.676470588235,4.65217391304,4.86363636364,0,1,9,0.0493519441675,-1.10261674718,-0.0530303030303,-1,0
2025,1,2025_01_BAL_BUF,BAL,BUF,38,64,0.40625,8.15322076298,4.76281055901,2,2,25,48,0.395833333333,11,8.20689655172,2,3,-16,-0.0104166666667,2.84677923702,3.44408599272,0,1
2025,1,2025_01_BAL_BUF,BUF,BAL,39,64,0.40625,7.59599749844,3.25869565217,1,2,22,77,0.597402597403,8.5652173913,3.48387096774,2,3,13,0.191152597403,0.969219892868,0.225175315568,1,1
2025,1,2025_01_CAR_JAX,CAR,JAX,34,59,0.542372881356,7.38365349764,5.06695914845,2,1,24,60,0.583333333333,4.4,4.52,1,0,1,0.0409604519774,-2.98365349764,-0.546959148446,-1,-1
2025,1,2025_01_CAR_JAX,JAX,CAR,34,59,0.542372881356,8.37761266159,5.76330552359,2,1,27,63,0.492063492063,5.74193548387,6.25,1,1,4,-0.0503093892924,-2.63567717772,0.48669447641,-1,0
2025,1,2025_01_CIN_CLE,CIN,CLE,34,63,0.619047619048,6.78139130435,4.99295774648,2,1,26,46,0.5,4.91304347826,2,1,1,-17,-0.119047619048,-1.86834782609,-2.99295774648,-1,0
2025,1,2025_01_CIN_CLE,CLE,CIN,35,63,0.619047619048,4.31339130435,4.66901408451,1,1,12,69,0.652173913043,6.44444444444,2.04166666667,1,1,6,0.0331262939959,2.1310531401,-2.62734741784,0,0
2025,1,2025_01_DAL_PHI,DAL,PHI,35,62,0.467741935484,9.53909169302,2.85642403517,2,1,20,56,0.607142857143,5.52941176471,5.40909090909,0,2,-6,0.139400921659,-4.00967992831,2.55266687392,-2,1
2025,1,2025_01_DAL_PHI,PHI,DAL,39,62,0.467741935484,7.75646737568,5.2149975574,2,2,32,61,0.377049180328,6.60869565217,4.15789473684,0,3,-1,-0.090692755156,-1.14777172351,-1.05710282056,-2,1
2025,1,2025_01_DET_GB,DET,GB,38,62,0.532258064516,7.68181818182,5.0090412111,2,2,28,61,0.639344262295,5.76923076923,2.09090909091,1,0,-1,0.107086197779,-1.91258741259,-2.91813212019,-1,-2
2025,1,2025_01_DET_GB,GB,DET,37,62,0.532258064516,7.40681818182,4.56910569106,1,2,26,47,0.468085106383,8.54545454545,3.12,2,1,-15,-0.0641729581332,1.13863636364,-1.44910569106,1,-1
2025,1,2025_01_HOU_LA,HOU,LA,38,58,0.568965517241,6.62138844302,6.88688858696,1,1,20,54,0.5,6.96296296296,4.22222222222,0,0,-4,-0.0689655172414,0.341574519945,-2.66466636473,-1,-1
2025,1,2025_01_HOU_LA,LA,HOU,37,58,0.568965517241,7.60087279294,3.23199728261,1,0,21,54,0.537037037037,8.44827586207,2.88,1,1,-4,-0.0319284802043,0.847403069132,-0.351997282609,0,1
2025,1,2025_01_KC_LAC,KC,LAC,41,56,0.571428571429,6.96999107541,3.40392156863,2,1,23,56,0.696428571429,6.61538461538,5.76470588235,1,1,0,0.125,-0.354606460028,2.36078431373,-1,0
2025,1,2025_01_KC_LAC,LAC,KC,35,56,0.571428571429,8.25808790718,5.02467320261,2,1,27,59,0.576271186441,9.35294117647,3.6,3,0,3,0.00484261501211,1.09485326929,-1.42467320261,1,-1
2025,1,2025_01_LV_NE,LV,NE,34,59,0.559322033898,6.45443425076,4.52053571429,2,1,23,58,0.586206896552,10.6470588235,2.33333333333,1,1,-1,0.0268848626534,4.19262457276,-2.18720238095,-1,0
2025,1,2025_01_LV_NE,NE,LV,34,59,0.559322033898,7.14796126402,3.75186688312,1,1,19,64,0.71875,6.23913043478,3.33333333333,1,0,5,0.159427966102,-0.908830829234,-0.418533549784,0,-1
2025,1,2025_01_MIA_IND,IND,MIA,34,64,0.5,7.82055846034,4.6827457265,2,1,24,69,0.420289855072,9.37931034483,3.9,1,2,5,-0.0797101449275,1.55875188449,-0.782745726496,-1,1
2025,1,2025_01_MIA_IND,MIA,IND,35,64,0.5,7.7177105351,3.44631410256,2,1,27,43,0.720930232558,4.70967741935,6.5,1,0,-21,0.220930232558,-3.00803311574,3.05368589744,-1,-1
2025,1,2025_01_MIN_CHI,CHI,MIN,34,59,0.610169491525,5.60179394338,4.63218000905,1,1,20,61,0.573770491803,6,4.57692307692,1,1,2,-0.0363989997221,0.398206056616,-0.0552569321226,0,0
2025,1,2025_01_MIN_CHI,MIN,CHI,35,59,0.610169491525,6.75394996708,5.61815920398,1,1,21,46,0.434782608696,7.15,4.61538461538,2,1,-13,-0.17538688283,0.396050032916,-1.0027745886,1,0
2025,1,2025_01_NYG_WAS,NYG,WAS,34,62,0.564516129032,6.94467271859,4.30941176471,2,2,26,60,0.616666666667,4.54054054054,3.21739130435,0,0,-2,0.0521505376344,-2.40413217805,-1.09202046036,-2,-2
2025,1,2025_01_NYG_WAS,WAS,NYG,37,62,0.564516129032,8.07501194458,4.05029411765,2,1,29,62,0.483870967742,7.76666666667,6.875,1,2,0,-0.0806451612903,-0.30834527791,2.82470588235,-1,1
2025,1,2025_01_PIT_NYJ,NYJ,PIT,34,55,0.618181818182,7.20454127597,5.77448107448,2,0,23,61,0.360655737705,9.90909090909,4.66666666667,1,3,6,-0.257526080477,2.70454963312,-1.10781440781,-1,3
2025,1,2025_01_PIT_NYJ,PIT,NYJ,36,55,0.618181818182,5.82722007722,5.23504273504,1,1,20,50,0.6,8.13333333333,2.65,4,0,-5,-0.0181818181818,2.30611325611,-2.58504273504,3,-1
2025,1,2025_01_SF_SEA,SEA,SF,34,57,0.614035087719,6.83674272227,6.0625,2,1,27,49,0.469387755102,6.52173913043,3.23076923077,0,1,-8,-0.144647332617,-0.315003591831,-2.83173076923,-2,0
2025,1,2025_01_SF_SEA,SF,SEA,37,57,0.614035087719,8.04655127196,4.390625,2,1,22,71,0.492957746479,7.91428571429,3.30555555556,2,0,14,-0.12107734124,-0.132265557679,-1.08506944444,0,-1
2025,1,2025_01_TB_ATL,ATL,TB,34,63,0.47619047619,8.02036585366,3.38778409091,1,1,24,70,0.6,7.09523809524,2.46428571429,1,1,7,0.12380952381,-0.92512775842,-0.923498376623,0,0
2025,1,2025_01_TB_ATL,TB,ATL,37,63,0.47619047619,8.19963414634,4.61142676768,3,1,29,55,0.581818181818,5.21875,4.39130434783,3,0,-8,0.105627705628,-2.98088414634,-0.220122419851,0,-1
2025,1,2025_01_TEN_DEN,DEN,TEN,35,58,0.534482758621,6.86468952734,6.02134646962,2,1,25,70,0.571428571429,4.4,5.03333333333,1,1,12,0.0369458128079,-2.46468952734,-0.988013136289,-1,0
2025,1,2025_01_TEN_DEN,TEN,DEN,34,58,0.534482758621,8.5020521647,3.86227422003,2,1,20,49,0.571428571429,4,3.38095238095,0,0,-9,0.0369458128079,-4.5020521647,-0.48132183908,-2,-1
2025,2,2025_02_ATL_MIN,ATL,MIN,35,62,0.564516129032,6.83956091261,5.25884621835,1,2,27,60,0.35,6.42857142857,5.58974358974,0,1,-2,-0.214516129032,-0.410989484042,0.330897371397,-1,-1
2025,2,2025_02_ATL_MIN,MIN,ATL,36,62,0.564516129032,5.62953077916,5.2337749455,2,1,22,40,0.525,7.52380952381,4.10526315789,0,0,-22,-0.0395161290323,1.89427874464,-1.1285117876,-2,-1
2025,2,2025_02_BUF_NYJ,BUF,NYJ,40,62,0.516129032258,7.68271924154,3.76810790835,2,2,30,70,0.385714285714,6.66666666667,5.20930232558,0,3,8,-0.130414746544,-1.01605257488,1.44119441723,-2,1
2025,2,2025_02_BUF_NYJ,NYJ,BUF,35,62,0.516129032258,7.24531351002,5.28492239468,2,2,27,43,0.511627906977,3.77272727273,4.7619047619,1,0,-19,-0.00450112528132,-3.47258623729,-0.523017632774,-1,-2
2025,2,2025_02_CAR_ARI,ARI,CAR,35,59,0.576271186441,7.57270408163,7.32236842105,2,1,31,47,0.531914893617,8.8,3.72727272727,1,1,-12,-0.0443562928237,1.22729591837,-3.59509569378,-1,0
2025,2,2025_02_CAR_ARI,CAR,ARI,35,59,0.576271186441,6.45344387755,4.31656346749,1,1,21,74,0.743243243243,5.96363636364,2.57894736842,3,0,15,0.166972056803,-0.489807513915,-1.73761609907,2,-1
2025,2,2025_02_CHI_DET,CHI,DET,35,60,0.566666666667,5.41977559607,4.53333333333,1,1,22,60,0.55,7.09090909091,4.96296296296,2,1,0,-0.0166666666667,1.67113349484,0.42962962963,1,0
2025,2,2025_02_CHI_DET,DET,CHI,39,60,0.566666666667,6.17466105657,5.62938596491,1,2,24,58,0.48275862069,11.9285714286,5.9,5,2,-2,-0.083908045977,5.753910372,0.270614035088,4,0
2025,2,2025_02_CLE_BAL,BAL,CLE,39,61,0.508196721311,7.11007326007,5.66500839902,2,2,28,50,0.58,7.75862068966,2.14285714286,4,0,-11,0.0718032786885,0.648547429582,-3.52215125616,2,-2
2025,2,2025_02_CLE_BAL,CLE,BAL,36,61,0.508196721311,8.6362026862,2.8450058147,1,1,16,70,0.685714285714,4.54166666667,5.22727272727,2,0,9,0.177517564403,-4.09453601954,2.38226691257,1,-1
2025,2,2025_02_DEN_IND,DEN,IND,36,65,0.507692307692,6.74278748476,3.42191069574,2,1,24,54,0.555555555556,6.86666666667,4.91666666667,3,1,-11,0.0478632478632,0.123879181904,1.49475597092,1,0
2025,2,2025_02_DEN_IND,IND,DEN,35,65,0.507692307692,6.66629418935,3.8559709242,1,1,24,66,0.515151515152,9.29411764706,5.21875,1,1,1,0.00745920745921,2.6278234577,1.3627790758,0,0
2025,2,2025_02_JAX_CIN,CIN,JAX,35,62,0.548387096774,6.9924227318,3.85795454545,1,1,21,62,0.725806451613,7.04444444444,2.82352941176,3,1,0,0.177419354839,0.0520217126399,-1.03442513369,2,0
2025,2,2025_02_JAX_CIN,JAX,CIN,35,62,0.548387096774,6.17801595214,3.9053030303,2,1,20,69,0.608695652174,6.45238095238,5.14814814815,3,0,7,0.0603085553997,0.274365000237,1.24284511785,1,-1
2025,2,2025_02_LAC_LV,LAC,LV,36,61,0.590163934426,8.49355742297,3.65401940402,2,0,22,53,0.509433962264,8.96296296296,3.11538461538,2,0,-8,-0.0807299721621,0.469405539994,-0.538634788635,0,0
2025,2,2025_02_LAC_LV,LV,LAC,35,61,0.590163934426,7.69761904762,3.65107415107,2,0,22,62,0.693548387097,4.18604651163,3.57894736842,0,0,1,0.103384452671,-3.51157253599,-0.0721267826531,-2,0
2025,2,2025_02_LA_TEN,LA,TEN,38,57,0.561403508772,6.99588235294,4.89891920624,2,0,22,58,0.568965517241,9.0303030303,5.96,2,2,1,0.00756200846945,2.03442067736,1.06108079376,0,2
2025,2,2025_02_LA_TEN,TEN,LA,35,57,0.561403508772,6.04029411765,5.61082565556,1,1,16,59,0.559322033898,5.30303030303,4.19230769231,1,0,2,-0.00208147487362,-0.737263814617,-1.41851796326,0,-1
2025,2,2025_02_NE_MIA,MIA,NE,36,56,0.589285714286,6.91102040816,4.7630455408,1,1,21,47,0.68085106383,9.84375,4.06666666667,2,0,-9,0.0915653495441,2.93272959184,-0.69637887413,1,-1
2025,2,2025_02_NE_MIA,NE,MIA,35,56,0.589285714286,6.86806122449,4.84226755218,1,1,19,52,0.442307692308,10,4.20689655172,2,1,-4,-0.146978021978,3.13193877551,-0.635371000458,1,0
2025,2,2025_02_NYG_DAL,DAL,NYG,36,59,0.542372881356,7.66384802502,4.7206959707,1,1,22,80,0.65,6.94230769231,4.82142857143,2,2,21,0.107627118644,-0.721540332713,0.100732600733,1,1
2025,2,2025_02_NYG_DAL,NYG,DAL,35,59,0.542372881356,6.27979844782,4.10073260073,2,1,23,62,0.661290322581,10.9756097561,4,3,1,3,0.118917441225,4.69581130828,-0.100732600733,1,0
2025,2,2025_02_PHI_KC,KC,PHI,42,56,0.5,8.80266090833,3.35994397759,1,1,21,55,0.527272727273,6.44827586207,4.65384615385,1,1,-1,0.0272727272727,-2.35438504626,1.29390217626,0,0
2025,2,2025_02_PHI_KC,PHI,KC,40,56,0.5,8.18243243243,5.14565826331,2,2,34,56,0.392857142857,4.59090909091,3.58823529412,0,2,0,-0.107142857143,-3.59152334152,-1.55742296919,-2,0
2025,2,2025_02_SEA_PIT,PIT,SEA,37,51,0.56862745098,8.65791058257,3.48444444444,2,0,19,56,0.625,6.14285714286,3.42857142857,1,0,5,0.0563725490196,-2.51505343971,-0.055873015873,-1,0
2025,2,2025_02_SEA_PIT,SEA,PIT,35,51,0.56862745098,7.33200361283,7.29666666667,1,1,22,62,0.532258064516,8.93939393939,4.03448275862,2,1,11,-0.0363693864643,1.60739032657,-3.26218390805,1,0
2025,2,2025_02_SF_NO,NO,SF,35,61,0.639344262295,5.65459267359,4.69308943089,1,1,22,64,0.53125,6.08823529412,4.03333333333,3,0,3,-0.108094262295,0.433642620526,-0.659756097561,2,-1
2025,2,2025_02_SF_NO,SF,NO,38,61,0.639344262295,6.82504100601,6.47809394761,2,1,23,65,0.6,7.15384615385,2.96153846154,3,0,4,-0.0393442622951,0.328805147832,-3.51655548607,1,-1
2025,2,2025_02_TB_HOU,HOU,TB,39,57,0.508771929825,8.97713414634,3.75520393812,1,0,19,43,0.558139534884,8.625,4.42105263158,1,1,-14,0.0493676050592,-0.352134146341,0.665848693464,0,1
2025,2,2025_02_TB_HOU,TB,HOU,38,57,0.508771929825,7.26662971175,3.36694796062,2,0,22,68,0.558823529412,5.65789473684,5.63333333333,2,1,11,0.0500515995872,-1.60873497491,2.26638537271,0,1
2025,2,2025_02_WAS_GB,GB,WAS,38,62,0.516129032258,7.19034090909,4.76232201533,1,2,25,61,0.508196721311,9.41935483871,4.5,2,1,-1,-0.00793231094659,2.22901392962,-0.262322015334,1,-1
2025,2,2025_02_WAS_GB,WAS,GB,38,62,0.516129032258,6.83181818182,4.32548375319,1,1,23,61,0.688524590164,4.7619047619,2.68421052632,2,0,-1,0.172395557906,-2.06991341991,-1.64127322688,1,-1
2025,3,2025_03_ARI_SF,ARI,SF,36,62,0.564516129032,6.07106501489,4.47119883041,2,1,29,63,0.555555555556,4.54285714286,3.78571428571,1,0,1,-0.0089605734767,-1.52820787203,-0.685484544695,-1,-1
2025,3,2025_03_ARI_SF,SF,ARI,39,62,0.564516129032,8.64563526361,3.78976608187,2,1,22,61,0.672131147541,6.92682926829,3.65,1,0,-1,0.107615018509,-1.71880599532,-0.139766081871,-1,-1
2025,3,2025_03_ATL_CAR,ATL,CAR,36,65,0.553846153846,6.52811881188,5.88680823681,1,2,30,66,0.651515151515,4.67441860465,5.69565217391,0,0,1,0.097668997669,-1.85370020723,-0.191156062895,-1,-2
2025,3,2025_03_ATL_CAR,CAR,ATL,36,65,0.553846153846,5.95354455446,3.73236808237,2,1,24,54,0.444444444444,5.04166666667,3.66666666667,0,2,-11,-0.109401709402,-0.911877887789,-0.0657014157014,-2,1
2025,3,2025_03_CIN_MIN,CIN,MIN,36,56,0.589285714286,6.5206302794,4.51443601664,1,1,24,48,0.5625,5.18518518519,2.52380952381,1,0,-8,-0.0267857142857,-1.33544509422,-1.99062649283,0,-1
2025,3,2025_03_CIN_MIN,MIN,CIN,37,56,0.589285714286,6.48001949318,4.41619770002,1,1,17,55,0.436363636364,8.41666666667,5.45161290323,2,2,-1,-0.152922077922,1.93664717349,1.0354152032,1,1
2025,3,2025_03_DAL_CHI,CHI,DAL,36,63,0.571428571429,6.35790816327,4.12096430095,1,1,25,57,0.491228070175,10.6428571429,3,4,0,-6,-0.0802005012531,4.28494897959,-1.12096430095,3,-1
2025,3,2025_03_DAL_CHI,DAL,CHI,37,63,0.571428571429,6.7837585034,5.30763760489,2,2,28,65,0.692307692308,6.48888888889,6.05,1,0,2,0.120879120879,-0.294869614512,0.742362395107,-1,-2
2025,3,2025_03_DEN_LAC,DEN,LAC,37,57,0.561403508772,6.77956989247,4.87099408042,1,1,20,46,0.54347826087,6.12,5.61904761905,1,1,-11,-0.0179252479024,-0.659569892473,0.748053538623,0,0
2025,3,2025_03_DEN_LAC,LAC,DEN,37,57,0.561403508772,8.0752688172,4.75637885283,2,0,23,75,0.626666666667,6.3829787234,3.78571428571,1,1,18,0.0652631578947,-1.6922900938,-0.970664567113,-1,1
2025,3,2025_03_DET_BAL,BAL,DET,40,59,0.525423728814,7.9896014944,5.49541666667,3,2,32,47,0.595744680851,10.2857142857,4.47368421053,3,1,-12,0.0703209520375,2.29611279132,-1.02173245614,0,-1
2025,3,2025_03_DET_BAL,DET,BAL,40,59,0.525423728814,9.1298256538,5.13916666667,2,2,29,66,0.424242424242,7.21428571429,5.89473684211,1,4,7,-0.101181304571,-1.91553993951,0.755570175439,-1,2
2025,3,2025_03_GB_CLE,CLE,GB,37,60,0.583333333333,5.95303058048,3.35480769231,2,0,16,55,0.654545454545,3.94444444444,5.05263157895,0,1,-5,0.0712121212121,-2.00858613604,1.69782388664,-2,1
2025,3,2025_03_GB_CLE,GB,CLE,39,60,0.583333333333,6.20829518403,4.39230769231,2,1,25,56,0.446428571429,7.32,2.61290322581,1,0,-4,-0.136904761905,1.11170481597,-1.7794044665,-1,-1
2025,3,2025_03_HOU_JAX,HOU,JAX,40,59,0.525423728814,7.55063291139,4.13053763441,1,1,19,57,0.666666666667,5.36842105263,4.57894736842,1,0,-2,0.141242937853,-2.18221185876,0.448409734012,0,-1
2025,3,2025_03_HOU_JAX,JAX,HOU,36,59,0.525423728814,7.24116937914,4.37010752688,2,1,21,64,0.625,5.55,3.58333333333,0,2,5,0.0995762711864,-1.69116937914,-0.786774193548,-2,1
2025,3,2025_03_IND_TEN,IND,TEN,36,62,0.5,7.88304876688,5.56735132553,1,1,28,53,0.471698113208,9.12,4.89285714286,1,3,-9,-0.0283018867925,1.23695123312,-0.674494182674,0,2
2025,3,2025_03_IND_TEN,TEN,IND,36,62,0.5,5.85844213815,3.13476235968,1,0,20,61,0.622950819672,5.76315789474,3.73913043478,1,1,-1,0.122950819672,-0.0952842434174,0.604368075098,0,1
2025,3,2025_03_KC_NYG,KC,NYG,43,55,0.618181818182,7.54271028037,5.42351046699,2,1,25,65,0.569230769231,6.05405405405,3.75,1,1,10,-0.048951048951,-1.48865622632,-1.67351046699,-1,0
2025,3,2025_03_KC_NYG,NYG,KC,36,55,0.618181818182,6.73271028037,5.08252818035,1,1,24,59,0.542372881356,5,4.81481481481,0,1,4,-0.0758089368259,-1.73271028037,-0.267713365539,-1,0
2025,3,2025_03_LA_PHI,LA,PHI,39,60,0.483333333333,8.73668146504,3.57307090406,2,1,22,65,0.523076923077,5.76470588235,5.16129032258,2,0,5,0.0397435897436,-2.97197558269,1.58821941852,0,-1
2025,3,2025_03_LA_PHI,PHI,LA,41,60,0.483333333333,5.8013318535,5.35096906224,1,1,25,59,0.542372881356,7.0625,3.18518518519,3,1,-1,0.0590395480226,1.2611681465,-2.16578387705,2,0
2025,3,2025_03_LV_WAS,LV,WAS,36,63,0.619047619048,6.31116068164,4.36339712919,1,1,23,57,0.508771929825,9.96551724138,3.32142857143,3,0,-6,-0.110275689223,3.65435655974,-1.04196855776,2,-1
2025,3,2025_03_LV_WAS,WAS,LV,39,63,0.619047619048,6.80969794485,4.96148325359,2,1,22,53,0.396226415094,9.85714285714,6.28125,1,3,-10,-0.222821203953,3.04744491229,1.31976674641,-1,2
2025,3,2025_03_MIA_BUF,BUF,MIA,41,61,0.55737704918,7.52048885694,6.21943396226,2,2,30,55,0.509090909091,7.60714285714,5.81481481481,3,1,-6,-0.0482861400894,0.0866540002054,-0.404619147449,1,-1
2025,3,2025_03_MIA_BUF,MIA,BUF,37,61,0.55737704918,5.81703810208,4.97113207547,1,1,22,59,0.576271186441,4.29411764706,5.2,2,1,-2,0.0188941372604,-1.52292045503,0.228867924528,1,0
2025,3,2025_03_NO_SEA,NO,SEA,36,58,0.586206896552,7.6849200079,3.79684435728,2,0,17,68,0.602941176471,5.31707317073,2.92592592593,1,0,10,0.0167342799189,-2.36784683717,-0.870918431357,-1,0
2025,3,2025_03_NO_SEA,SEA,NO,36,58,0.586206896552,6.7413095003,4.90060616866,2,0,24,54,0.388888888889,11.0952380952,2.63636363636,2,2,-4,-0.197318007663,4.35392859494,-2.26424253229,0,2
2025,3,2025_03_NYJ_TB,NYJ,TB,36,56,0.517857142857,7.94142817059,3.94543464665,2,1,21,59,0.610169491525,5.47222222222,4.30434782609,2,0,3,0.0923123486683,-2.46920594837,0.358913179433,0,-1
2025,3,2025_03_NYJ_TB,TB,NYJ,39,56,0.517857142857,7.24010942761,4.89040025016,2,1,26,63,0.460317460317,8.03448275862,3.58823529412,1,0,7,-0.0575396825397,0.794373331011,-1.30216495604,-1,-1
2025,3,2025_03_PIT_NE,NE,PIT,36,55,0.6,7.44933545986,7.43181818182,2,2,25,66,0.560606060606,7.24324324324,4.10344827586,2,0,11,-0.0393939393939,-0.206092216619,-3.32836990596,0,-2
2025,3,2025_03_PIT_NE,PIT,NE,38,55,0.6,7.90754917597,3.08466533467,2,0,22,49,0.469387755102,6.04347826087,2.46153846154,2,1,-6,-0.130612244898,-1.8640709151,-0.623126873127,0,1
2025,4,2025_04_BAL_KC,BAL,KC,41,54,0.537037037037,7.50714285714,5.07511737089,2,1,28,50,0.66,6.0303030303,9.76470588235,1,1,-4,0.122962962963,-1.47683982684,4.68958851146,-1,0
2025,4,2025_04_BAL_KC,KC,BAL,44,54,0.537037037037,8.54097744361,5.52082057563,1,2,26,69,0.536231884058,7.2972972973,3.6875,4,0,15,-0.000805152979066,-1.24368014631,-1.83332057563,3,-2
2025,4,2025_04_CAR_NE,CAR,NE,37,60,0.583333333333,6.49379344588,3.02862731152,1,1,23,64,0.5625,5.77777777778,4.60714285714,2,0,4,-0.0208333333333,-0.716015668101,1.57851554562,1,-1
2025,4,2025_04_CAR_NE,NE,CAR,37,60,0.583333333333,6.33002317114,4.77080369844,1,1,21,47,0.382978723404,11.2777777778,3.58620689655,2,3,-13,-0.200354609929,4.94775460664,-1.18459680188,1,2
2025,4,2025_04_CHI_LV,CHI,LV,37,59,0.576271186441,7.33628144654,4.48162143593,2,1,24,63,0.587301587302,5.72972972973,2.65384615385,1,1,4,0.0110304008609,-1.60655171681,-1.82777528209,-1,0
2025,4,2025_04_CHI_LV,LV,CHI,37,59,0.576271186441,7.92501965409,4.07694950189,2,1,23,52,0.403846153846,5.57142857143,7.74193548387,2,1,-7,-0.172425032595,-2.35359108266,3.66498598198,0,0
2025,4,2025_04_CIN_DEN,CIN,DEN,37,56,0.571428571429,6.83157894737,3.49825136612,1,1,20,40,0.625,5,3.53333333333,0,0,-16,0.0535714285714,-1.83157894737,0.0350819672131,-1,-1
2025,4,2025_04_CIN_DEN,DEN,CIN,38,56,0.571428571429,6.83157894737,5.5062295082,2,1,26,80,0.525,7.7619047619,4.89473684211,2,2,24,-0.0464285714286,0.930325814536,-0.611492666091,0,1
2025,4,2025_04_CLE_DET,CLE,DET,38,63,0.587301587302,6.25622195022,3.65,2,1,20,62,0.564516129032,5.25714285714,2.92592592593,0,1,-1,-0.0227854582693,-0.999079093082,-0.724074074074,-2,0
2025,4,2025_04_CLE_DET,DET,CLE,41,63,0.587301587302,6.02464300286,3.80641025641,2,1,29,56,0.482142857143,6.22222222222,3.75862068966,2,1,-7,-0.105158730159,0.197579219366,-0.0477895667551,0,0
2025,4,2025_04_GB_DAL,DAL,GB,38,61,0.540983606557,6.84453904874,3.80066445183,1,1,19,66,0.606060606061,7.975,4.5,3,2,5,0.0650769995032,1.13046095126,0.699335548173,2,1
2025,4,2025_04_GB_DAL,GB,DAL,40,61,0.540983606557,7.68511450382,4.05930232558,2,1,26,78,0.551282051282,7.83720930233,4.68571428571,3,2,17,0.0102984447247,0.152094798509,0.626411960133,1,1
2025,4,2025_04_IND_LA,IND,LA,37,62,0.516129032258,7.7040719697,4.20740740741,1,1,27,54,0.611111111111,7.93939393939,4.04761904762,1,1,-8,0.094982078853,0.235321969697,-0.159788359788,0,0
2025,4,2025_04_IND_LA,LA,IND,40,62,0.516129032258,7.09327651515,3.76185185185,2,1,23,67,0.611940298507,9.14634146341,3.92307692308,3,0,5,0.0958112662494,2.05306494826,0.161225071225,1,-1
2025,4,2025_04_JAX_SF,JAX,SF,37,65,0.569230769231,5.21250480954,4.45658242727,1,1,22,63,0.492063492063,5.61290322581,4.71875,1,1,-2,-0.0771672771673,0.400398416264,0.26216757273,0,0
2025,4,2025_04_JAX_SF,SF,JAX,40,65,0.569230769231,6.63889957676,3.13421980605,2,0,20,62,0.612903225806,8.13157894737,3.45833333333,2,0,-3,0.0436724565757,1.49267937061,0.32411352728,0,0
2025,4,2025_04_LAC_NYG,LAC,NYG,38,60,0.583333333333,7.69966329966,4.99260117668,2,1,25,54,0.759259259259,4.9512195122,11.6923076923,1,1,-6,0.175925925926,-2.74844378747,6.69970651563,-1,0
2025,4,2025_04_LAC_NYG,NYG,LAC,37,60,0.583333333333,6.27247474747,3.82563736851,1,1,19,63,0.333333333333,5.66666666667,3.83333333333,1,1,3,-0.25,-0.605808080808,0.00769596481845,0,0
2025,4,2025_04_MIN_PIT,MIN,PIT,38,50,0.54,8.30673076923,5.53387666929,2,1,24,66,0.69696969697,7.60869565217,3.5,2,0,16,0.15696969697,-0.698035117057,-2.03387666929,0,-1
2025,4,2025_04_MIN_PIT,PIT,MIN,39,50,0.54,7.1284965035,3.97623723488,1,0,22,51,0.43137254902,9.09090909091,4.51724137931,1,2,1,-0.10862745098,1.96241258741,0.541004144432,0,2
2025,4,2025_04_NO_BUF,BUF,NO,42,65,0.553846153846,6.68529580231,4.38281739566,2,1,31,54,0.407407407407,9.5,5.15625,2,2,-11,-0.146438746439,2.81470419769,0.773432604336,0,1
2025,4,2025_04_NO_BUF,NO,BUF,37,65,0.553846153846,4.80881269945,4.25986965785,1,1,20,62,0.451612903226,4.5,5.55882352941,1,1,-3,-0.10223325062,-0.308812699452,1.29895387156,0,0
2025,4,2025_04_NYJ_MIA,MIA,NYJ,38,53,0.584905660377,7.23511597938,4.99015291937,2,1,25,56,0.446428571429,7.08,3.96774193548,2,1,3,-0.138477088949,-0.155115979381,-1.02241098389,0,0
2025,4,2025_04_NYJ_MIA,NYJ,MIA,37,53,0.584905660377,6.79806701031,6.47787303058,2,1,26,55,0.490909090909,8.37037037037,7.03571428571,1,1,2,-0.0939965694683,1.57230336006,0.55784125513,-1,0
2025,4,2025_04_PHI_TB,PHI,TB,42,60,0.466666666667,6.65584415584,3.29676071055,1,1,26,56,0.428571428571,5.41666666667,2.75,2,1,-4,-0.0380952380952,-1.23917748918,-0.546760710554,1,0
2025,4,2025_04_PHI_TB,TB,PHI,40,60,0.466666666667,6.81385281385,4.27307558342,1,1,23,66,0.606060606061,7.225,4,2,0,6,0.139393939394,0.411147186147,-0.27307558342,1,-1
2025,4,2025_04_SEA_ARI,ARI,SEA,37,56,0.517857142857,7.65533343061,3.70292207792,1,0,19,58,0.706896551724,4.87804878049,5.23529411765,2,0,2,0.189039408867,-2.77728465013,1.53237203972,1,0
2025,4,2025_04_SEA_ARI,SEA,ARI,37,56,0.517857142857,9.0430468408,3.12337662338,1,1,22,61,0.426229508197,9.30769230769,4.42857142857,1,1,5,-0.0916276346604,0.264645466893,1.30519480519,0,0
2025,4,2025_04_TEN_HOU,HOU,TEN,41,55,0.563636363636,6.91062308478,5.31373626374,1,1,22,63,0.444444444444,8.32142857143,3.68571428571,2,1,8,-0.119191919192,1.41080548665,-1.62802197802,1,0
2025,4,2025_04_TEN_HOU,TEN,HOU,37,55,0.563636363636,6.38701622971,4.41538461538,1,1,17,44,0.590909090909,4.15384615385,4.55555555556,0,0,-11,0.0272727272727,-2.23317007587,0.140170940171,-1,-1
2025,4,2025_04_WAS_ATL,ATL,WAS,37,64,0.53125,7.01744775817,4.14149933066,1,1,21,63,0.412698412698,12.0384615385,3.45945945946,2,2,-1,-0.118551587302,5.0210137803,-0.682039871196,1,1
2025,4,2025_04_WAS_ATL,WAS,ATL,40,64,0.53125,5.54463379996,4.44892904953,1,1,26,49,0.551020408163,5.77777777778,6.68181818182,2,0,-15,0.0197704081633,0.233143977818,2.23288913229,1,-1
2025,5,2025_05_DAL_NYJ,DAL,NYJ,39,62,0.58064516129,7.01803349077,5.77721471471,1,1,29,58,0.5,8.1724137931,6.20689655172,4,1,-4,-0.0806451612903,1.15438030233,0.429681837009,3,0
2025,5,2025_05_DAL_NYJ,NYJ,DAL,38,62,0.58064516129,6.93632460283,5.01351351351,2,1,28,68,0.676470588235,6.15217391304,6.54545454545,2,0,6,0.095825426945,-0.78415068979,1.53194103194,0,-1
2025,5,2025_05_DEN_PHI,DEN,PHI,39,59,0.491525423729,7.83862014274,4.61206114782,2,1,23,68,0.573529411765,6.20512820513,4.48275862069,1,1,9,0.0820039880359,-1.63349193762,-0.129302527127,-1,0
2025,5,2025_05_DEN_PHI,PHI,DEN,43,59,0.491525423729,6.74907480835,3.55525327115,1,1,24,49,0.775510204082,7.36842105263,4.09090909091,2,0,-10,0.283984780353,0.619346244278,0.53565581976,1,-1
2025,5,2025_05_DET_CIN,CIN,DET,38,56,0.571428571429,7.25301204819,2.98891266291,2,1,19,56,0.714285714286,6.275,5.3125,3,0,0,0.142857142857,-0.978012048193,2.32358733709,1,-1
2025,5,2025_05_DET_CIN,DET,CIN,42,56,0.571428571429,8.35952055645,7.28924333787,3,2,34,57,0.421052631579,10.875,3.57575757576,4,1,1,-0.15037593985,2.51547944355,-3.71348576211,1,-1
2025,5,2025_05_HOU_BAL,BAL,HOU,42,52,0.557692307692,6.98333333333,4.90471040615,2,1,22,39,0.512820512821,8.95,2.31578947368,0,1,-13,-0.0448717948718,1.96666666667,-2.58892093247,-2,0
2025,5,2025_05_HOU_BAL,HOU,BAL,42,52,0.557692307692,7.41111111111,6.06356645037,2,1,24,64,0.484375,8.61290322581,5.06060606061,4,1,12,-0.0733173076923,1.2017921147,-1.00296038977,2,0
2025,5,2025_05_KC_JAX,JAX,KC,38,63,0.571428571429,5.18433714237,4.6952927991,1,1,22,51,0.490196078431,8.84,4.19230769231,1,2,-12,-0.0812324929972,3.65566285763,-0.502985106796,0,1
2025,5,2025_05_KC_JAX,KC,JAX,45,63,0.571428571429,6.9783916144,3.31325301205,2,0,22,63,0.650793650794,7.75609756098,7.18181818182,1,3,0,0.0793650793651,0.777705946576,3.86856516977,-1,3
2025,5,2025_05_LV_IND,IND,LV,38,58,0.534482758621,7.93419822347,4.6512345679,1,2,29,57,0.561403508772,6.90625,3.84,2,4,-1,0.0269207501512,-1.02794822347,-0.811234567901,1,2
2025,5,2025_05_LV_IND,LV,IND,38,58,0.534482758621,7.49836372137,4.4594017094,2,1,21,61,0.590163934426,6.33333333333,4.24,0,0,3,0.0556811758055,-1.16503038803,-0.219401709402,-2,-1
2025,5,2025_05_MIA_CAR,CAR,MIA,38,59,0.576271186441,6.53234591495,5.22224254619,2,1,26,62,0.483870967742,6.6,7.46875,2,1,3,-0.0924002186987,0.0676540850454,2.24650745381,0,0
2025,5,2025_05_MIA_CAR,MIA,CAR,39,59,0.576271186441,6.21853798376,4.26970916408,2,1,24,50,0.72,7.11111111111,1.35714285714,3,0,-9,0.143728813559,0.892573127356,-2.91256630693,1,-1
2025,5,2025_05_MIN_CLE,CLE,MIN,39,58,0.586206896552,4.8956043956,5.00378151261,1,1,17,65,0.507692307692,5.75757575758,4.375,2,0,7,-0.0785145888594,0.861971361971,-0.628781512605,1,-1
2025,5,2025_05_MIN_CLE,MIN,CLE,39,58,0.586206896552,6.32126696833,3.99222689076,2,1,26,58,0.603448275862,7.65714285714,4.21739130435,2,1,0,0.0172413793103,1.33587588882,0.225164413592,0,0
2025,5,2025_05_NE_BUF,BUF,NE,43,59,0.474576271186,8.15268065268,4.13624070318,2,1,26,60,0.516666666667,8.16129032258,4.06896551724,2,0,1,0.0420903954802,0.00860966989999,-0.0672751859364,0,-1
2025,5,2025_05_NE_BUF,NE,BUF,38,59,0.474576271186,6.79878454878,4.03668018932,2,1,24,52,0.576923076923,9.1,3.22727272727,0,2,-7,0.102346805737,2.30121545122,-0.809407462044,-2,1
2025,5,2025_05_NYG_NO,NO,NYG,38,63,0.539682539683,6.86624664326,4.31514041514,2,1,21,62,0.516129032258,7.625,2.93333333333,1,0,-1,-0.0235535074245,0.758753356744,-1.38180708181,-1,-1
2025,5,2025_05_NYG_NO,NYG,NO,38,63,0.539682539683,7.37765957447,3.89102564103,2,1,26,69,0.579710144928,5.05,4.68965517241,2,0,6,0.040027605245,-2.32765957447,0.798629531388,0,-1
2025,5,2025_05_SF_LA,LA,SF,41,63,0.587301587302,6.31128374137,5.20609756098,2,1,25,63,0.746031746032,8.27659574468,4.875,3,0,0,0.15873015873,1.96531200331,-0.331097560976,1,-1
2025,5,2025_05_SF_LA,SF,LA,41,63,0.587301587302,6.76435969868,3.37160278746,2,0,22,82,0.59756097561,6.97959183673,2.24242424242,2,0,19,0.0102593883082,0.215232138053,-1.12917854503,0,0
2025,5,2025_05_TB_SEA,SEA,TB,38,60,0.5,7.3078271028,3.35607101947,2,1,28,54,0.62962962963,10.0294117647,6.1,4,1,-6,0.12962962963,2.7215846619,2.74392898053,2,0
2025,5,2025_05_TB_SEA,TB,SEA,41,60,0.5,7.40017523364,3.43155784651,1,0,21,57,0.578947368421,11.4848484848,2.33333333333,2,2,-3,0.0789473684211,4.0846732512,-1.09822451317,1,2
2025,5,2025_05_TEN_ARI,ARI,TEN,38,56,0.589285714286,6.77870776768,5.16417910448,2,1,27,61,0.524590163934,6.875,5.79310344828,0,3,5,-0.0646955503513,0.096292232316,0.628924343798,-2,2
2025,5,2025_05_TEN_ARI,TEN,ARI,38,56,0.589285714286,6.81535163826,4.13432835821,1,0,16,63,0.619047619048,6.79487179487,3.25,0,1,7,0.0297619047619,-0.0204798433848,-0.884328358209,-1,1
2025,5,2025_05_WAS_LAC,LAC,WAS,39,58,0.586206896552,8.20579710145,4.96820691065,2,1,24,60,0.55,6.36363636364,5.74074074074,1,0,2,-0.0362068965517,-1.84216073781,0.772533830089,-1,-1
2025,5,2025_05_WAS_LAC,WAS,LAC,41,58,0.586206896552,5.09299516908,5.32242895113,1,1,23,54,0.481481481481,8.88461538462,5.82142857143,1,2,-4,-0.10472541507,3.79162021553,0.498999620294,0,1
2025,6,2025_06_ARI_IND,ARI,IND,39,58,0.551724137931,7.24722222222,4.43918918919,1,1,19,68,0.647058823529,7.27272727273,3.66666666667,2,1,10,0.0953346855984,0.0255050505051,-0.772522522523,1,0
2025,6,2025_06_ARI_IND,IND,ARI,39,58,0.551724137931,7.61203703704,4.21621621622,1,2,26,57,0.526315789474,7.06666666667,5.55555555556,2,2,-1,-0.0254083484574,-0.54537037037,1.33933933934,1,0
2025,6,2025_06_BUF_ATL,ATL,BUF,38,62,0.483870967742,6.96975308642,4.625,1,1,21,64,0.5,7.8125,6.5625,1,2,2,0.0161290322581,0.84274691358,1.9375,0,1
2025,6,2025_06_BUF_ATL,BUF,ATL,44,62,0.483870967742,6.58333333333,4.19191919192,2,1,26,50,0.52,6.92307692308,5.58333333333,2,0,-12,0.0361290322581,0.339743589744,1.39141414141,0,-1
2025,6,2025_06_CHI_WAS,CHI,WAS,38,57,0.526315789474,9.28240485383,4.06097560976,2,1,23,56,0.517857142857,8.68965517241,5.55555555556,1,1,-1,-0.00845864661654,-0.59274968142,1.4945799458,-1,0
2025,6,2025_06_CHI_WAS,WAS,CHI,42,57,0.526315789474,7.80432984004,6.39634146341,2,1,29,57,0.456140350877,8.11538461538,4,3,0,0,-0.0701754385965,0.31105477534,-2.39634146341,1,-1
2025,6,2025_06_CIN_GB,CIN,GB,39,56,0.571428571429,6.14273166447,3.21153846154,2,0,19,61,0.737704918033,4.86666666667,3.4375,2,0,5,0.166276346604,-1.2760649978,0.225961538462,0,0
2025,6,2025_06_CIN_GB,GB,CIN,41,56,0.571428571429,8.38905357927,6.52724358974,2,2,29,59,0.440677966102,9.96153846154,4.63636363636,1,2,3,-0.130750605327,1.57248488227,-1.89087995338,-1,0
2025,6,2025_06_CLE_PIT,CLE,PIT,40,57,0.561403508772,8.18701923077,4.03238866397,2,0,19,69,0.753623188406,4.25,3.82352941176,0,0,12,0.192219679634,-3.93701923077,-0.208859252203,-2,0
2025,6,2025_06_CLE_PIT,PIT,CLE,40,57,0.561403508772,6.43846153846,3.59632253711,2,1,22,58,0.51724137931,7.83333333333,3.57142857143,2,0,1,-0.0441621294616,1.39487179487,-0.0248939656834,0,-1
2025,6,2025_06_DAL_CAR,CAR,DAL,39,63,0.571428571429,6.95409356725,5.28888888889,2,1,26,63,0.396825396825,7.96,5.68421052632,3,0,0,-0.174603174603,1.00590643275,0.395321637427,1,-1
2025,6,2025_06_DAL_CAR,DAL,CAR,40,63,0.571428571429,7.38596491228,4.19777777778,2,1,27,53,0.641509433962,7.67647058824,1.63157894737,3,0,-10,0.0700808625337,0.290505675955,-2.56619883041,1,-1
2025,6,2025_06_DEN_NYJ,DEN,NYJ,40,62,0.548387096774,6.36883330448,5.37686799502,2,1,27,56,0.535714285714,5.8,3,1,0,-6,-0.0126728110599,-0.568833304483,-2.37686799502,-1,-1
2025,6,2025_06_DEN_NYJ,NYJ,DEN,39,62,0.548387096774,6.5640038082,4.17278953923,1,0,19,48,0.354166666667,2.64705882353,2.96774193548,0,0,-14,-0.194220430108,-3.91694498468,-1.20504760374,-1,0
2025,6,2025_06_DET_KC,DET,KC,43,62,0.532258064516,6.51541001651,4.72451219512,2,2,28,52,0.557692307692,7,4.26086956522,2,0,-10,0.0254342431762,0.484589983489,-0.463642629905,0,-2
2025,6,2025_06_DET_KC,KC,DET,46,62,0.532258064516,8.1063841497,3.56817073171,2,1,24,59,0.508474576271,8.56666666667,3.86206896552,3,1,-3,-0.0237834882449,0.460282516969,0.29389823381,1,0
2025,6,2025_06_LAC_MIA,LAC,MIA,40,57,0.614035087719,6.29891257068,7.2724789916,2,1,23,63,0.603174603175,6.94736842105,5.6,2,0,6,-0.0108604845447,0.64845585037,-1.6724789916,0,-1
2025,6,2025_06_LAC_MIA,MIA,LAC,40,57,0.614035087719,5.12588081775,5.19285714286,2,1,22,54,0.611111111111,6.45454545455,6.52380952381,1,2,-3,-0.00292397660819,1.3286646368,1.33095238095,-1,1
2025,6,2025_06_LA_BAL,BAL,LA,43,55,0.581818181818,7.51275045537,4.3599003736,2,1,24,71,0.478873239437,4.11764705882,4.83783783784,0,0,16,-0.102944942382,-3.39510339655,0.477937464239,-2,-1
2025,6,2025_06_LA_BAL,LA,BAL,42,55,0.581818181818,8.49615462457,6.95603985056,3,1,31,49,0.530612244898,6.96153846154,3.21739130435,1,1,-6,-0.0512059369202,-1.53461616303,-3.73864854621,-2,0
2025,6,2025_06_NE_NO,NE,NO,39,60,0.533333333333,7.56458940012,3.96936813187,2,1,27,57,0.456140350877,10.0384615385,2.35483870968,3,0,-3,-0.0771929824561,2.47387213835,-1.61452942219,1,-1
2025,6,2025_06_NE_NO,NO,NE,39,60,0.533333333333,6.44030285381,3.89979395604,2,0,19,49,0.530612244898,8.73076923077,3.17391304348,0,1,-11,-0.00272108843537,2.29046637695,-0.725880912566,-2,1
2025,6,2025_06_PHI_NYG,NYG,PHI,39,59,0.525423728814,6.45304278197,4.99285714286,1,0,19,65,0.4,7.5,4.41025641026,1,4,6,-0.125423728814,1.04695721803,-0.582600732601,0,4
2025,6,2025_06_PHI_NYG,PHI,NYG,44,59,0.525423728814,6.99050560512,3.32448979592,2,1,25,53,0.622641509434,8.57575757576,3.65,1,1,-6,0.0972177806204,1.58525197063,0.325510204082,-1,0
2025,6,2025_06_SEA_JAX,JAX,SEA,39,58,0.51724137931,8.13329475309,3.38248337029,1,1,24,61,0.688524590164,6.14285714286,3.10526315789,2,0,3,0.171283210854,-1.99043761023,-0.277220212394,1,-1
2025,6,2025_06_SEA_JAX,SEA,JAX,39,58,0.51724137931,9.36516203704,4.06818181818,2,1,26,53,0.509433962264,10.9259259259,2.30769230769,2,0,-5,-0.00780741704619,1.56076388889,-1.76048951049,0,-1
2025,6,2025_06_SF_TB,SF,TB,42,65,0.584615384615,6.92685355392,3.33279220779,2,0,25,61,0.639344262295,8.89743589744,3.04545454545,0,1,-4,0.0547288776797,1.97058234351,-0.287337662338,-2,1
2025,6,2025_06_SF_TB,TB,SF,42,65,0.584615384615,7.23697916667,3.8538961039,2,0,25,49,0.469387755102,11.1304347826,4,2,2,-16,-0.115227629513,3.89345561594,0.146103896104,0,2
2025,6,2025_06_TEN_LV,LV,TEN,39,56,0.571428571429,6.99187175435,5.95155677656,1,1,23,55,0.418181818182,7.5652173913,2.125,1,1,-1,-0.153246753247,0.573345636958,-3.82655677656,0,0
2025,6,2025_06_TEN_LV,TEN,LV,39,56,0.571428571429,6.59471664033,4.07087912088,1,2,23,53,0.716981132075,5.84210526316,4.33333333333,1,0,-3,0.145552560647,-0.752611377167,0.262454212454,0,-2
2025,7,2025_07_ATL_SF,ATL,SF,39,66,0.560606060606,7.03217821782,4.65650798019,1,1,22,58,0.655172413793,6.34210526316,3.1,1,0,-8,0.094566353187,-0.690072954664,-1.55650798019,0,-1
2025,7,2025_07_ATL_SF,SF,ATL,43,66,0.560606060606,6.22269369794,3.54272151899,1,0,22,65,0.4,5.84615384615,4.46153846154,0,2,-1,-0.160606060606,-0.376539851787,0.918816942551,-1,2
2025,7,2025_07_CAR_NYJ,CAR,NYJ,40,60,0.516666666667,6.59084249084,5.33144368859,2,1,25,68,0.470588235294,6.1875,3.47222222222,1,0,8,-0.0460784313725,-0.403342490842,-1.85922146636,-1,-1
2025,7,2025_07_CAR_NYJ,NYJ,CAR,40,60,0.516666666667,7.03382173382,3.45855379189,2,1,23,54,0.62962962963,5.05882352941,4.05,0,0,-6,0.112962962963,-1.97499820441,0.591446208113,-2,-1
2025,7,2025_07_GB_ARI,ARI,GB,40,62,0.548387096774,6.77941443899,3.81782106782,1,1,22,64,0.5625,7.75,3.35714285714,2,0,2,0.0141129032258,0.970585561011,-0.460678210678,1,-1
2025,7,2025_07_GB_ARI,GB,ARI,42,62,0.548387096774,7.21626659393,4.74581529582,1,1,25,52,0.557692307692,6.1724137931,4.08695652174,1,2,-10,0.00930521091811,-1.04385280082,-0.658858774076,0,1
2025,7,2025_07_HOU_SEA,HOU,SEA,43,58,0.51724137931,8.43921080697,3.46040868455,2,1,23,66,0.742424242424,4.67346938776,3.29411764706,1,0,8,0.225182863114,-3.76574141921,-0.166291037488,-1,-1
2025,7,2025_07_HOU_SEA,SEA,HOU,40,58,0.51724137931,7.6696883517,3.29863771818,1,1,19,65,0.492307692308,6.65625,3.57575757576,1,2,7,-0.0249336870027,-1.0134383517,0.27711985758,0,1
2025,7,2025_07_IND_LAC,IND,LAC,40,58,0.586206896552,6.17128759398,5.81327713383,1,2,27,57,0.59649122807,8.47058823529,5.21739130435,2,3,-1,0.0102843315185,2.29930064131,-0.595885829477,1,1
2025,7,2025_07_IND_LAC,LAC,IND,41,58,0.586206896552,7.88021616541,5.46585879874,2,0,20,71,0.774647887324,7.63636363636,3.375,3,0,13,0.188440990772,-0.24385252905,-2.09085879874,1,0
2025,7,2025_07_LA_JAX,JAX,LA,40,60,0.583333333333,6.5947905478,4.67142857143,1,1,21,67,0.716417910448,6.16666666667,4.94736842105,1,0,7,0.133084577114,-0.428123881131,0.275939849624,0,-1
2025,7,2025_07_LA_JAX,LA,JAX,43,60,0.583333333333,8.84881847476,3.90839160839,2,1,23,62,0.532258064516,5.51515151515,3.06896551724,5,0,2,-0.0510752688172,-3.33366695961,-0.83942609115,3,-1
2025,7,2025_07_LV_KC,KC,LV,47,60,0.533333333333,8.00578703704,3.64416757941,2,1,28,76,0.460526315789,8.17142857143,3.70731707317,3,1,16,-0.0728070175439,0.165641534392,0.0631494937622,1,0
2025,7,2025_07_LV_KC,LV,KC,40,60,0.533333333333,6.12800925926,4.59926067908,1,1,19,29,0.620689655172,4.16666666667,2.27272727273,0,0,-31,0.0873563218391,-1.96134259259,-2.32653340635,-1,-1
2025,7,2025_07_MIA_CLE,CLE,MIA,41,59,0.610169491525,6.13874113475,6.23205741627,1,0,20,51,0.352941176471,6.44444444444,3.15151515152,0,3,-8,-0.257228315055,0.305703309693,-3.08054226475,-1,3
2025,7,2025_07_MIA_CLE,MIA,CLE,41,59,0.610169491525,6.2320035461,4.12679425837,2,1,26,53,0.584905660377,4.93548387097,4.5,0,0,-6,-0.0252638311481,-1.29651967513,0.373205741627,-2,-1
2025,7,2025_07_NE_TEN,NE,TEN,40,54,0.555555555556,8.02341905012,4.71394950792,1,2,27,60,0.4,9.75,4.86111111111,2,1,6,-0.155555555556,1.72658094988,0.147161603195,1,-1
2025,7,2025_07_NE_TEN,TEN,NE,40,54,0.555555555556,7.53699816321,3.92490372272,1,0,16,46,0.739130434783,7.5,3.25,1,0,-8,0.183574879227,-0.0369981632118,-0.674903722721,0,0
2025,7,2025_07_NO_CHI,CHI,NO,39,59,0.525423728814,7.96016823355,4.01527894589,2,1,26,66,0.393939393939,6.61538461538,5.55,0,2,7,-0.131484334874,-1.34478361816,1.53472105411,-2,1
2025,7,2025_07_NO_CHI,NO,CHI,40,59,0.525423728814,6.76880257298,4.96881132604,1,0,22,49,0.65306122449,7.28125,2.58823529412,2,0,-10,0.127637495676,0.512447427016,-2.38057603193,1,0
2025,7,2025_07_NYG_DEN,DEN,NYG,41,65,0.507692307692,7.53774464119,3.54100684262,1,1,22,74,0.675675675676,5.58,5.91666666667,2,2,9,0.167983367983,-1.95774464119,2.37565982405,1,1
2025,7,2025_07_NYG_DEN,NYG,DEN,40,65,0.507692307692,4.99254426841,3.15332355816,1,1,18,65,0.507692307692,8.57575757576,3.71875,3,2,0,0,3.58321330735,0.565426441838,2,1
2025,7,2025_07_PHI_MIN,MIN,PHI,40,55,0.563636363636,7.72581453634,5.49249249249,2,1,26,65,0.646153846154,7.45238095238,3.86956521739,0,1,10,0.0825174825175,-0.27343358396,-1.6229272751,-2,0
2025,7,2025_07_PHI_MIN,PHI,MIN,45,55,0.563636363636,6.17117794486,3.82410982411,1,1,20,46,0.5,14.1739130435,1.95652173913,3,0,-9,-0.0636363636364,8.00273509862,-1.86758808498,2,-1
2025,7,2025_07_PIT_CIN,CIN,PIT,40,53,0.584905660377,8.29787878788,3.58331197129,2,0,17,70,0.671428571429,7.27659574468,6.17391304348,3,0,17,0.0865229110512,-1.0212830432,2.59060107219,1,0
2025,7,2025_07_PIT_CIN,PIT,CIN,41,53,0.584905660377,7.67212121212,6.63881056139,2,2,28,54,0.62962962963,7.32352941176,7.35,4,0,1,0.0447239692523,-0.348591800357,0.711189438605,2,-2
2025,7,2025_07_TB_DET,DET,TB,44,58,0.51724137931,8.21041666667,3.73413312693,2,1,30,61,0.475409836066,8.31034482759,5.125,1,2,3,-0.0418315432448,0.0999281609195,1.39086687307,-1,1
2025,7,2025_07_TB_DET,TB,DET,43,58,0.51724137931,9.1375,3.36037151703,2,1,26,62,0.806451612903,4.56,3.41666666667,1,0,4,0.289210233593,-4.5775,0.0562951496388,-1,-1
2025,7,2025_07_WAS_DAL,DAL,WAS,41,58,0.551724137931,8.87108270861,4.88905572239,2,1,28,61,0.491803278689,8.8,4.90322580645,3,1,3,-0.0599208592425,-0.071082708615,0.0141700840626,1,0
2025,7,2025_07_WAS_DAL,WAS,DAL,43,58,0.551724137931,7.76053828192,6.21955288622,2,1,29,60,0.533333333333,6.84375,4.85714285714,1,2,2,-0.0183908045977,-0.916788281922,-1.36241002908,-1,1
2025,8,2025_08_BUF_CAR,BUF,CAR,45,60,0.466666666667,8.02306125418,3.07086570477,2,0,21,58,0.396551724138,8.04347826087,7,1,4,-2,-0.0701149425287,0.0204170066865,3.92913429523,-1,4
2025,8,2025_08_BUF_CAR,CAR,BUF,41,60,0.466666666667,7.52713516659,5.50055493896,1,1,22,52,0.461538461538,7.29166666667,4.07142857143,0,1,-8,-0.00512820512821,-0.235468499927,-1.42912636753,-1,0
2025,8,2025_08_CHI_BAL,BAL,CHI,44,57,0.526315789474,6.02592453773,4.85793194874,1,1,20,57,0.385964912281,8.45454545455,5.05714285714,1,2,0,-0.140350877193,2.42862091681,0.199210908402,0,1
2025,8,2025_08_CHI_BAL,CHI,BAL,40,57,0.526315789474,7.58295852074,4.82987185152,2,1,29,61,0.622950819672,7.5,4.17391304348,0,1,4,0.0966350301984,-0.0829585207396,-0.655958808046,-2,0
2025,8,2025_08_CLE_NE,CLE,NE,42,59,0.508474576271,7.15200242718,3.17628117292,1,1,17,51,0.686274509804,4.45714285714,4.25,2,0,-8,0.177799933533,-2.69485957004,1.07371882708,1,-1
2025,8,2025_08_CLE_NE,NE,CLE,41,59,0.508474576271,7.98446601942,3.59701288024,2,1,22,59,0.406779661017,11.75,5.05714285714,3,0,0,-0.101694915254,3.76553398058,1.4601299769,1,-1
2025,8,2025_08_DAL_DEN,DAL,DEN,42,62,0.58064516129,6.65139604229,3.91772151899,3,1,26,66,0.530303030303,7.02857142857,3.48387096774,1,2,4,-0.0503421309873,0.377175386284,-0.433850551245,-2,1
2025,8,2025_08_DAL_DEN,DEN,DAL,42,62,0.58064516129,6.68898527153,5.35443037975,2,1,25,57,0.508771929825,8.51724137931,6.39285714286,4,2,-5,-0.0718732314658,1.82825610778,1.03842676311,2,1
2025,8,2025_08_GB_PIT,GB,PIT,43,58,0.51724137931,9.26222116754,4.05694305694,2,1,25,63,0.587301587302,9.72972972973,3.61538461538,3,1,5,0.0700602079912,0.467508562193,-0.441558441558,1,0
2025,8,2025_08_GB_PIT,PIT,GB,42,58,0.51724137931,8.14511153299,3.91608391608,2,1,25,54,0.666666666667,6.08333333333,5.16666666667,2,0,-4,0.149425287356,-2.06177819965,1.25058275058,0,-1
2025,8,2025_08_MIA_ATL,ATL,MIA,40,58,0.568965517241,7.0775,6.4840331165,1,1,24,48,0.645833333333,5.58064516129,2.64705882353,0,1,-10,0.076867816092,-1.49685483871,-3.83697429297,-1,0
2025,8,2025_08_MIA_ATL,MIA,ATL,42,58,0.568965517241,5.65166666667,4.79302188054,1,1,20,64,0.421875,7.59259259259,3.81081081081,4,0,6,-0.147090517241,1.94092592593,-0.982211069733,3,-1
2025,8,2025_08_MIN_LAC,LAC,MIN,42,62,0.629032258065,6.45818815331,4.96011586453,2,0,21,68,0.367647058824,9.08,4.81395348837,3,1,6,-0.261385199241,2.62181184669,-0.146162376156,1,1
2025,8,2025_08_MIN_LAC,MIN,LAC,41,62,0.629032258065,6.68931475029,5.02762923351,1,2,26,42,0.738095238095,5.06451612903,3.09090909091,1,0,-20,0.109062980031,-1.62479862126,-1.9367201426,0,-2
2025,8,2025_08_NYG_PHI,NYG,PHI,41,58,0.551724137931,7.42370513647,5.75537037037,1,2,25,45,0.533333333333,8.04166666667,3.2380952381,1,1,-13,-0.0183908045977,0.617961530196,-2.51727513228,0,-1
2025,8,2025_08_NYG_PHI,PHI,NYG,46,58,0.551724137931,8.79943047496,3.02425925926,2,1,24,53,0.377358490566,8.95,8.36363636364,4,1,-5,-0.174365647365,0.150569525038,5.33937710438,2,0
2025,8,2025_08_NYJ_CIN,CIN,NYJ,41,58,0.620689655172,6.21493283349,5.18692403487,2,0,22,57,0.59649122807,6.55882352941,7.86956521739,2,3,-1,-0.0241984271022,0.343890695922,2.68264118252,0,3
2025,8,2025_08_NYJ_CIN,NYJ,CIN,41,58,0.620689655172,5.49019837551,5.97123287671,2,1,24,70,0.471428571429,7.51515151515,6.86486486486,2,2,12,-0.149261083744,2.02495313964,0.893631988153,0,1
2025,8,2025_08_SF_HOU,HOU,SF,44,65,0.569230769231,7.26096491228,3.36846057572,2,1,24,75,0.52,8.15384615385,4.36111111111,2,0,10,-0.0492307692308,0.892881241565,0.992650535391,0,-1
2025,8,2025_08_SF_HOU,SF,HOU,44,65,0.569230769231,6.00341130604,3.11082603254,0,1,17,42,0.761904761905,6.03125,4.8,2,0,-23,0.192673992674,0.0278386939571,1.68917396746,2,-1
2025,8,2025_08_TB_NO,NO,TB,41,57,0.578947368421,8.29318658281,4.31105990783,1,1,23,66,0.772727272727,5.17647058824,3.2,0,0,9,0.193779904306,-3.11671599457,-1.11105990783,-1,-1
2025,8,2025_08_TB_NO,TB,NO,44,57,0.578947368421,7.59853249476,4.69953917051,2,1,25,53,0.452830188679,6.33333333333,3.03448275862,0,1,-4,-0.126117179742,-1.26519916143,-1.66505641189,-2,0
2025,8,2025_08_TEN_IND,IND,TEN,41,55,0.618181818182,6.58403716216,6.46941176471,2,2,31,49,0.632653061224,8.77419354839,9.11111111111,3,2,-6,0.0144712430427,2.19015638622,2.64169934641,1,0
2025,8,2025_08_TEN_IND,TEN,IND,41,55,0.618181818182,8.38400900901,3.43764705882,1,0,17,63,0.603174603175,6.81578947368,4.52,1,1,8,-0.0150072150072,-1.56821953532,1.08235294118,0,1
2025,8,2025_08_WAS_KC,KC,WAS,48,61,0.508196721311,8.38274932615,4.91991504248,2,1,28,64,0.53125,8.79411764706,4.93333333333,3,1,3,0.0230532786885,0.411368320913,0.0134182908546,1,0
2025,8,2025_08_WAS_KC,WAS,KC,44,61,0.508196721311,6.28829739443,3.69190404798,1,1,21,50,0.6,7.1,3,1,0,-11,0.0918032786885,0.811702605571,-0.691904047976,0,-1
2025,9,2025_09_ARI_DAL,ARI,DAL,41,62,0.564516129032,7.01483585859,5.43827160494,2,1,27,60,0.516666666667,8.41935483871,4.10344827586,2,1,-2,-0.0478494623656,1.40451898012,-1.33482332908,0,0
2025,9,2025_09_ARI_DAL,DAL,ARI,43,62,0.564516129032,6.82251082251,3.78395061728,2,1,29,60,0.65,6.41025641026,5.85714285714,1,0,-2,0.0854838709677,-0.412254412254,2.07319223986,-1,-1
2025,9,2025_09_ATL_NE,ATL,NE,41,58,0.51724137931,7.59793952368,3.17945439045,1,1,15,53,0.698113207547,5.97297297297,4.4375,3,0,-5,0.180871828237,-1.62496655071,1.25804560955,2,-1
2025,9,2025_09_ATL_NE,NE,ATL,42,58,0.51724137931,7.90841584158,5.33695652174,3,1,27,62,0.467741935484,8.93103448276,3.33333333333,2,1,4,-0.0494994438265,1.02261864117,-2.00362318841,-1,0
2025,9,2025_09_BAL_MIA,BAL,MIA,45,55,0.527272727273,6.36082995951,4.0040521978,1,1,20,54,0.425925925926,8.86956521739,4.83870967742,4,0,-1,-0.101346801347,2.50873525788,0.834657479617,3,-1
2025,9,2025_09_BAL_MIA,MIA,BAL,43,55,0.527272727273,7.95973105842,4.20789835165,2,1,26,60,0.666666666667,6.525,4.35,0,0,5,0.139393939394,-1.43473105842,0.142101648352,-2,-1
2025,9,2025_09_CAR_GB,CAR,GB,42,61,0.491803278689,7.42760332797,3.70600191296,2,0,20,53,0.377358490566,5.1,4.93939393939,0,2,-8,-0.114444788122,-2.32760332797,1.23339202643,-2,2
2025,9,2025_09_CAR_GB,GB,CAR,44,61,0.491803278689,8.15177133655,3.82926829268,2,2,27,62,0.596774193548,7.37837837838,4.16,0,1,1,0.10497091486,-0.773392958176,0.330731707317,-2,-1
2025,9,2025_09_CHI_CIN,CHI,CIN,41,60,0.6,6.81182795699,7.06774193548,1,1,28,74,0.5,8.16216216216,7.64864864865,4,2,14,-0.1,1.35033420517,0.580906713165,3,1
2025,9,2025_09_CHI_CIN,CIN,CHI,42,60,0.6,6.4982078853,4.96505376344,2,1,24,62,0.758064516129,10,3.06666666667,4,0,2,0.158064516129,3.5017921147,-1.89838709677,2,-1
2025,9,2025_09_DEN_HOU,DEN,HOU,43,66,0.575757575758,5.66899236759,3.77862254025,2,1,22,60,0.616666666667,4.67567567568,4.34782608696,2,0,-6,0.0409090909091,-0.993316691914,0.569203546706,0,-1
2025,9,2025_09_DEN_HOU,HOU,DEN,45,66,0.575757575758,6.05319559016,4.25417412045,2,1,24,68,0.588235294118,5.4,2.75,0,0,2,0.0124777183601,-0.653195590163,-1.50417412045,-2,-1
2025,9,2025_09_IND_PIT,IND,PIT,42,54,0.574074074074,8.67815789474,5.47147950089,2,1,29,69,0.724637681159,6.84,2.89473684211,1,1,15,0.150563607085,-1.83815789474,-2.57674265879,-1,0
2025,9,2025_09_IND_PIT,PIT,IND,43,54,0.574074074074,8.77289473684,4.45075757576,2,0,23,58,0.603448275862,5.8,1.65217391304,1,2,4,0.029374201788,-2.97289473684,-2.79858366271,-1,2
2025,9,2025_09_JAX_LV,JAX,LV,41,55,0.563636363636,8.10333145116,4.34834558824,2,1,23,76,0.447368421053,6.47058823529,3.59523809524,0,3,21,-0.116267942584,-1.63274321586,-0.753107492997,-2,2
2025,9,2025_09_JAX_LV,LV,JAX,41,55,0.563636363636,6.55392433653,3.86167279412,1,1,18,58,0.672413793103,7.28205128205,3,4,0,3,0.108777429467,0.728126945518,-0.861672794118,3,-1
2025,9,2025_09_KC_BUF,BUF,KC,46,61,0.491803278689,6.3422979798,3.73886363636,1,1,19,61,0.426229508197,10.5,4.02857142857,1,3,0,-0.0655737704918,4.1577020202,0.289707792208,0,2
2025,9,2025_09_KC_BUF,KC,BUF,49,61,0.491803278689,8.61502525253,4.30431818182,2,1,25,54,0.62962962963,7.35294117647,3.95,0,2,-7,0.137826350941,-1.26208407605,-0.354318181818,-2,1
2025,9,2025_09_LAC_TEN,LAC,TEN,43,60,0.633333333333,6.95107858243,6.30036630037,2,1,28,59,0.491525423729,8.62068965517,4.36666666667,2,1,-1,-0.141807909605,1.66961107274,-1.9336996337,0,0
2025,9,2025_09_LAC_TEN,TEN,LAC,42,60,0.633333333333,6.13359013867,3.81868131868,1,1,18,40,0.525,6.90476190476,4.63157894737,0,0,-20,-0.108333333333,0.771171766087,0.812897628687,-1,-1
2025,9,2025_09_MIN_DET,DET,MIN,45,57,0.561403508772,7.73859530262,5.59768740032,3,1,27,57,0.649122807018,7.67567567568,3.25,2,1,0,0.0877192982456,-0.062919626944,-2.34768740032,-1,0
2025,9,2025_09_MIN_DET,MIN,DET,42,57,0.561403508772,7.90447154472,3.28209728868,2,1,21,54,0.462962962963,5.72,4.89655172414,2,1,-3,-0.098440545809,-2.18447154472,1.61445443546,0,0
2025,9,2025_09_NO_LA,LA,NO,44,58,0.603448275862,6.23065604985,5.25387700535,2,1,25,75,0.426666666667,8.78125,3.97674418605,4,1,17,-0.176781609195,2.55059395015,-1.2771328193,2,0
2025,9,2025_09_NO_LA,NO,LA,42,58,0.603448275862,6.99091223819,4.05147058824,1,0,14,39,0.641025641026,7.04,4.07142857143,1,0,-19,0.0375773651636,0.0490877618141,0.0199579831933,0,0
2025,9,2025_09_SEA_WAS,SEA,WAS,41,56,0.517857142857,9.19519794721,4.74683544304,2,1,29,48,0.5,13.75,3.66666666667,4,1,-8,-0.0178571428571,4.55480205279,-1.08016877637,2,0
2025,9,2025_09_SEA_WAS,WAS,SEA,45,56,0.517857142857,8.3093230694,3.10759493671,2,1,21,58,0.379310344828,6.95454545455,4.36111111111,0,2,2,-0.13854679803,-1.35477761486,1.2535161744,-2,1
2025,9,2025_09_SF_NYG,NYG,SF,42,60,0.533333333333,8.24319960253,4.22573484385,2,1,24,54,0.611111111111,5.78787878788,5.57142857143,2,1,-6,0.0777777777778,-2.45532081466,1.34569372758,0,0
2025,9,2025_09_SF_NYG,SF,NYG,45,60,0.533333333333,8.03086573097,4.70368952848,2,1,23,63,0.380952380952,9.79166666667,4.07692307692,2,2,3,-0.152380952381,1.7608009357,-0.626766451552,0,1
2025,10,2025_10_ARI_SEA,ARI,SEA,42,59,0.542372881356,7.72929556062,3.49657890823,1,1,21,68,0.661764705882,5.73333333333,5.60869565217,2,1,9,0.119391824526,-1.99596222729,2.11211674395,1,0
2025,10,2025_10_ARI_SEA,SEA,ARI,42,59,0.542372881356,7.93558015847,3.86784173732,2,1,26,58,0.206896551724,14.8333333333,4.30434782609,1,2,-1,-0.335476329632,6.89775317486,0.436506088767,-1,1
2025,10,2025_10_ATL_IND,ATL,IND,42,57,0.631578947368,6.83006562756,3.38757861635,1,1,19,57,0.491228070175,6.32142857143,4.8275862069,1,2,0,-0.140350877193,-0.508637056135,1.44000759054,0,1
2025,10,2025_10_ATL_IND,IND,ATL,43,57,0.631578947368,6.82739950779,6.83443396226,2,2,29,67,0.388059701493,9.80769230769,7.87804878049,1,3,10,-0.243519245876,2.9802927999,1.04361481822,-1,1
2025,10,2025_10_BAL_MIN,BAL,MIN,46,56,0.535714285714,7.62483854301,4.97218369548,2,1,24,65,0.446153846154,6.06896551724,4.22222222222,1,1,9,-0.0895604395604,-1.55587302577,-0.749961473262,-1,0
2025,10,2025_10_BAL_MIN,MIN,BAL,43,56,0.535714285714,7.72881684319,3.35074741871,1,1,19,60,0.7,5.90476190476,6.66666666667,1,1,4,0.164285714286,-1.82405493843,3.31591924796,0,0
2025,10,2025_10_BUF_MIA,BUF,MIA,47,57,0.508771929825,6.76863945578,4.6583625101,1,2,25,62,0.645161290323,7.65,3.95454545455,2,0,5,0.136389360498,0.881360544218,-0.703817055554,1,-2
2025,10,2025_10_BUF_MIA,MIA,BUF,44,57,0.508771929825,7.65816326531,4.21323727444,1,1,18,53,0.396226415094,8.2380952381,6.15625,2,2,-4,-0.11254551473,0.579931972789,1.94301272556,1,1
2025,10,2025_10_CLE_NYJ,CLE,NYJ,43,58,0.551724137931,5.88928571429,3.97727272727,1,1,20,64,0.5,5.21875,4.9375,2,0,6,-0.051724137931,-0.670535714286,0.960227272727,1,-1
2025,10,2025_10_CLE_NYJ,NYJ,CLE,42,58,0.551724137931,5.95833333333,5.27462121212,1,0,20,44,0.25,4.90909090909,3.84848484848,1,0,-14,-0.301724137931,-1.04924242424,-1.42613636364,0,0
2025,10,2025_10_DET_WAS,DET,WAS,46,56,0.517857142857,9.14705513784,4.48952380952,2,1,29,68,0.514705882353,9.14285714286,6.84848484848,3,2,12,-0.0031512605042,-0.00419799498747,2.35896103896,1,1
2025,10,2025_10_DET_WAS,WAS,DET,46,56,0.517857142857,6.78740601504,4.06785714286,1,1,19,49,0.448979591837,9.68181818182,3.44444444444,2,1,-7,-0.0688775510204,2.89441216678,-0.623412698413,1,0
2025,10,2025_10_JAX_HOU,HOU,JAX,46,67,0.582089552239,6.0490171371,3.07762345679,2,0,25,67,0.671641791045,6.48888888889,5.90909090909,2,2,0,0.089552238806,0.439871751792,2.8314674523,0,2
2025,10,2025_10_JAX_HOU,JAX,HOU,42,67,0.582089552239,5.38268649194,3.54197530864,1,1,18,50,0.46,6.86956521739,3.48148148148,1,1,-17,-0.122089552239,1.48687872546,-0.0604938271605,0,0
2025,10,2025_10_LA_SF,LA,SF,45,61,0.540983606557,8.11163227017,3.66698564593,3,0,25,66,0.545454545455,7.77777777778,4.2,4,2,5,0.00447093889717,-0.333854492391,0.533014354067,1,2
2025,10,2025_10_LA_SF,SF,LA,46,61,0.540983606557,6.89922272849,3.90161483254,1,1,16,60,0.65,8.17948717949,3.52380952381,3,1,-1,0.109016393443,1.280264451,-0.377805308726,2,0
2025,10,2025_10_LV_DEN,DEN,LV,44,56,0.571428571429,7.56293103448,5.77440860215,2,1,27,55,0.509090909091,5.35714285714,3.11111111111,1,0,-1,-0.0623376623377,-2.20578817734,-2.66329749104,-1,-1
2025,10,2025_10_LV_DEN,LV,DEN,42,56,0.571428571429,6.54245689655,3.23634408602,2,1,19,52,0.519230769231,5.2962962963,2.96,0,1,-4,-0.0521978021978,-1.24616060026,-0.276344086022,-2,0
2025,10,2025_10_NE_TB,NE,TB,43,58,0.51724137931,9.42422010979,4.30324339839,2,1,23,58,0.534482758621,8.70967741935,6.14814814815,2,2,0,0.0172413793103,-0.714542690432,1.84490474976,0,1
2025,10,2025_10_NE_TB,TB,NE,45,58,0.51724137931,7.38224661936,2.59457520092,2,1,20,64,0.671875,6.3488372093,5.38095238095,3,0,6,0.15463362069,-1.03340941006,2.78637718003,1,-1
2025,10,2025_10_NO_CAR,CAR,NO,43,55,0.545454545455,5.92592592593,7.30042581802,1,1,21,48,0.520833333333,4.96,3.17391304348,0,1,-7,-0.0246212121212,-0.965925925926,-4.12651277454,-1,0
2025,10,2025_10_NO_CAR,NO,CAR,43,55,0.545454545455,7.26047758285,3.83606006275,1,1,16,65,0.430769230769,10.0714285714,3.2972972973,2,0,10,-0.114685314685,2.81095098858,-0.538762765455,1,-1
2025,10,2025_10_NYG_CHI,CHI,NYG,42,61,0.524590163934,7.60742574257,6.90364864865,2,2,31,64,0.5625,6.11111111111,6.10714285714,1,2,3,0.0379098360656,-1.49631463146,-0.796505791506,-1,0
2025,10,2025_10_NYG_CHI,NYG,CHI,43,61,0.524590163934,8.10654565457,3.38905405405,2,1,26,66,0.545454545455,7.97222222222,5.63333333333,0,2,5,0.0208643815201,-0.134323432343,2.24427927928,-2,1
2025,10,2025_10_PHI_GB,GB,PHI,45,56,0.535714285714,8.55358967808,4.13744665718,1,2,26,63,0.571428571429,4.88888888889,3.85185185185,0,1,7,0.0357142857143,-3.66470078919,-0.285594805332,-1,-1
2025,10,2025_10_PHI_GB,PHI,GB,47,56,0.535714285714,8.09683188554,4.95697012802,2,1,25,60,0.433333333333,7.03846153846,3.26470588235,1,0,4,-0.102380952381,-1.05837034708,-1.69226424567,-1,-1
2025,10,2025_10_PIT_LAC,LAC,PIT,44,60,0.583333333333,9.08610747051,4.58749309265,2,1,27,64,0.515625,6.66666666667,3.70967741935,1,1,4,-0.0677083333333,-2.41944080384,-0.877815673296,-1,0
2025,10,2025_10_PIT_LAC,PIT,LAC,44,60,0.583333333333,5.90166011359,3.63823908639,2,1,25,47,0.659574468085,5.1935483871,4.5625,1,0,-13,0.0762411347518,-0.70811172649,0.924260913612,-1,-1
2025,11,2025_11_BAL_CLE,BAL,CLE,47,58,0.48275862069,6.70079491256,4.83569353667,2,0,23,55,0.454545454545,7.72,6.13333333333,0,2,-3,-0.0282131661442,1.01920508744,1.29763979666,-2,2
2025,11,2025_11_BAL_CLE,CLE,BAL,44,58,0.48275862069,7.94721780604,3.52233115468,1,1,18,51,0.509803921569,4.42307692308,4.24,0,0,-7,0.027045300879,-3.52414088296,0.717668845316,-1,-1
2025,11,2025_11_CAR_ATL,ATL,CAR,43,54,0.518518518519,8.33627717391,4.8680875576,1,1,20,58,0.51724137931,7.43333333333,4.46428571429,0,3,4,-0.00127713920817,-0.90294384058,-0.403801843318,-1,2
2025,11,2025_11_CAR_ATL,CAR,ATL,44,54,0.518518518519,6.65058876812,6.7123655914,1,1,20,70,0.642857142857,9.95555555556,2.68,3,0,16,0.124338624339,3.30496678744,-4.0323655914,2,-1
2025,11,2025_11_CHI_MIN,CHI,MIN,43,60,0.583333333333,7.14023717595,6.78017241379,2,1,28,71,0.450704225352,6.03125,3.58974358974,0,1,11,-0.132629107981,-1.10898717595,-3.19042882405,-2,0
2025,11,2025_11_CHI_MIN,MIN,CHI,44,60,0.583333333333,7.04366611509,4.7789968652,2,1,24,54,0.592592592593,4.6875,5.22727272727,1,1,-6,0.00925925925926,-2.35616611509,0.448275862069,-1,0
2025,11,2025_11_CIN_PIT,CIN,PIT,43,58,0.655172413793,8.56257659314,5.34037963762,2,1,30,62,0.645161290323,4.975,4.77272727273,1,0,4,-0.0100111234705,-3.58757659314,-0.567652364891,-1,-1
2025,11,2025_11_CIN_PIT,PIT,CIN,45,58,0.655172413793,5.97893688725,7.39603106126,2,1,30,59,0.525423728814,7.83870967742,3.96428571429,2,0,1,-0.12974868498,1.85977279016,-3.43174534697,0,-1
2025,11,2025_11_DAL_LV,DAL,LV,44,55,0.563636363636,7.55860805861,5.82541073384,1,1,26,64,0.515625,8.12121212121,3.67741935484,4,0,9,-0.0480113636364,0.562604062604,-2.14799137901,3,-1
2025,11,2025_11_DAL_LV,LV,DAL,43,55,0.563636363636,6.48328754579,4.03263964951,2,1,21,54,0.777777777778,5.66666666667,2.25,1,0,-1,0.214141414141,-0.816620879121,-1.78263964951,-1,-1
2025,11,2025_11_DET_PHI,DET,PHI,47,57,0.508771929825,9.12519730234,4.12647058824,1,1,24,58,0.637931034483,6.89189189189,3.52380952381,1,0,1,0.129159104658,-2.23330541045,-0.602661064426,0,-1
2025,11,2025_11_DET_PHI,PHI,DET,48,57,0.508771929825,7.87659635529,4.02352941176,2,0,22,68,0.411764705882,4.82142857143,3.7,0,1,11,-0.0970072239422,-3.05516778386,-0.323529411765,-2,1
2025,11,2025_11_GB_NYG,GB,NYG,46,59,0.559322033898,7.08587487781,6.14423076923,2,1,25,49,0.530612244898,6.92307692308,5.5652173913,3,1,-10,-0.0287097890003,-0.162797954733,-0.579013377926,1,0
2025,11,2025_11_GB_NYG,NYG,GB,44,59,0.559322033898,5.89843597263,4.8108974359,1,1,21,67,0.432835820896,6.93103448276,3.73684210526,0,3,8,-0.126486213003,1.03259851013,-1.07405533063,-1,2
2025,11,2025_11_HOU_TEN,HOU,TEN,47,60,0.616666666667,7.39516129032,6.3127076412,2,1,28,64,0.640625,6.68292682927,3.26086956522,1,0,4,0.0239583333333,-0.712234461054,-3.05183807598,-1,-1
2025,11,2025_11_HOU_TEN,TEN,HOU,43,60,0.616666666667,5.65591397849,3.54983388704,1,0,18,54,0.685185185185,5.24324324324,3.41176470588,1,0,-6,0.0685185185185,-0.412670735251,-0.138069181161,0,0
2025,11,2025_11_KC_DEN,DEN,KC,45,61,0.55737704918,5.75521586449,3.56868131868,2,1,19,59,0.64406779661,7.76315789474,2.80952380952,0,1,-2,0.0866907474298,2.00794203025,-0.759157509158,-2,0
2025,11,2025_11_KC_DEN,KC,DEN,50,61,0.55737704918,7.27148316464,3.74267399267,1,1,22,59,0.762711864407,6.13333333333,4.42857142857,1,1,-2,0.205334815226,-1.1381498313,0.685897435897,0,0
2025,11,2025_11_LAC_JAX,JAX,LAC,43,64,0.53125,5.87044334975,2.86363636364,1,1,20,69,0.31884057971,6.95454545455,4.08510638298,1,4,5,-0.21240942029,1.08410210479,1.22147001934,0,3
2025,11,2025_11_LAC_JAX,LAC,JAX,45,64,0.53125,7.61527093596,3.74606643357,3,1,30,42,0.619047619048,4.53846153846,2.625,0,0,-22,0.0877976190476,-3.0768093975,-1.12106643357,-3,-1
2025,11,2025_11_NYJ_NE,NE,NYJ,44,58,0.465517241379,8.59661172161,4.96198830409,2,1,26,61,0.55737704918,8.26470588235,2.40740740741,1,2,3,0.091859807801,-0.331905839259,-2.55458089669,-1,1
2025,11,2025_11_NYJ_NE,NYJ,NE,43,58,0.465517241379,6.90750915751,3.89298245614,2,0,21,55,0.490909090909,4.2962962963,5,1,1,-3,0.0253918495298,-2.61121286121,1.10701754386,-1,1
2025,11,2025_11_SEA_LA,LA,SEA,46,61,0.475409836066,8.38410017472,3.5523510375,3,1,27,50,0.56,4.64285714286,5.40909090909,2,1,-11,0.0845901639344,-3.74124303187,1.85673987159,-1,0
2025,11,2025_11_SEA_LA,SEA,LA,43,61,0.475409836066,9.21731217239,3.06410622501,2,1,24,79,0.556962025316,6.34090909091,3.85714285714,0,1,18,0.0815521892509,-2.87640308148,0.793036632129,-2,0
2025,11,2025_11_SF_ARI,ARI,SF,43,60,0.583333333333,7.71513157895,4.99464285714,2,1,26,71,0.802816901408,7.9298245614,2.57142857143,2,1,11,0.219483568075,0.214692982456,-2.42321428571,0,0
2025,11,2025_11_SF_ARI,SF,ARI,47,60,0.583333333333,6.64140037594,4.60089285714,2,1,26,51,0.509803921569,7.69230769231,3.8,3,2,-9,-0.0735294117647,1.05090731637,-0.800892857143,1,1
2025,11,2025_11_TB_BUF,BUF,TB,48,59,0.559322033898,7.60410064343,5.61903927069,1,2,23,53,0.566037735849,10.5666666667,4.21739130435,3,3,-6,0.00671570195075,2.96256602324,-1.40164796634,2,1
2025,11,2025_11_TB_BUF,TB,BUF,46,59,0.559322033898,6.1501488524,4.07117812062,1,1,21,67,0.417910447761,6.17857142857,5.17948717949,1,3,8,-0.141411586137,0.0284225761754,1.10830905887,0,2
2025,11,2025_11_WAS_MIA,MIA,WAS,45,56,0.5,10.0428439803,5.17077297956,3,1,29,51,0.392156862745,8.55,5.45161290323,0,1,-5,-0.107843137255,-1.49284398034,0.280839923667,-3,0
2025,11,2025_11_WAS_MIA,WAS,MIA,47,56,0.5,7.79284398034,3.45173954244,2,1,18,63,0.47619047619,7.1,5.21212121212,1,0,7,-0.0238095238095,-0.692843980344,1.76038166968,-1,-1
2025,12,2025_12_ATL_NO,ATL,NO,44,55,0.6,5.94630566802,4.81652137817,1,1,22,52,0.442307692308,8.65217391304,4.1724137931,2,0,-3,-0.157692307692,2.70586824503,-0.644107585062,1,-1
2025,12,2025_12_ATL_NO,NO,ATL,44,55,0.6,8.53431174089,5.14435450394,2,1,20,73,0.616438356164,5.4,2.82142857143,0,0,18,0.0164383561644,-3.13431174089,-2.32292593251,-2,-1
2025,12,2025_12_BUF_HOU,BUF,HOU,49,62,0.58064516129,6.75,3.75727739726,2,1,24,58,0.586206896552,7.44117647059,5.95833333333,0,1,-4,0.0055617352614,0.691176470588,2.20105593607,-2,0
2025,12,2025_12_BUF_HOU,HOU,BUF,48,62,0.58064516129,6.20734126984,4.91900684932,1,1,24,56,0.535714285714,5.1,4.15384615385,2,0,-6,-0.044930875576,-1.10734126984,-0.765160695469,1,-1
2025,12,2025_12_CAR_SF,CAR,SF,45,57,0.508771929825,8.92983770287,3.51154684096,2,1,22,42,0.690476190476,5.8275862069,5.30769230769,1,0,-15,0.181704260652,-3.10225149597,1.79614546673,-1,-1
2025,12,2025_12_CAR_SF,SF,CAR,48,57,0.508771929825,8.5581772784,4.09607843137,2,2,25,70,0.457142857143,6.03125,3.86842105263,1,1,13,-0.0516290726817,-2.5269272784,-0.227657378741,-1,-1
2025,12,2025_12_CLE_LV,CLE,LV,45,54,0.592592592593,5.30854241338,5.39004403131,1,1,20,47,0.425531914894,10.45,2.37037037037,1,2,-7,-0.167060677699,5.14145758662,-3.01967366094,0,1
2025,12,2025_12_CLE_LV,LV,CLE,44,54,0.592592592593,5.92278972521,4.75318003914,1,0,20,65,0.676923076923,6.47727272727,2.85714285714,1,0,11,0.0843304843305,0.554483002064,-1.896037182,0,0
2025,12,2025_12_IND_KC,IND,KC,44,61,0.590163934426,7.51649987594,5.50560897436,1,2,24,50,0.62,5.83870967742,3.89473684211,2,0,-11,0.0298360655738,-1.67779019852,-1.61087213225,1,-2
2025,12,2025_12_IND_KC,KC,IND,51,61,0.590163934426,6.63642378629,4.12319711538,1,2,23,87,0.528735632184,7.65217391304,3.60975609756,0,1,26,-0.0614283022423,1.01575012676,-0.513441017824,-1,-1
2025,12,2025_12_JAX_ARI,ARI,JAX,44,66,0.560606060606,8.04278100314,3.13858411703,2,1,24,70,0.714285714286,6.3,2.75,1,1,4,0.15367965368,-1.74278100314,-0.388584117032,-1,0
2025,12,2025_12_JAX_ARI,JAX,ARI,44,66,0.560606060606,5.72166174931,5.03513584117,1,2,30,58,0.51724137931,8.53333333333,4.78571428571,3,0,-8,-0.0433646812957,2.81167158402,-0.249421555456,2,-2
2025,12,2025_12_MIN_GB,GB,MIN,47,57,0.578947368421,6.47474747475,4.82695652174,1,1,22,64,0.34375,6.63636363636,3.47619047619,0,2,7,-0.235197368421,0.161616161616,-1.35076604555,-1,1
2025,12,2025_12_MIN_GB,MIN,GB,45,57,0.578947368421,5.18686868687,5.5052173913,1,1,19,39,0.487179487179,4.57894736842,4.65,0,0,-18,-0.0917678812416,-0.607921318448,-0.855217391304,-1,-1
2025,12,2025_12_NE_CIN,CIN,NE,44,61,0.590163934426,6.93063126429,4.62873563218,2,1,24,61,0.622950819672,5.18421052632,5.21739130435,1,0,0,0.0327868852459,-1.74642073797,0.588655672164,-1,-1
2025,12,2025_12_NE_CIN,NE,CIN,45,61,0.590163934426,7.58537014243,7.35977011494,2,2,33,66,0.530303030303,8.4,3.45161290323,1,0,5,-0.0598609041232,0.81462985757,-3.90815721172,-1,-2
2025,12,2025_12_NYG_DET,DET,NYG,48,60,0.55,7.18016289084,5.03924992408,2,1,27,62,0.677419354839,6.64285714286,11.85,2,2,2,0.127419354839,-0.537305747987,6.81075007592,0,1
2025,12,2025_12_NYG_DET,NYG,DET,45,60,0.55,5.71657929227,4.99233221986,1,1,22,76,0.486842105263,10.7837837838,3.12820512821,3,0,16,-0.0631578947368,5.06720449152,-1.86412709166,2,-1
2025,12,2025_12_NYJ_BAL,BAL,NYJ,48,57,0.438596491228,8.44613133346,4.56637912897,2,1,25,57,0.40350877193,6.65217391304,2.88235294118,0,2,0,-0.0350877192982,-1.79395742041,-1.68402618779,-2,1
2025,12,2025_12_NYJ_BAL,NYJ,BAL,44,57,0.438596491228,6.99561002378,4.27156532716,1,1,19,54,0.518518518519,7.92857142857,3,1,0,-3,0.0799220272904,0.932961404792,-1.27156532716,0,-1
2025,12,2025_12_PHI_DAL,DAL,PHI,45,60,0.5,7.78630967416,3.22784596329,1,1,21,67,0.537313432836,9.83333333333,4.03225806452,2,1,7,0.0373134328358,2.04702365917,0.804412101224,1,0
2025,12,2025_12_PHI_DAL,PHI,DAL,49,60,0.5,6.84408941652,4.4578313253,2,1,25,57,0.684210526316,7.41025641026,3.5,1,2,-3,0.184210526316,0.566166993737,-0.957831325301,-1,1
2025,12,2025_12_PIT_CHI,CHI,PIT,44,61,0.55737704918,7.32744231713,4.90800803674,1,1,25,60,0.583333333333,6.82857142857,3.96,3,1,-1,0.025956284153,-0.498870888562,-0.948008036739,2,0
2025,12,2025_12_PIT_CHI,PIT,CHI,46,61,0.55737704918,7.44791359843,3.24325487945,2,1,25,67,0.462686567164,5.51612903226,5.16666666667,1,2,6,-0.0946904820161,-1.93178456617,1.92341178722,-1,1
2025,12,2025_12_SEA_TEN,SEA,TEN,44,56,0.535714285714,9.06458333333,5.03754879001,2,1,29,46,0.565217391304,9.38461538462,5.7,2,1,-10,0.0295031055901,0.320032051282,0.662451209992,0,0
2025,12,2025_12_SEA_TEN,TEN,SEA,44,56,0.535714285714,6.49583333333,4.05152224824,1,1,17,64,0.65625,6.09523809524,2.90909090909,1,1,8,0.120535714286,-0.400595238095,-1.14243133915,0,0
2025,12,2025_12_TB_LA,LA,TB,47,61,0.524590163934,8.07790570175,3.93666469545,3,1,28,54,0.648148148148,7.8,3.68421052632,3,0,-7,0.123557984214,-0.277905701754,-0.252454169131,0,-1
2025,12,2025_12_TB_LA,TB,LA,47,61,0.524590163934,7.17861842105,3.66404494382,1,1,20,63,0.539682539683,3.02941176471,4.24137931034,1,0,2,0.0150923757481,-4.14920665635,0.577334366525,0,-1
2025,13,2025_13_ARI_TB,ARI,TB,45,66,0.621212121212,7.46694862155,3.80061107826,2,1,27,59,0.677966101695,7.525,5,2,0,-7,0.0567539804828,0.0580513784461,1.19938892174,0,-1
2025,13,2025_13_ARI_TB,TB,ARI,48,66,0.621212121212,4.69981203008,6.20628819239,2,1,27,55,0.509090909091,6.92857142857,3.51851851852,1,1,-11,-0.112121212121,2.2287593985,-2.68776967387,-1,0
2025,13,2025_13_ATL_NYJ,ATL,NYJ,45,54,0.481481481481,8.25056116723,4.08901363272,1,1,24,65,0.507692307692,7.09090909091,5.21875,1,2,11,0.0262108262108,-1.15965207632,1.12973636728,0,1
2025,13,2025_13_ATL_NYJ,NYJ,ATL,45,54,0.481481481481,8.80920314254,4.70950280674,1,1,21,61,0.540983606557,5.21212121212,3.92857142857,1,2,7,0.0595021250759,-3.59708193042,-0.780931378165,0,1
2025,13,2025_13_BUF_PIT,BUF,PIT,50,58,0.568965517241,7.74917287014,4.36331521739,2,1,25,74,0.310810810811,5.34782608696,4.88235294118,1,1,16,-0.258154706431,-2.40134678318,0.519037723785,-1,0
2025,13,2025_13_BUF_PIT,PIT,BUF,47,58,0.568965517241,5.490436311,5.98641304348,2,1,25,42,0.571428571429,4.875,3.22222222222,0,1,-16,0.00246305418719,-0.615436311001,-2.76419082126,-2,0
2025,13,2025_13_CHI_PHI,CHI,PHI,45,62,0.516129032258,7.38547865122,3.875,1,1,20,83,0.433734939759,4.27777777778,5.97872340426,1,2,21,-0.082394092499,-3.10770087344,2.10372340426,0,1
2025,13,2025_13_CHI_PHI,PHI,CHI,50,62,0.516129032258,6.21489717089,4.30434782609,1,1,22,51,0.666666666667,6.76470588235,5.11764705882,2,0,-11,0.150537634409,0.549808711458,0.813299232737,1,-1
2025,13,2025_13_CIN_BAL,BAL,CIN,49,60,0.55,6.74561038961,6.345,1,1,30,54,0.592592592593,7.6875,5.59090909091,0,2,-6,0.0425925925926,0.94188961039,-0.754090909091,-1,1
2025,13,2025_13_CIN_BAL,CIN,BAL,45,60,0.55,7.2627012987,3.77833333333,1,0,21,79,0.582278481013,5.67391304348,3.87878787879,2,0,19,0.0322784810127,-1.58878825522,0.100454545455,1,0
2025,13,2025_13_DEN_WAS,DEN,WAS,46,58,0.51724137931,8.5472972973,4.22689260563,2,1,27,68,0.661764705882,7.13333333333,3.78260869565,1,2,10,0.144523326572,-1.41396396396,-0.444283909982,-1,1
2025,13,2025_13_DEN_WAS,WAS,DEN,48,58,0.51724137931,6.99468643401,3.69791666667,1,1,16,83,0.602409638554,5.88,4.33333333333,2,1,25,0.0851682592439,-1.11468643401,0.635416666667,1,0
2025,13,2025_13_GB_DET,DET,GB,49,61,0.55737704918,6.54918546366,5.50881316099,1,1,21,57,0.473684210526,9.48148148148,3.96666666667,2,1,-4,-0.083692838654,2.93229601782,-1.54214649432,1,0
2025,13,2025_13_GB_DET,GB,DET,48,61,0.55737704918,6.26441102757,4.50705052879,1,1,20,60,0.5,7.8,4.16666666667,4,0,-1,-0.0573770491803,1.53558897243,-0.340383862123,3,-1
2025,13,2025_13_HOU_IND,HOU,IND,49,62,0.596774193548,6.5196986787,4.26751649135,1,1,24,69,0.507246376812,7.88571428571,3.17647058824,0,2,7,-0.0895278167368,1.36601560702,-1.09104590312,-1,1
2025,13,2025_13_HOU_IND,IND,HOU,45,62,0.596774193548,6.24327263938,4.9382242824,1,1,23,50,0.54,7.44444444444,3.73913043478,2,0,-12,-0.0567741935484,1.20117180506,-1.19909384762,1,-1
2025,13,2025_13_JAX_TEN,JAX,TEN,45,57,0.543859649123,7.62,4.81744421907,2,1,27,54,0.5,8.48148148148,2.59259259259,2,1,-3,-0.0438596491228,0.861481481481,-2.22485162647,0,0
2025,13,2025_13_JAX_TEN,TEN,JAX,45,57,0.543859649123,7.80833333333,2.92308992563,1,1,21,52,0.730769230769,3.71052631579,4.78571428571,0,0,-5,0.186909581646,-4.09780701754,1.86262436009,-1,-1
2025,13,2025_13_KC_DAL,DAL,KC,46,65,0.584615384615,7.03303703704,4.00738955823,2,1,23,65,0.6,8.20512820513,5.26923076923,2,1,0,0.0153846153846,1.17209116809,1.261841211,0,0
2025,13,2025_13_KC_DAL,KC,DAL,52,65,0.584615384615,7.16014814815,3.18570281124,1,1,23,57,0.59649122807,7.67647058824,5.17391304348,4,0,-8,0.0118758434548,0.516322440087,1.98821023223,3,-1
2025,13,2025_13_LA_CAR,CAR,LA,46,56,0.571428571429,7.28282828283,4.05114292311,1,1,15,60,0.333333333333,10.3,4.1,3,0,4,-0.238095238095,3.01717171717,0.0488570768876,2,-1
2025,13,2025_13_LA_CAR,LA,CAR,48,56,0.571428571429,6.97474747475,5.44781805588,2,1,28,49,0.571428571429,8.67857142857,7.2380952381,2,2,-7,0,1.70382395382,1.79027718222,0,1
2025,13,2025_13_LV_LAC,LAC,LV,46,56,0.607142857143,6.11524537409,4.12875055979,1,1,23,64,0.328125,7.61904761905,4.46511627907,2,2,8,-0.279017857143,1.50380224495,0.336365719285,1,1
2025,13,2025_13_LV_LAC,LV,LAC,45,56,0.607142857143,5.55485720032,3.68013882669,1,1,17,41,0.560975609756,7.17391304348,1.72222222222,2,0,-15,-0.0461672473868,1.61905584316,-1.95791660447,1,-1
2025,13,2025_13_MIN_SEA,MIN,SEA,46,55,0.527272727273,6.53435615001,4.27788778878,1,1,18,46,0.652173913043,4.2,4.125,0,0,-9,0.124901185771,-2.33435615001,-0.152887788779,-1,-1
2025,13,2025_13_MIN_SEA,SEA,MIN,45,55,0.527272727273,7.0432074482,5.86287128713,1,1,28,58,0.448275862069,4.92307692308,3.90625,0,1,3,-0.0789968652038,-2.12013052513,-1.95662128713,-1,0
2025,13,2025_13_NO_MIA,MIA,NO,46,57,0.543859649123,6.8162005543,5.03904224493,1,1,20,55,0.418181818182,6.82608695652,5.125,0,1,-2,-0.125677830941,0.00988640222595,0.0859577550709,-1,0
2025,13,2025_13_NO_MIA,NO,MIA,45,57,0.543859649123,8.03949357521,4.09676681409,2,0,15,65,0.584615384615,6.28947368421,3,2,0,8,0.0407557354926,-1.750019891,-1.09676681409,0,0
2025,13,2025_13_NYG_NE,NE,NYG,46,64,0.515625,7.55343137255,4.49290819131,2,1,29,60,0.516666666667,9.09677419355,4.10344827586,2,0,-4,0.00104166666667,1.543342821,-0.389459915452,0,-1
2025,13,2025_13_NYG_NE,NYG,NE,46,64,0.515625,7.27803921569,4.21748213304,1,1,21,51,0.470588235294,5.79166666667,4.11111111111,1,1,-13,-0.0450367647059,-1.48637254902,-0.106371021929,0,0
2025,13,2025_13_SF_CLE,CLE,SF,46,56,0.517857142857,7.79176579434,3.32738095238,2,1,22,57,0.456140350877,5.73076923077,4.45161290323,1,0,1,-0.0617167919799,-2.06099656357,1.12423195084,-1,-1
2025,13,2025_13_SF_CLE,SF,CLE,49,56,0.517857142857,7.08035950304,4.08928571429,1,1,24,63,0.47619047619,5.6,2.75757575758,1,2,7,-0.0416666666667,-1.48035950304,-1.33170995671,0,1
2025,14,2025_14_CHI_GB,CHI,GB,46,65,0.492307692308,6.33183968135,4.20550023708,1,1,21,67,0.522388059701,5.31428571429,4.3125,2,0,2,0.0300803673938,-1.01755396707,0.106999762921,1,-1
2025,14,2025_14_CHI_GB,GB,CHI,49,65,0.492307692308,6.2645008713,3.84774774775,2,1,23,51,0.490196078431,9.36,4.5,3,1,-14,-0.00211161387632,3.0954991287,0.652252252252,1,0
2025,14,2025_14_CIN_BUF,BUF,CIN,51,64,0.5625,7.14001668521,4.68079539508,1,1,28,57,0.491228070175,8.96428571429,6.31034482759,3,1,-7,-0.0712719298246,1.82426902908,1.62954943251,2,0
2025,14,2025_14_CIN_BUF,CIN,BUF,46,64,0.5625,5.19517055988,4.14037153323,1,1,23,55,0.654545454545,7.88888888889,3.26315789474,4,1,-9,0.0920454545455,2.69371832901,-0.877213638492,3,0
2025,14,2025_14_DAL_DET,DAL,DET,47,62,0.58064516129,7.98375262055,4.91805377721,3,0,26,71,0.661971830986,8,3.79166666667,1,1,9,0.0813266696956,0.0162473794549,-1.12638711054,-2,1
2025,14,2025_14_DAL_DET,DET,DAL,50,62,0.58064516129,7.37456324249,4.21566901408,2,1,25,56,0.607142857143,9.08823529412,4.95454545455,1,4,-6,0.0264976958525,1.71367205163,0.738876440461,-1,3
2025,14,2025_14_DEN_LV,DEN,LV,47,57,0.631578947368,6.37246879907,5.24716929025,1,1,25,69,0.550724637681,5.57894736842,4.90322580645,0,2,12,-0.0808543096873,-0.793521430653,-0.3439434838,-1,1
2025,14,2025_14_DEN_LV,LV,DEN,46,57,0.631578947368,6.36767501446,3.12165147749,1,0,16,44,0.727272727273,6.65625,3.33333333333,2,0,-13,0.0956937799043,0.288574985536,0.211681855841,1,0
2025,14,2025_14_HOU_KC,HOU,KC,50,65,0.6,6.50003773585,3.48378127896,1,1,22,62,0.5,6.54838709677,2.64516129032,1,1,-3,-0.1,0.0483493609251,-0.838619988639,0,0
2025,14,2025_14_HOU_KC,KC,HOU,53,65,0.6,6.61260377358,3.83789002162,1,0,21,62,0.532258064516,4.84848484848,4.34482758621,0,1,-3,-0.0677419354839,-1.7641189251,0.506937564582,-1,1
2025,14,2025_14_IND_JAX,IND,JAX,46,59,0.491525423729,7.42457805907,3.71356012284,1,1,19,62,0.58064516129,5.69444444444,3.42307692308,0,2,3,0.0891197375615,-1.73013361463,-0.290483199767,-1,1
2025,14,2025_14_IND_JAX,JAX,IND,46,59,0.491525423729,8.82964135021,4.32671863926,1,2,26,63,0.492063492063,7.96774193548,3.21875,2,2,4,0.000538068334678,-0.861899414727,-1.10796863926,1,0
2025,14,2025_14_LA_ARI,ARI,LA,46,61,0.639344262295,6.86342229199,5.15794278758,2,1,20,58,0.758620689655,6.15909090909,3.64285714286,2,0,-3,0.11927642736,-0.704331382903,-1.51508564473,0,-1
2025,14,2025_14_LA_ARI,LA,ARI,49,61,0.639344262295,5.76033490319,5.80660377358,2,1,30,67,0.462686567164,9.06451612903,6.91666666667,3,3,6,-0.176657695131,3.30418122584,1.11006289308,1,2
2025,14,2025_14_MIA_NYJ,MIA,NYJ,47,56,0.464285714286,7.70951704545,4.80166880616,1,2,24,62,0.338709677419,6.04761904762,5.82926829268,1,3,6,-0.125576036866,-1.66189799784,1.02759948652,0,1
2025,14,2025_14_MIA_NYJ,NYJ,MIA,46,56,0.464285714286,8.81960227273,3.78947368421,1,1,18,51,0.666666666667,4.97058823529,3.82352941176,0,0,-5,0.202380952381,-3.84901403743,0.0340557275542,-1,-1
2025,14,2025_14_NO_TB,NO,TB,46,63,0.539682539683,8.39144144144,2.91155606407,2,0,21,52,0.384615384615,7.2,4.34375,0,3,-11,-0.155067155067,-1.19144144144,1.43219393593,-2,3
2025,14,2025_14_NO_TB,TB,NO,49,63,0.539682539683,4.77327327327,4.1561784897,1,1,20,69,0.434782608696,4.06666666667,4.58974358974,1,1,6,-0.104899930987,-0.706606606607,0.433565100041,0,0
2025,14,2025_14_PHI_LAC,LAC,PHI,47,58,0.51724137931,6.88972772277,5.13888888889,1,1,20,64,0.40625,5.34615384615,4.44736842105,1,0,6,-0.11099137931,-1.54357387662,-0.691520467836,0,-1
2025,14,2025_14_PHI_LAC,PHI,LAC,51,58,0.51724137931,6.23137376238,3.63111111111,1,1,19,65,0.615384615385,6,5.36,0,1,7,0.0981432360743,-0.231373762376,1.72888888889,-1,0
2025,14,2025_14_PIT_BAL,BAL,PIT,50,56,0.5,6.96162790698,5.11684628474,1,1,22,75,0.466666666667,6.25714285714,5.425,1,1,19,-0.0333333333333,-0.704485049834,0.308153715258,0,0
2025,14,2025_14_PIT_BAL,PIT,BAL,48,56,0.5,6.82470930233,3.97858763471,1,1,20,51,0.666666666667,8.35294117647,2,1,2,-5,0.166666666667,1.52823187415,-1.97858763471,0,1
2025,14,2025_14_SEA_ATL,ATL,SEA,46,59,0.491525423729,6.48062015504,3.75125920186,1,1,20,61,0.491803278689,5.4,3.87096774194,0,0,2,0.000277854959711,-1.08062015504,0.119708540076,-1,-1
2025,14,2025_14_SEA_ATL,SEA,ATL,46,59,0.491525423729,8.40806686047,3.58762753455,1,1,26,56,0.535714285714,8.3,4.96153846154,3,0,-3,0.0441888619855,-0.108066860465,1.37391092699,2,-1
2025,14,2025_14_TEN_CLE,CLE,TEN,47,54,0.574074074074,6.47702991453,4.29881791316,1,1,21,62,0.677419354839,8.66666666667,3.05,3,1,8,0.103345280765,2.18963675214,-1.24881791316,2,0
2025,14,2025_14_TEN_CLE,TEN,CLE,46,54,0.574074074074,7.01175213675,3.80109115708,1,1,18,63,0.444444444444,4.17857142857,5.25714285714,2,2,9,-0.12962962963,-2.83318070818,1.45605170006,1,1
2025,14,2025_14_WAS_MIN,MIN,WAS,47,56,0.535714285714,6.2211328976,4.95346681498,1,1,20,57,0.40350877193,7.08695652174,4.76470588235,3,1,1,-0.132205513784,0.865823624136,-0.188760932627,2,0
2025,14,2025_14_WAS_MIN,WAS,MIN,49,56,0.535714285714,6.41212781409,5.73665183537,1,1,21,47,0.510638297872,4.5,4.65217391304,0,0,-9,-0.0250759878419,-1.91212781409,-1.08447792233,-1,-1
2025,15,2025_15_ARI_HOU,ARI,HOU,47,63,0.634920634921,6.5076181592,3.84677586564,1,0,18,61,0.655737704918,6.225,3.42857142857,3,0,-2,0.0208170699974,-0.282618159204,-0.418204437072,2,0
2025,15,2025_15_ARI_HOU,HOU,ARI,51,63,0.634920634921,6.01927860697,6.14679659963,2,1,28,62,0.467741935484,8.96551724138,4.33333333333,3,0,-1,-0.167178699437,2.94623863441,-1.81346326629,1,-1
2025,15,2025_15_ATL_TB,ATL,TB,47,61,0.491803278689,7.36147623862,3.81739130435,1,1,24,65,0.676923076923,8.47727272727,5.28571428571,3,1,4,0.185119798235,1.11579648865,1.46832298137,2,0
2025,15,2025_15_ATL_TB,TB,ATL,50,61,0.491803278689,6.13763902932,3.81773455378,1,1,22,56,0.607142857143,8.14705882353,4,2,1,-5,0.115339578454,2.00941979421,0.182265446224,1,0
2025,15,2025_15_BAL_CIN,BAL,CIN,51,63,0.555555555556,6.72916666667,5.03458333333,1,1,25,36,0.333333333333,12.5,7.875,2,0,-27,-0.222222222222,5.77083333333,2.84041666667,1,-1
2025,15,2025_15_BAL_CIN,CIN,BAL,47,63,0.555555555556,7.35277777778,3.31666666667,2,0,25,68,0.573529411765,5.76923076923,3.44827586207,0,0,5,0.0179738562092,-1.58354700855,0.131609195402,-2,0
2025,15,2025_15_BUF_NE,BUF,NE,52,62,0.516129032258,5.94823529412,4.89660698497,1,1,23,65,0.430769230769,6.89285714286,4.54054054054,3,2,3,-0.0853598014888,0.944621848739,-0.356066444429,2,1
2025,15,2025_15_BUF_NE,NE,BUF,47,62,0.516129032258,7.54382352941,2.76856763926,2,1,26,48,0.479166666667,6.73913043478,9.84,0,4,-14,-0.0369623655914,-0.804693094629,7.07143236074,-2,3
2025,15,2025_15_CAR_NO,CAR,NO,47,59,0.525423728814,6.69804792398,4.58974358974,2,0,21,55,0.436363636364,6.79166666667,4.09677419355,1,1,-4,-0.0890600924499,0.093618742684,-0.492969396195,-1,1
2025,15,2025_15_CAR_NO,NO,CAR,47,59,0.525423728814,6.54415410039,4.43633952255,1,2,20,58,0.568965517241,8.24242424242,3.24,1,1,-1,0.0435417884278,1.69827014203,-1.19633952255,0,-1
2025,15,2025_15_CLE_CHI,CHI,CLE,47,63,0.507936507937,5.96976843911,4.63782051282,2,1,24,61,0.459016393443,8.64285714286,4.30303030303,2,2,-2,-0.0489201144939,2.67308870375,-0.33479020979,0,1
2025,15,2025_15_CLE_CHI,CLE,CHI,48,63,0.507936507937,7.09755574614,3.5608974359,2,1,21,51,0.686274509804,5.05714285714,3.125,0,0,-12,0.178338001867,-2.040412889,-0.435897435897,-2,-1
2025,15,2025_15_DET_LA,DET,LA,51,58,0.568965517241,7.18219376162,5.45285087719,2,1,26,61,0.672131147541,8.24390243902,3.5,3,1,3,0.1031656303,1.0617086774,-1.95285087719,1,0
2025,15,2025_15_DET_LA,LA,DET,50,58,0.568965517241,9.13741995455,5.44590643275,3,1,31,67,0.567164179104,9.68421052632,5.48275862069,2,3,9,-0.0018013381369,0.546790571761,0.0368521879411,-1,2
2025,15,2025_15_GB_DEN,DEN,GB,48,61,0.540983606557,6.85655253837,3.77238095238,1,1,19,65,0.523076923077,8.88235294118,2.87096774194,4,1,4,-0.0179066834805,2.02580040281,-0.901413210445,3,0
2025,15,2025_15_GB_DEN,GB,DEN,50,61,0.540983606557,7.2225501771,3.61292517007,2,1,22,60,0.666666666667,6.9,5.75,1,1,-1,0.125683060109,-0.322550177096,2.13707482993,-1,0
2025,15,2025_15_IND_SEA,IND,SEA,47,57,0.526315789474,6.43941359626,3.43344645551,1,1,16,57,0.473684210526,4.44444444444,3.4,1,0,0,-0.0526315789474,-1.99496915182,-0.0334464555053,0,-1
2025,15,2025_15_IND_SEA,SEA,IND,47,57,0.526315789474,8.440840685,4.99868024133,1,1,29,58,0.620689655172,7.52777777778,2.27272727273,0,0,1,0.0943738656987,-0.913062907225,-2.7259529686,-1,-1
2025,15,2025_15_LAC_KC,KC,LAC,54,62,0.516129032258,7.24227179052,3.95310941137,1,1,21,54,0.611111111111,6.39393939394,2.33333333333,0,1,-8,0.094982078853,-0.848332396581,-1.61977607804,-1,0
2025,15,2025_15_LAC_KC,LAC,KC,48,62,0.516129032258,5.97120863135,3.65258840483,1,1,22,58,0.5,7.24137931034,3.24137931034,1,0,-4,-0.0161290322581,1.270170679,-0.411209094488,0,-1
2025,15,2025_15_LV_PHI,LV,PHI,47,55,0.636363636364,6.21131670689,6.07598039216,2,0,17,38,0.657894736842,2.56,3.53846153846,0,0,-17,0.0215311004785,-3.65131670689,-2.5375188537,-2,0
2025,15,2025_15_LV_PHI,PHI,LV,52,55,0.636363636364,6.29275051399,6.36666666667,1,2,21,65,0.276923076923,11.5555555556,3.89361702128,3,1,10,-0.359440559441,5.26280504157,-2.47304964539,2,-1
2025,15,2025_15_MIA_PIT,MIA,PIT,48,55,0.490909090909,6.81873244382,6.72887323944,1,1,24,44,0.636363636364,9.03571428571,3.9375,2,0,-11,0.145454545455,2.21698184189,-2.79137323944,1,-1
2025,15,2025_15_MIA_PIT,PIT,MIA,49,55,0.490909090909,8.06504564607,3.48659263272,1,1,18,59,0.457627118644,8.2962962963,4.21875,2,2,4,-0.033281972265,0.231250650229,0.732157367281,1,1
2025,15,2025_15_MIN_DAL,DAL,MIN,48,58,0.568965517241,6.9560564663,4.87901234568,1,1,23,67,0.567164179104,7.73684210526,4.75862068966,0,2,9,-0.0018013381369,0.780785638961,-0.120391656024,-1,1
2025,15,2025_15_MIN_DAL,MIN,DAL,48,58,0.568965517241,6.13160291439,4.08915343915,1,1,21,52,0.461538461538,10.4166666667,2.75,2,2,-6,-0.107427055703,4.28506375228,-1.33915343915,1,1
2025,15,2025_15_NYJ_JAX,JAX,NYJ,47,56,0.5,6.86435406699,5.31366359074,1,2,28,59,0.542372881356,10.3125,4,5,1,3,0.0423728813559,3.44814593301,-1.31366359074,4,-1
2025,15,2025_15_NYJ_JAX,NYJ,JAX,47,56,0.5,6.71883971292,2.99433381901,0,1,17,65,0.507692307692,5.33333333333,4.0625,1,1,9,0.00769230769231,-1.38550637959,1.06816618099,1,0
2025,15,2025_15_TEN_SF,SF,TEN,50,59,0.542372881356,7.0625,3.45972711268,2,1,28,68,0.441176470588,9.83333333333,3.63157894737,3,1,9,-0.101196410768,2.77083333333,0.171851834692,1,0
2025,15,2025_15_TEN_SF,TEN,SF,47,59,0.542372881356,6.75462962963,3.48393485915,1,1,18,49,0.591836734694,5.86206896552,6.8,2,1,-10,0.0494638533379,-0.892560664112,3.31606514085,1,0
2025,15,2025_15_WAS_NYG,NYG,WAS,47,63,0.492063492063,7.25459401709,4.15119922213,1,1,24,66,0.560606060606,6.64864864865,5.03448275862,2,1,3,0.0685425685426,-0.605945368445,0.883283536495,1,0
2025,15,2025_15_WAS_NYG,WAS,NYG,50,63,0.492063492063,7.0733974359,4.69770959378,2,1,22,56,0.339285714286,11.1052631579,3.91891891892,1,1,-7,-0.152777777778,4.031865722,-0.778790674858,-1,0
2025,16,2025_16_ATL_ARI,ARI,ATL,48,62,0.629032258065,6.57216611396,3.96494708995,2,0,24,54,0.574074074074,6.54838709677,5.73913043478,1,0,-8,-0.0549581839904,-0.0237790171842,1.77418334484,-1,0
2025,16,2025_16_ATL_ARI,ATL,ARI,48,62,0.629032258065,6.55716762134,6.87830687831,2,1,28,72,0.486111111111,5.62857142857,4.10810810811,2,1,10,-0.142921146953,-0.928596192773,-2.7701987702,0,0
2025,16,2025_16_BUF_CLE,BUF,CLE,53,59,0.508474576271,6.14686002212,5.67604286261,2,2,30,48,0.395833333333,6.84210526316,5.65517241379,0,3,-11,-0.112641242938,0.695245241037,-0.0208704488169,-2,1
2025,16,2025_16_BUF_CLE,CLE,BUF,49,59,0.508474576271,6.86850190488,3.42231151933,1,1,20,61,0.491803278689,5.23333333333,5.16129032258,1,1,2,-0.0166712975827,-1.63516857155,1.73897880325,0,0
2025,16,2025_16_CIN_MIA,CIN,MIA,48,60,0.533333333333,7.57070707071,3.36877514218,2,0,19,59,0.559322033898,9.48484848485,4.03846153846,4,2,-1,0.025988700565,1.91414141414,0.669686396278,2,2
2025,16,2025_16_CIN_MIA,MIA,CIN,49,60,0.533333333333,6.40272038567,5.67353308365,1,1,25,58,0.51724137931,8.66666666667,4.60714285714,0,3,-2,-0.016091954023,2.26394628099,-1.0663902265,-1,2
2025,16,2025_16_GB_CHI,CHI,GB,48,63,0.507936507937,6.85518341308,4.78078007519,2,1,24,60,0.566666666667,7.35294117647,5.76923076923,2,0,-3,0.0587301587302,0.497757763392,0.988450694043,0,-1
2025,16,2025_16_GB_CHI,GB,CHI,51,63,0.507936507937,7.15316321106,3.48261278195,2,1,22,68,0.352941176471,8.25,4.36363636364,1,0,5,-0.154995331466,1.09683678894,0.881023581681,-1,-1
2025,16,2025_16_JAX_DEN,DEN,JAX,49,62,0.532258064516,6.46837606838,3.59220246238,1,1,20,64,0.734375,7.48936170213,5.94117647059,1,1,2,0.202116935484,1.02098563375,2.34897400821,0,0
2025,16,2025_16_JAX_DEN,JAX,DEN,48,62,0.532258064516,7.82393162393,3.3866621067,2,1,28,63,0.571428571429,7.75,3,3,1,1,0.0391705069124,-0.0739316239316,-0.386662106703,1,0
2025,16,2025_16_KC_TEN,KC,TEN,55,58,0.603448275862,7.83368421053,3.96297399246,2,1,23,39,0.615384615385,5.25,3.4,0,0,-19,0.0119363395225,-2.58368421053,-0.562973992456,-2,-1
2025,16,2025_16_KC_TEN,TEN,KC,48,58,0.603448275862,5.91763157895,4.94818344253,1,1,21,68,0.411764705882,8.14285714286,4.1,2,1,10,-0.19168356998,2.22522556391,-0.848183442525,1,0
2025,16,2025_16_LAC_DAL,DAL,LAC,49,64,0.515625,8.04456706282,3.28918296893,1,1,23,55,0.581818181818,7.96875,3.95652173913,2,0,-9,0.0661931818182,-0.0758170628183,0.667338770201,1,-1
2025,16,2025_16_LAC_DAL,LAC,DAL,49,64,0.515625,6.65513582343,3.99856156502,2,1,27,62,0.467741935484,10.3448275862,4.60606060606,2,2,-2,-0.0478830645161,3.68969176278,0.607499041043,0,1
2025,16,2025_16_LA_SEA,LA,SEA,51,59,0.542372881356,6.81532944868,5.05581395349,1,1,24,88,0.556818181818,9.32653061224,3.17948717949,3,1,29,0.0144453004622,2.51120116357,-1.876326774,2,0
2025,16,2025_16_LA_SEA,SEA,LA,48,59,0.542372881356,7.72277005827,3.55697674419,2,0,25,59,0.576271186441,7.94117647059,6.84,2,2,0,0.0338983050847,0.218406412318,3.28302325581,0,2
2025,16,2025_16_LV_HOU,HOU,LV,52,54,0.592592592593,7.51447368421,7.82688656858,2,2,27,61,0.573770491803,5.34285714286,3.19230769231,1,0,7,-0.0188221007893,-2.17161654135,-4.63457887627,-1,-2
2025,16,2025_16_LV_HOU,LV,HOU,48,54,0.592592592593,5.97302631579,2.80944470812,2,0,13,50,0.46,8.73913043478,5.37037037037,2,1,-4,-0.132592592593,2.76610411899,2.56092566225,0,1
2025,16,2025_16_MIN_NYG,MIN,NYG,49,58,0.5,7.4387755102,4.59197031039,2,1,25,54,0.425925925926,6.95652173913,3.67741935484,0,1,-4,-0.0740740740741,-0.482253771074,-0.914550955553,-2,0
2025,16,2025_16_MIN_NYG,NYG,MIN,48,58,0.5,7.44155844156,4.3665317139,1,1,19,43,0.302325581395,2.53846153846,4.26666666667,0,0,-15,-0.197674418605,-4.9030969031,-0.0998650472335,-1,-1
2025,16,2025_16_NE_BAL,BAL,NE,52,57,0.491228070175,6.86431517565,5.42264021888,1,1,21,53,0.377358490566,8.3,5.18181818182,0,3,-4,-0.113869579609,1.43568482435,-0.24082203706,-1,2
2025,16,2025_16_NE_BAL,NE,BAL,48,57,0.491228070175,8.98015929455,4.29972640219,1,1,24,67,0.65671641791,8.63636363636,3.4347826087,2,1,10,0.165488347735,-0.343795658189,-0.864943793493,1,0
2025,16,2025_16_NYJ_NO,NO,NYJ,48,59,0.542372881356,7.0539010989,5.12932900433,2,2,26,75,0.666666666667,6.92,3.36,2,0,16,0.124293785311,-0.133901098901,-1.76932900433,0,-2
2025,16,2025_16_NYJ_NO,NYJ,NO,48,59,0.542372881356,5.01357142857,4.77813852814,1,1,18,55,0.636363636364,5.37142857143,3.2,0,0,-4,0.0939907550077,0.357857142857,-1.57813852814,-1,-1
2025,16,2025_16_PHI_WAS,PHI,WAS,53,61,0.508196721311,7.60951379149,4.39331883533,2,1,24,64,0.46875,6.16666666667,6.08823529412,2,2,3,-0.0394467213115,-1.44284712482,1.69491645879,0,1
2025,16,2025_16_PHI_WAS,WAS,PHI,51,61,0.508196721311,5.23591631604,4.91017276791,1,1,17,49,0.469387755102,6,3.46153846154,0,2,-12,-0.0388089662094,0.764083683964,-1.44863430637,-1,1
2025,16,2025_16_PIT_DET,DET,PIT,52,56,0.571428571429,7.92647058824,6.01720563847,2,1,26,66,0.818181818182,6.74074074074,1.25,3,0,10,0.246753246753,-1.18572984749,-4.76720563847,1,-1
2025,16,2025_16_PIT_DET,PIT,DET,50,56,0.571428571429,8.47058823529,4.29819651741,2,2,27,68,0.602941176471,6.48780487805,8.51851851852,1,2,12,0.031512605042,-1.98278335725,4.22032200111,-1,0
2025,16,2025_16_SF_IND,IND,SF,48,61,0.508196721311,5.57439613527,3.32655905237,1,1,18,56,0.642857142857,7.69444444444,2.9,2,1,-5,0.134660421546,2.12004830918,-0.426559052375,1,0
2025,16,2025_16_SF_IND,SF,IND,51,61,0.508196721311,7.97632850242,3.37666937638,1,1,27,65,0.523076923077,8.67647058824,4.67741935484,5,0,4,0.0148802017654,0.70014208582,1.30074997846,4,-1
2025,16,2025_16_TB_CAR,CAR,TB,48,57,0.508771929825,8.13058368076,4.10308441558,2,1,23,52,0.615384615385,5.96875,5.05,2,0,-5,0.10661268556,-2.16183368076,0.946915584416,0,-1
2025,16,2025_16_TB_CAR,TB,CAR,51,57,0.508771929825,8.07214115545,4.31872294372,1,1,22,59,0.440677966102,5.57692307692,5.12121212121,1,1,2,-0.0680939637229,-2.49521807853,0.802489177489,0,0
2025,17,2025_17_ARI_CIN,ARI,CIN,49,61,0.639344262295,6.20366344605,5.5834109972,2,1,23,50,0.74,5.72972972973,3.23076923077,2,0,-11,0.100655737705,-0.473933716325,-2.35264176643,0,-1
2025,17,2025_17_ARI_CIN,CIN,ARI,49,61,0.639344262295,7.01425120773,6.49370922647,3,1,30,71,0.507042253521,9.13888888889,3.42857142857,2,3,10,-0.132302008774,2.12463768116,-3.0651377979,-1,2
2025,17,2025_17_BAL_GB,BAL,GB,53,57,0.456140350877,8.13860472916,5.06867124857,2,1,23,73,0.27397260274,5.35,5.79245283019,1,4,16,-0.182167748137,-2.78860472916,0.723781581621,-1,3
2025,17,2025_17_BAL_GB,GB,BAL,52,57,0.456140350877,10.6118564481,3.45349369989,1,1,21,42,0.595238095238,11.84,4.64705882353,1,2,-15,0.139097744361,1.2281435519,1.19356512364,0,1
2025,17,2025_17_CHI_SF,CHI,SF,49,64,0.5,6.66505812678,3.99008834303,2,1,22,64,0.65625,7.85714285714,5,2,2,0,0.15625,1.19208473036,1.00991165697,0,1
2025,17,2025_17_CHI_SF,SF,CHI,52,64,0.5,7.17109015135,3.80586080586,2,1,26,67,0.492537313433,9.18181818182,5.88235294118,3,3,3,-0.00746268656716,2.01072803047,2.07649213532,1,2
2025,17,2025_17_DAL_WAS,DAL,WAS,50,60,0.533333333333,8.45299145299,5.09944920441,2,1,25,81,0.456790123457,8.2972972973,4.79545454545,2,1,21,-0.0765432098765,-0.155694155694,-0.303994658952,0,0
2025,17,2025_17_DAL_WAS,WAS,DAL,52,60,0.533333333333,7.13306138306,4.21205630355,1,2,26,39,0.589743589744,8.60869565217,8.625,0,2,-21,0.0564102564103,1.47563426911,4.41294369645,-1,0
2025,17,2025_17_DEN_KC,DEN,KC,50,61,0.590163934426,7.1997665733,4.77994157741,2,1,24,70,0.542857142857,4.78947368421,4,1,1,9,-0.0473067915691,-2.41029288909,-0.77994157741,-1,0
2025,17,2025_17_DEN_KC,KC,DEN,56,61,0.590163934426,5.98800186741,3.23213242454,1,1,19,41,0.536585365854,3,4.31578947368,1,0,-20,-0.0535785685726,-2.98800186741,1.08365704915,0,-1
2025,17,2025_17_DET_MIN,DET,MIN,53,56,0.571428571429,7.02574750831,3.80167264038,1,1,24,59,0.491525423729,6.79310344828,2.26666666667,1,0,3,-0.0799031476998,-0.23264406003,-1.53500597372,0,-1
2025,17,2025_17_DET_MIN,MIN,DET,50,56,0.571428571429,8.00758582503,6.34229390681,2,2,27,44,0.363636363636,3.1875,5.64285714286,0,2,-12,-0.207792207792,-4.82008582503,-0.699436763953,-2,0
2025,17,2025_17_HOU_LAC,HOU,LAC,53,61,0.491803278689,7.62343358396,3.08111111111,1,0,22,62,0.451612903226,8.71428571429,3.47058823529,2,0,1,-0.0401903754627,1.09085213033,0.389477124183,1,0
2025,17,2025_17_HOU_LAC,LAC,HOU,50,61,0.491803278689,7.07362155388,3.98055555556,2,1,20,54,0.592592592593,7.375,3.36363636364,1,1,-7,0.100789313904,0.301378446115,-0.616919191919,-1,0
2025,17,2025_17_JAX_IND,IND,JAX,49,59,0.542372881356,6.74242424242,3.49862301102,1,1,19,53,0.584905660377,4.74193548387,3.13636363636,1,1,-6,0.0425327790214,-2.00048875855,-0.362259374652,0,0
2025,17,2025_17_JAX_IND,JAX,IND,49,59,0.542372881356,8.42929292929,3.65820073439,3,1,34,66,0.560606060606,7.10810810811,4.1724137931,0,2,7,0.0182331792501,-1.32118482118,0.514213058709,-3,1
2025,17,2025_17_LA_ATL,ATL,LA,49,67,0.537313432836,7.08237443632,3.5555315471,2,1,25,53,0.377358490566,6.3,6.63636363636,1,1,-14,-0.15995494227,-0.782374436324,3.08083208926,-1,0
2025,17,2025_17_LA_ATL,LA,ATL,52,67,0.537313432836,8.03047737521,4.518366465,2,1,33,58,0.655172413793,7.07894736842,5.75,2,0,-9,0.117858980957,-0.951530006793,1.231633535,0,-1
2025,17,2025_17_NE_NYJ,NE,NYJ,49,58,0.568965517241,8.10464185674,6.00630528891,2,2,32,61,0.409836065574,11.44,4.30555555556,5,1,3,-0.159129451668,3.33535814326,-1.70074973336,3,-1
2025,17,2025_17_NE_NYJ,NYJ,NE,49,58,0.568965517241,5.15356142457,4.79888951628,1,1,18,62,0.548387096774,4.55882352941,5.85714285714,0,1,4,-0.0205784204672,-0.594737895158,1.05825334086,-1,0
2025,17,2025_17_NO_TEN,NO,TEN,49,61,0.540983606557,8.31667618504,3.16944801027,2,1,24,50,0.54,12.3333333333,4.47826086957,2,1,-11,-0.000983606557377,4.0166571483,1.3088128593,0,0
2025,17,2025_17_NO_TEN,TEN,NO,49,61,0.540983606557,5.32552826956,4.80346598203,1,1,20,68,0.588235294118,6.275,3.85714285714,2,0,7,0.0472516875603,0.94947173044,-0.946323124885,1,-1
2025,17,2025_17_NYG_LV,LV,NYG,49,51,0.529411764706,7.39966216216,4.41882826476,1,1,20,50,0.6,6.4,3.15,1,0,-1,0.0705882352941,-0.999662162162,-1.26882826476,0,-1
2025,17,2025_17_NYG_LV,NYG,LV,49,51,0.529411764706,6.61807432432,6.25760286225,1,1,22,61,0.491803278689,6.9,5,0,3,10,-0.0376084860174,0.281925675676,-1.25760286225,-1,2
2025,17,2025_17_PHI_BUF,BUF,PHI,54,61,0.475409836066,5.76416666667,4.14920556107,1,1,23,68,0.514705882353,7.48571428571,3.63636363636,0,2,7,0.0392960462874,1.72154761905,-0.512841924709,-1,1
2025,17,2025_17_PHI_BUF,PHI,BUF,54,61,0.475409836066,7.56992424242,4.93485600794,2,2,25,53,0.509433962264,4.07407407407,3.15384615385,1,0,-8,0.0340241261986,-3.49585016835,-1.7810098541,-1,-2
2025,17,2025_17_PIT_CLE,CLE,PIT,50,58,0.568965517241,7.35972145868,3.96317753339,2,1,20,48,0.479166666667,8.08695652174,3.12,1,0,-10,-0.0897988505747,0.727235063062,-0.843177533386,-1,-1
2025,17,2025_17_PIT_CLE,PIT,CLE,51,58,0.568965517241,6.07916437603,6.28171641791,1,2,26,63,0.619047619048,4.30769230769,5.45833333333,0,0,5,0.0500821018062,-1.77147206834,-0.823383084577,-1,-2
2025,17,2025_17_SEA_CAR,CAR,SEA,49,56,0.535714285714,7.37921052632,4.52370916754,2,0,21,50,0.48,2.25,3.80769230769,0,1,-6,-0.0557142857143,-5.12921052632,-0.716016859852,-2,1
2025,17,2025_17_SEA_CAR,SEA,CAR,49,56,0.535714285714,8.29210526316,4.60605148276,2,1,27,63,0.428571428571,5.44444444444,4.52777777778,1,2,7,-0.107142857143,-2.84766081871,-0.078273704986,-1,1
2025,17,2025_17_TB_MIA,MIA,TB,50,58,0.48275862069,7.98396624473,4.40231539424,1,2,24,52,0.423076923077,7.81818181818,4.83333333333,2,0,-6,-0.0596816976127,-0.165784426544,0.431017939091,1,-2
2025,17,2025_17_TB_MIA,TB,MIA,52,58,0.48275862069,7.4905766526,4.11326658323,2,1,23,60,0.733333333333,7.86363636364,3.3125,2,0,2,0.250574712644,0.373059711034,-0.800766583229,0,-1
2025,18,2025_18_ARI_LA,ARI,LA,50,62,0.629032258065,6.01007407407,4.77153110048,2,1,24,47,0.68085106383,8.46875,5.26666666667,2,0,-15,0.0518188057653,2.45867592593,0.495135566188,0,-1
2025,18,2025_18_ARI_LA,LA,ARI,53,62,0.629032258065,8.01488888889,5.90171451356,2,1,34,71,0.56338028169,6.475,4.61290322581,4,0,9,-0.0656519763744,-1.53988888889,-1.28881128775,2,-1
2025,18,2025_18_BAL_PIT,BAL,PIT,54,58,0.465517241379,7.81964414091,3.97157721796,2,1,23,45,0.4,13.2222222222,5.07407407407,3,0,-13,-0.0655172413793,5.40257808132,1.10249685611,1,-1
2025,18,2025_18_BAL_PIT,PIT,BAL,52,58,0.465517241379,11.7382278936,4.16067907996,1,1,20,71,0.661971830986,6.25531914894,4.16666666667,1,2,13,0.196454589607,-5.48290874467,0.00598758671048,0,1
2025,18,2025_18_CAR_TB,CAR,TB,50,56,0.535714285714,6.08846153846,4.63746113042,2,1,20,49,0.714285714286,7.6,1.35714285714,2,0,-7,0.178571428571,1.51153846154,-3.28031827328,0,-1
2025,18,2025_18_CAR_TB,TB,CAR,53,56,0.535714285714,7.21730769231,4.86491677337,1,1,22,64,0.34375,9.22727272727,3.33333333333,1,0,8,-0.191964285714,2.00996503497,-1.53158344003,0,-1
2025,18,2025_18_CLE_CIN,CIN,CLE,50,60,0.55,7.08207070707,4.84027777778,1,2,25,64,0.609375,6.05128205128,5.68,3,0,4,0.059375,-1.03078865579,0.839722222222,2,-2
2025,18,2025_18_CLE_CIN,CLE,CIN,51,60,0.55,5.83417508418,4,1,1,17,46,0.478260869565,5.04545454545,4.91666666667,0,0,-14,-0.0717391304348,-0.788720538721,0.916666666667,-1,-1
2025,18,2025_18_DAL_NYG,DAL,NYG,51,63,0.507936507937,7.51875,4.08055555556,1,1,23,54,0.444444444444,5.95833333333,4.76666666667,0,2,-9,-0.0634920634921,-1.56041666667,0.686111111111,-1,1
2025,18,2025_18_DAL_NYG,NYG,DAL,50,63,0.507936507937,6.5328271028,4.29479166667,1,2,27,65,0.507692307692,6.9696969697,5.03125,2,1,2,-0.0002442002442,0.436869866893,0.736458333333,1,-1
2025,18,2025_18_DET_CHI,CHI,DET,50,63,0.587301587302,6.71401985112,6.89277180406,2,2,30,51,0.647058823529,6.42424242424,3.61111111111,2,0,-12,0.0597572362278,-0.289777426874,-3.28166069295,0,-2
2025,18,2025_18_DET_CHI,DET,CHI,54,63,0.587301587302,6.88461538462,3.96226602947,2,1,23,69,0.608695652174,7.88095238095,4.51851851852,1,0,6,0.0213940648723,0.996336996337,0.556252489048,-1,-1
2025,18,2025_18_GB_MIN,GB,MIN,53,53,0.490566037736,8.48457285536,4.30225627927,1,1,20,46,0.239130434783,3.09090909091,3.65714285714,0,0,-7,-0.251435602953,-5.39366376445,-0.645113422125,-1,-1
2025,18,2025_18_GB_MIN,MIN,GB,51,53,0.490566037736,7.36097734974,5.37611749681,1,2,26,62,0.5,7.70967741935,4.41935483871,0,1,9,0.00943396226415,0.348700069613,-0.956762658097,-1,-1
2025,18,2025_18_IND_HOU,HOU,IND,54,59,0.525423728814,8.16500925069,4.04390681004,2,0,28,64,0.5,6.40625,4.1875,1,1,5,-0.0254237288136,-1.75875925069,0.143593189964,-1,1
2025,18,2025_18_IND_HOU,IND,HOU,50,59,0.525423728814,6.62187789084,3.15479390681,2,1,19,63,0.555555555556,8.17142857143,2.71428571429,2,1,4,0.030131826742,1.54955068059,-0.440508192524,0,0
2025,18,2025_18_KC_LV,KC,LV,57,46,0.586956521739,6.40960727037,5.16287878788,1,1,21,54,0.574074074074,4.70967741935,3.65217391304,0,0,8,-0.0128824476651,-1.69992985101,-1.51070487484,-1,-1
2025,18,2025_18_KC_LV,LV,KC,50,46,0.586956521739,6.8535378124,5.62575757576,1,1,16,58,0.448275862069,4.03846153846,3.6875,0,0,12,-0.13868065967,-2.81507627394,-1.93825757576,-1,-1
2025,18,2025_18_LAC_DEN,DEN,LAC,51,63,0.539682539683,7.45704948646,3.52321428571,2,1,21,54,0.425925925926,6.13043478261,3.74193548387,0,0,-9,-0.113756613757,-1.32661470385,0.218721198157,-2,-1
2025,18,2025_18_LAC_DEN,LAC,DEN,51,63,0.539682539683,6.75368814192,3.64226190476,1,1,23,65,0.676923076923,3.09090909091,5.38095238095,0,0,2,0.137240537241,-3.66277905101,1.73869047619,-1,-1
2025,18,2025_18_MIA_NE,MIA,NE,51,56,0.5,7.07472826087,5.27107464607,1,2,21,50,0.5,5.48,2.52,1,0,-6,0,-1.59472826087,-2.75107464607,0,-2
2025,18,2025_18_MIA_NE,NE,MIA,50,56,0.5,9.98070652174,4.83687258687,2,2,30,56,0.392857142857,9.72727272727,7.14705882353,1,4,0,-0.107142857143,-0.253433794466,2.31018623666,-1,2
2025,18,2025_18_NO_ATL,ATL,NO,50,62,0.548387096774,6.25151515152,4.69629685383,1,1,21,57,0.561403508772,5.625,1.96,1,0,-5,0.0130164119977,-0.626515151515,-2.73629685383,0,-1
2025,18,2025_18_NO_ATL,NO,ATL,50,62,0.548387096774,8.10555555556,3.67627577902,2,1,26,61,0.573770491803,7.4,4.15384615385,1,1,-1,0.0253833950291,-0.705555555556,0.477570374831,-1,0
2025,18,2025_18_NYJ_BUF,BUF,NYJ,55,61,0.508196721311,8.28275944524,4.45157828283,2,1,31,72,0.402777777778,8.93103448276,4.90697674419,4,1,11,-0.105418943534,0.648275037517,0.455398461358,2,0
2025,18,2025_18_NYJ_BUF,NYJ,BUF,50,61,0.508196721311,5.11728837877,4.70214646465,1,1,17,45,0.488888888889,2.72727272727,3,1,0,-16,-0.0193078324226,-2.39001565149,-1.70214646465,0,-1
2025,18,2025_18_SEA_SF,SEA,SF,50,63,0.507936507937,7.55154639175,3.78898116739,1,1,27,65,0.4,7.61538461538,4.61538461538,0,1,2,-0.107936507937,0.063838223632,0.826403447997,-1,0
2025,18,2025_18_SEA_SF,SF,SEA,53,63,0.507936507937,7.85567010309,4.30249151948,2,1,28,39,0.692307692308,4.7037037037,4.41666666667,0,0,-24,0.184371184371,-3.15196639939,0.114175147191,-2,-1
2025,18,2025_18_TEN_JAX,JAX,TEN,50,61,0.540983606557,8.03897889053,3.52656078861,2,1,30,56,0.571428571429,8.46875,2.66666666667,3,1,-5,0.0304449648712,0.429771109475,-0.859894121942,1,0
2025,18,2025_18_TEN_JAX,TEN,JAX,50,61,0.540983606557,6.55964653903,4.12541073384,1,1,21,52,0.634615384615,3.75757575758,4.05263157895,0,1,-9,0.093631778058,-2.80207078145,-0.0727791548971,-1,0
2025,18,2025_18_WAS_PHI,PHI,WAS,55,56,0.482142857143,9.03025641026,5.7752277298,2,1,25,59,0.677966101695,6.025,4.21052631579,1,1,3,0.195823244552,-3.00525641026,-1.56470141401,-1,0
2025,18,2025_18_WAS_PHI,WAS,PHI,53,56,0.482142857143,7.30102564103,3.55702117591,0,1,17,63,0.349206349206,5.95454545455,3.48780487805,1,2,7,-0.132936507937,-1.34648018648,-0.0692162978651,1,1
2025,19,2025_19_BUF_JAX,BUF,JAX,56,62,0.5,6.88835341365,3.90089285714,1,1,21,61,0.573770491803,7.8,3.03846153846,1,2,-1,0.0737704918033,0.911646586345,-0.862431318681,0,1
2025,19,2025_19_BUF_JAX,JAX,BUF,51,62,0.5,5.8413080895,3.14345238095,1,1,26,53,0.566037735849,6.9,6.69565217391,3,0,-9,0.0660377358491,1.0586919105,3.55219979296,2,-1
2025,19,2025_19_GB_CHI,CHI,GB,51,56,0.517857142857,8.5996941896,5.55587121212,2,1,26,76,0.631578947368,7.52083333333,3.32142857143,2,1,20,0.113721804511,-1.07886085627,-2.23444264069,0,0
2025,19,2025_19_GB_CHI,GB,CHI,54,56,0.517857142857,8.21651376147,5.97206439394,1,1,20,69,0.666666666667,7.02173913043,4.30434782609,4,0,13,0.14880952381,-1.19477463103,-1.66771656785,3,-1
2025,19,2025_19_HOU_PIT,HOU,PIT,55,64,0.5625,6.44973062578,3.35398550725,2,0,24,63,0.507936507937,7.8125,5.29032258065,1,1,-1,-0.0545634920635,1.36276937422,1.9363370734,-1,1
2025,19,2025_19_HOU_PIT,PIT,HOU,53,64,0.5625,6.67140489018,4.6765942029,1,1,21,52,0.653846153846,4.35294117647,3.5,0,0,-12,0.0913461538462,-2.31846371371,-1.1765942029,-1,-1
2025,19,2025_19_LAC_NE,LAC,NE,52,60,0.516666666667,5.71648351648,4.37004810413,1,1,17,53,0.584905660377,5.12903225806,3.95454545455,0,0,-7,0.0682389937107,-0.587451258419,-0.415502649586,-1,-1
2025,19,2025_19_LAC_NE,NE,LAC,51,60,0.516666666667,7.88278388278,4.70267402377,2,1,27,59,0.508474576271,8.93333333333,5.03448275862,1,0,-1,-0.00819209039548,1.05054945055,0.331808734852,-1,-1
2025,19,2025_19_LA_CAR,CAR,LA,51,62,0.564516129032,5.43367655966,4.43055555556,1,1,23,62,0.645161290323,6.6,3.77272727273,1,3,0,0.0806451612903,1.16632344034,-0.657828282828,0,2
2025,19,2025_19_LA_CAR,LA,CAR,54,62,0.564516129032,6.59773297569,6.05555555556,2,1,28,71,0.591549295775,7.2380952381,4,3,1,9,0.0270331667424,0.64036226241,-2.05555555556,1,0
2025,19,2025_19_SF_PHI,PHI,SF,56,59,0.542372881356,7.04480149156,4.59518329771,1,1,22,71,0.492957746479,4.8,3.88888888889,1,1,12,-0.0494151348771,-2.24480149156,-0.706294408826,0,0
2025,19,2025_19_SF_PHI,SF,PHI,54,59,0.542372881356,6.59349638079,4.81859279961,2,2,24,57,0.561403508772,9.09375,3,3,0,-2,0.019030627416,2.50025361921,-1.81859279961,1,-2
2025,20,2025_20_BUF_DEN,BUF,DEN,57,64,0.515625,6.23695286195,3.73480392157,1,1,22,75,0.52,7.25641025641,5.08333333333,3,0,11,0.004375,1.01945739446,1.34852941176,2,-1
2025,20,2025_20_BUF_DEN,DEN,BUF,52,64,0.515625,5.02904040404,3.65134803922,1,0,19,68,0.676470588235,6.0652173913,3.18181818182,3,0,4,0.160845588235,1.03617698726,-0.469529857398,2,0
2025,20,2025_20_HOU_NE,HOU,NE,56,61,0.475409836066,6.72748447205,3.73018848277,1,0,21,69,0.68115942029,4.51063829787,2.18181818182,1,0,8,0.205749584224,-2.21684617418,-1.54837030095,0,0
2025,20,2025_20_HOU_NE,NE,HOU,52,61,0.475409836066,8.62831733484,3.8454128918,2,1,25,59,0.457627118644,6.62962962963,3.28125,3,0,-2,-0.0177827174215,-1.99868770521,-0.564162891805,1,-1
2025,20,2025_20_LA_CHI,CHI,LA,52,66,0.606060606061,6.42489837398,4.35183823529,2,1,28,81,0.518518518519,6.11904761905,4.10256410256,2,0,15,-0.0875420875421,-0.305850754936,-0.24927413273,0,-1
2025,20,2025_20_LA_CHI,LA,CHI,55,66,0.606060606061,7.35691056911,5.43308823529,3,1,29,73,0.575342465753,6.14285714286,3.58064516129,0,2,7,-0.0307181403072,-1.21405342625,-1.852443074,-3,1
2025,20,2025_20_SF_SEA,SEA,SF,51,59,0.525423728814,7.31709145427,5.59816901408,1,1,25,50,0.34,7.29411764706,5.30303030303,1,3,-9,-0.185423728814,-0.022973807214,-0.295138711054,0,2
2025,20,2025_20_SF_SEA,SF,SEA,55,59,0.525423728814,7.58514492754,3.68985915493,2,1,21,58,0.534482758621,4.64516129032,4,0,0,-1,0.00905902980713,-2.93998363721,0.31014084507,-2,-1
2025,21,2025_21_LA_SEA,LA,SEA,56,66,0.5,5.6319124424,3.23667073667,1,1,20,57,0.614035087719,10.6857142857,5.18181818182,3,0,-9,0.114035087719,5.05380184332,1.94514744515,2,-1
2025,21,2025_21_LA_SEA,SEA,LA,52,66,0.5,6.5435483871,4.16737891738,1,1,26,62,0.58064516129,9.61111111111,2.88461538462,3,1,-4,0.0806451612903,3.06756272401,-1.28276353276,2,0
2025,21,2025_21_NE_DEN,DEN,NE,53,62,0.516129032258,6.02827398557,2.88916408669,1,0,18,55,0.563636363636,4.29032258065,3.29166666667,1,0,-7,0.0475073313783,-1.73795140492,0.402502579979,0,0
2025,21,2025_21_NE_DEN,NE,DEN,53,62,0.516129032258,6.44989944398,4.82352941176,2,1,24,59,0.35593220339,4.09523809524,3.71052631579,0,1,-3,-0.160196828868,-2.35466134875,-1.11300309598,-2,0
2025,22,2025_22_SEA_NE,NE,SEA,54,59,0.440677966102,7.49894514768,3.38285920429,1,0,18,61,0.704918032787,6.86046511628,4.38888888889,2,0,2,0.264240066685,-0.6384800314,1.0060296846,1,0
2025,22,2025_22_SEA_NE,SEA,NE,53,59,0.440677966102,7.45861733204,3.27468563183,1,1,19,70,0.542857142857,5.31578947368,4.40625,1,0,11,0.102179176755,-2.14282785835,1.13156436817,0,-1
