game_id,season,week,game_date,home_team,away_team,market_home_spread_raw,market_total,actual_home_points,actual_away_points,actual_home_margin,actual_total_points,pred_margin_residual,pred_total_residual,pred_home_margin,pred_total_points,pred_home_points,pred_away_points,actual_winner,pred_winner,model
2025_01_DAL_PHI,2025,1,2025-09-04,PHI,DAL,8.5,47.5,24.0,20.0,4.0,44.0,0.0,0.0,8.5,47.5,28.0,19.5,PHI,PHI,MARKET
2025_01_DAL_PHI,2025,1,2025-09-04,PHI,DAL,8.5,47.5,24.0,20.0,4.0,44.0,1.3350527829660046,1.6581997687100696,9.835052782966004,49.15819976871007,29.496626275838036,19.661573492872034,PHI,PHI,WFS_CORE_IMPACT_REPLACEMENT_RESIDUAL
2025_01_DAL_PHI,2025,1,2025-09-04,PHI,DAL,8.5,47.5,24.0,20.0,4.0,44.0,2.5604878695794655,1.7517346186372247,11.060487869579465,49.25173461863722,30.156111244108345,19.095623374528877,PHI,PHI,WFS_CORE_IMPACT_RESIDUAL
2025_01_DAL_PHI,2025,1,2025-09-04,PHI,DAL,8.5,47.5,24.0,20.0,4.0,44.0,2.9640072668839315,1.7942450703162847,11.464007266883932,49.294245070316286,30.37912616860011,18.915118901716177,PHI,PHI,WFS_CORE_RESIDUAL
2025_01_KC_LAC,2025,1,2025-09-05,LAC,KC,-3.0,47.5,27.0,21.0,6.0,48.0,0.0,0.0,-3.0,47.5,22.25,25.25,LAC,KC,MARKET
2025_01_KC_LAC,2025,1,2025-09-05,LAC,KC,-3.0,47.5,27.0,21.0,6.0,48.0,0.440919159716957,0.424300237936309,-2.559080840283043,47.92430023793631,22.68260969882663,25.241690539109676,LAC,KC,WFS_CORE_IMPACT_REPLACEMENT_RESIDUAL
2025_01_KC_LAC,2025,1,2025-09-05,LAC,KC,-3.0,47.5,27.0,21.0,6.0,48.0,0.6330179742552626,0.44691789903779855,-2.366982025744737,47.9469178990378,22.78996793664653,25.15694996239127,LAC,KC,WFS_CORE_IMPACT_RESIDUAL
2025_01_KC_LAC,2025,1,2025-09-05,LAC,KC,-3.0,47.5,27.0,21.0,6.0,48.0,0.4842674140475548,1.3383994362814275,-2.515732585952445,48.83839943628143,23.161333425164493,25.677066011116935,LAC,KC,WFS_CORE_RESIDUAL
2025_01_ARI_NO,2025,1,2025-09-07,NO,ARI,-6.0,44.5,13.0,20.0,-7.0,33.0,0.0,0.0,-6.0,44.5,19.25,25.25,ARI,ARI,MARKET
2025_01_ARI_NO,2025,1,2025-09-07,NO,ARI,-6.0,44.5,13.0,20.0,-7.0,33.0,-1.0120884222349653,0.6900919004692514,-7.0120884222349655,45.19009190046925,19.08900173911714,26.101090161352108,ARI,ARI,WFS_CORE_IMPACT_REPLACEMENT_RESIDUAL
2025_01_ARI_NO,2025,1,2025-09-07,NO,ARI,-6.0,44.5,13.0,20.0,-7.0,33.0,-0.9368155890100386,0.35713305058093125,-6.936815589010038,44.857133050580934,18.960158730785448,25.896974319795486,ARI,ARI,WFS_CORE_IMPACT_RESIDUAL
2025_01_ARI_NO,2025,1,2025-09-07,NO,ARI,-6.0,44.5,13.0,20.0,-7.0,33.0,-0.6051018147846554,1.025307983396276,-6.605101814784655,45.525307983396274,19.46010308430581,26.065204899090464,ARI,ARI,WFS_CORE_RESIDUAL
2025_01_BAL_BUF,2025,1,2025-09-07,BUF,BAL,-1.5,50.5,41.0,40.0,1.0,81.0,0.0,0.0,-1.5,50.5,24.5,26.0,BUF,BAL,MARKET
2025_01_BAL_BUF,2025,1,2025-09-07,BUF,BAL,-1.5,50.5,41.0,40.0,1.0,81.0,3.7000170825886025,1.5078595324194035,2.2000170825886025,52.0078595324194,27.103938307504002,24.9039212249154,BUF,BUF,WFS_CORE_IMPACT_REPLACEMENT_RESIDUAL
2025_01_BAL_BUF,2025,1,2025-09-07,BUF,BAL,-1.5,50.5,41.0,40.0,1.0,81.0,4.143274865783528,1.257613714739191,2.6432748657835283,51.75761371473919,27.20044429026136,24.557169424477834,BUF,BUF,WFS_CORE_IMPACT_RESIDUAL
2025_01_BAL_BUF,2025,1,2025-09-07,BUF,BAL,-1.5,50.5,41.0,40.0,1.0,81.0,2.3815401782350816,1.7143110930139747,0.8815401782350816,52.214311093013976,26.54792563562453,25.666385457389445,BUF,BUF,WFS_CORE_RESIDUAL
2025_01_CAR_JAX,2025,1,2025-09-07,JAX,CAR,4.5,45.5,26.0,10.0,16.0,36.0,0.0,0.0,4.5,45.5,25.0,20.5,JAX,JAX,MARKET
2025_01_CAR_JAX,2025,1,2025-09-07,JAX,CAR,4.5,45.5,26.0,10.0,16.0,36.0,-1.2623713582829859,0.46185711661126205,3.237628641717014,45.96185711661126,24.59974287916414,21.362114237447123,JAX,JAX,WFS_CORE_IMPACT_REPLACEMENT_RESIDUAL
2025_01_CAR_JAX,2025,1,2025-09-07,JAX,CAR,4.5,45.5,26.0,10.0,16.0,36.0,-1.1756340010790034,0.0498358890363407,3.324365998920997,45.54983588903634,24.437100943978667,21.11273494505767,JAX,JAX,WFS_CORE_IMPACT_RESIDUAL
2025_01_CAR_JAX,2025,1,2025-09-07,JAX,CAR,4.5,45.5,26.0,10.0,16.0,36.0,-0.06860856668376214,0.9060239386889487,4.431391433316238,46.406023938688946,25.41870768600259,20.987316252686355,JAX,JAX,WFS_CORE_RESIDUAL
2025_01_CIN_CLE,2025,1,2025-09-07,CLE,CIN,-5.5,47.5,16.0,17.0,-1.0,33.0,0.0,0.0,-5.5,47.5,21.0,26.5,CIN,CIN,MARKET
2025_01_CIN_CLE,2025,1,2025-09-07,CLE,CIN,-5.5,47.5,16.0,17.0,-1.0,33.0,-0.2997903046250509,0.31843834010970207,-5.799790304625051,47.8184383401097,21.009324017742326,26.809114322367375,CIN,CIN,WFS_CORE_IMPACT_REPLACEMENT_RESIDUAL
2025_01_CIN_CLE,2025,1,2025-09-07,CLE,CIN,-5.5,47.5,16.0,17.0,-1.0,33.0,-0.22917686095257153,0.3232866049411435,-5.729176860952571,47.823286604941146,21.047054871994288,26.776231732946858,CIN,CIN,WFS_CORE_IMPACT_RESIDUAL
2025_01_CIN_CLE,2025,1,2025-09-07,CLE,CIN,-5.5,47.5,16.0,17.0,-1.0,33.0,0.2849965875682963,0.8397651468221857,-5.215003412431703,48.33976514682219,21.56238086719524,26.777384279626947,CIN,CIN,WFS_CORE_RESIDUAL
2025_01_DET_GB,2025,1,2025-09-07,GB,DET,1.5,48.5,27.0,13.0,14.0,40.0,0.0,0.0,1.5,48.5,25.0,23.5,GB,GB,MARKET
2025_01_DET_GB,2025,1,2025-09-07,GB,DET,1.5,48.5,27.0,13.0,14.0,40.0,1.2751327396670677,1.420065385195506,2.7751327396670677,49.92006538519551,26.347599062431286,23.57246632276422,GB,GB,WFS_CORE_IMPACT_REPLACEMENT_RESIDUAL
2025_01_DET_GB,2025,1,2025-09-07,GB,DET,1.5,48.5,27.0,13.0,14.0,40.0,1.6021413168632679,1.4495221977777974,3.1021413168632677,49.949522197777796,26.525831757320532,23.423690440457264,GB,GB,WFS_CORE_IMPACT_RESIDUAL
2025_01_DET_GB,2025,1,2025-09-07,GB,DET,1.5,48.5,27.0,13.0,14.0,40.0,1.2567890931932015,1.749783344402176,2.7567890931932015,50.249783344402175,26.503286218797687,23.74649712560449,GB,GB,WFS_CORE_RESIDUAL
2025_01_HOU_LA,2025,1,2025-09-07,LA,HOU,3.5,43.5,14.0,9.0,5.0,23.0,0.0,0.0,3.5,43.5,23.5,20.0,LA,LA,MARKET
2025_01_HOU_LA,2025,1,2025-09-07,LA,HOU,3.5,43.5,14.0,9.0,5.0,23.0,1.3034941210323516,1.8364693266273546,4.803494121032352,45.33646932662735,25.06998172382985,20.2664876027975,LA,LA,WFS_CORE_IMPACT_REPLACEMENT_RESIDUAL
2025_01_HOU_LA,2025,1,2025-09-07,LA,HOU,3.5,43.5,14.0,9.0,5.0,23.0,1.3717703001099226,1.8596577221723947,4.871770300109922,45.35965772217239,25.115714011141158,20.243943711031235,LA,LA,WFS_CORE_IMPACT_RESIDUAL
2025_01_HOU_LA,2025,1,2025-09-07,LA,HOU,3.5,43.5,14.0,9.0,5.0,23.0,-0.1774258798981846,1.9331962752523058,3.3225741201018155,45.43319627525231,24.37788519767706,21.055311077575247,LA,LA,WFS_CORE_RESIDUAL
2025_01_LV_NE,2025,1,2025-09-07,NE,LV,2.5,44.5,13.0,20.0,-7.0,33.0,0.0,0.0,2.5,44.5,23.5,21.0,LV,NE,MARKET
2025_01_LV_NE,2025,1,2025-09-07,NE,LV,2.5,44.5,13.0,20.0,-7.0,33.0,-0.8131775135675328,0.7274139889231257,1.6868224864324672,45.227413988923125,23.457118237677797,21.770295751245328,LV,NE,WFS_CORE_IMPACT_REPLACEMENT_RESIDUAL
2025_01_LV_NE,2025,1,2025-09-07,NE,LV,2.5,44.5,13.0,20.0,-7.0,33.0,-0.6291352614349728,0.8249278825842932,1.8708647385650272,45.32492788258429,23.597896310574658,21.727031572009633,LV,NE,WFS_CORE_IMPACT_RESIDUAL
2025_01_LV_NE,2025,1,2025-09-07,NE,LV,2.5,44.5,13.0,20.0,-7.0,33.0,0.2664555594951598,1.3616358390414027,2.7664555594951596,45.861635839041405,24.31404569926828,21.547590139773124,LV,NE,WFS_CORE_RESIDUAL
2025_01_MIA_IND,2025,1,2025-09-07,IND,MIA,1.5,47.5,33.0,8.0,25.0,41.0,0.0,0.0,1.5,47.5,24.5,23.0,IND,IND,MARKET
2025_01_MIA_IND,2025,1,2025-09-07,IND,MIA,1.5,47.5,33.0,8.0,25.0,41.0,2.86198006627918,0.9369105198347859,4.36198006627918,48.43691051983478,26.39944529305698,22.0374652267778,IND,IND,WFS_CORE_IMPACT_REPLACEMENT_RESIDUAL
2025_01_MIA_IND,2025,1,2025-09-07,IND,MIA,1.5,47.5,33.0,8.0,25.0,41.0,3.1857007542406994,0.9704824572487831,4.685700754240699,48.470482457248785,26.578091605744742,21.892390851504043,IND,IND,WFS_CORE_IMPACT_RESIDUAL
2025_01_MIA_IND,2025,1,2025-09-07,IND,MIA,1.5,47.5,33.0,8.0,25.0,41.0,1.567537408294588,1.0965092507404341,3.067537408294588,48.59650925074043,25.83202332951751,22.76448592122292,IND,IND,WFS_CORE_RESIDUAL
2025_01_NYG_WAS,2025,1,2025-09-07,WAS,NYG,6.0,45.5,21.0,6.0,15.0,27.0,0.0,0.0,6.0,45.5,25.75,19.75,WAS,WAS,MARKET
2025_01_NYG_WAS,2025,1,2025-09-07,WAS,NYG,6.0,45.5,21.0,6.0,15.0,27.0,-0.3909998365702201,0.29312011561546303,5.60900016342978,45.793120115615466,25.701060139522625,20.09205997609284,WAS,WAS,WFS_CORE_IMPACT_REPLACEMENT_RESIDUAL
2025_01_NYG_WAS,2025,1,2025-09-07,WAS,NYG,6.0,45.5,21.0,6.0,15.0,27.0,-0.24942676698869365,0.3096496643307782,5.750573233011306,45.80964966433078,25.780111448671043,20.029538215659734,WAS,WAS,WFS_CORE_IMPACT_RESIDUAL
2025_01_NYG_WAS,2025,1,2025-09-07,WAS,NYG,6.0,45.5,21.0,6.0,15.0,27.0,0.21208085155325607,1.141414184174417,6.212080851553256,46.641414184174415,26.426747517863834,20.21466666631058,WAS,WAS,WFS_CORE_RESIDUAL
2025_01_PIT_NYJ,2025,1,2025-09-07,NYJ,PIT,-3.0,37.5,32.0,34.0,-2.0,66.0,0.0,0.0,-3.0,37.5,17.25,20.25,PIT,PIT,MARKET
2025_01_PIT_NYJ,2025,1,2025-09-07,NYJ,PIT,-3.0,37.5,32.0,34.0,-2.0,66.0,-0.38910187298683085,0.550077845631284,-3.389101872986831,38.050077845631286,17.33048798632223,20.719589859309057,PIT,PIT,WFS_CORE_IMPACT_REPLACEMENT_RESIDUAL
2025_01_PIT_NYJ,2025,1,2025-09-07,NYJ,PIT,-3.0,37.5,32.0,34.0,-2.0,66.0,-0.3935220308901224,-0.21108497447889704,-3.3935220308901224,37.288915025521106,16.94769649731549,20.341218528205616,PIT,PIT,WFS_CORE_IMPACT_RESIDUAL
2025_01_PIT_NYJ,2025,1,2025-09-07,NYJ,PIT,-3.0,37.5,32.0,34.0,-2.0,66.0,-0.18792544221029472,1.2830938252251933,-3.187925442210295,38.783093825225194,17.79758419150745,20.985509633717744,PIT,PIT,WFS_CORE_RESIDUAL
2025_01_SF_SEA,2025,1,2025-09-07,SEA,SF,-2.5,43.5,13.0,17.0,-4.0,30.0,0.0,0.0,-2.5,43.5,20.5,23.0,SF,SF,MARKET
2025_01_SF_SEA,2025,1,2025-09-07,SEA,SF,-2.5,43.5,13.0,17.0,-4.0,30.0,-2.1579046389068473,1.4189683896810472,-4.657904638906848,44.91896838968105,20.1305318753871,24.78843651429395,SF,SF,WFS_CORE_IMPACT_REPLACEMENT_RESIDUAL
2025_01_SF_SEA,2025,1,2025-09-07,SEA,SF,-2.5,43.5,13.0,17.0,-4.0,30.0,-1.9014297265490079,0.6944426390243749,-4.401429726549008,44.19444263902437,19.89650645623768,24.297936182786692,SF,SF,WFS_CORE_IMPACT_RESIDUAL
2025_01_SF_SEA,2025,1,2025-09-07,SEA,SF,-2.5,43.5,13.0,17.0,-4.0,30.0,0.5859597872765379,1.3053487333801843,-1.9140402127234621,44.805348733380185,21.44565426032836,23.359694473051825,SF,SF,WFS_CORE_RESIDUAL
2025_01_TB_ATL,2025,1,2025-09-07,ATL,TB,-1.5,47.5,20.0,23.0,-3.0,43.0,0.0,0.0,-1.5,47.5,23.0,24.5,TB,TB,MARKET
2025_01_TB_ATL,2025,1,2025-09-07,ATL,TB,-1.5,47.5,20.0,23.0,-3.0,43.0,2.8886767320796607,2.1104416275255335,1.3886767320796607,49.61044162752553,25.499559179802596,24.110882447722936,TB,ATL,WFS_CORE_IMPACT_REPLACEMENT_RESIDUAL
2025_01_TB_ATL,2025,1,2025-09-07,ATL,TB,-1.5,47.5,20.0,23.0,-3.0,43.0,3.126042803773256,2.144390872258985,1.626042803773256,49.64439087225899,25.63521683801612,24.009174034242868,TB,ATL,WFS_CORE_IMPACT_RESIDUAL
2025_01_TB_ATL,2025,1,2025-09-07,ATL,TB,-1.5,47.5,20.0,23.0,-3.0,43.0,0.8816643548600347,1.508106457457967,-0.6183356451399653,49.00810645745797,24.194885406159003,24.813221051298967,TB,TB,WFS_CORE_RESIDUAL
2025_01_TEN_DEN,2025,1,2025-09-07,DEN,TEN,8.5,42.5,20.0,12.0,8.0,32.0,0.0,0.0,8.5,42.5,25.5,17.0,DEN,DEN,MARKET
2025_01_TEN_DEN,2025,1,2025-09-07,DEN,TEN,8.5,42.5,20.0,12.0,8.0,32.0,-0.41010286216649083,1.6281142263178439,8.089897137833509,44.12811422631784,26.109005682075676,18.019108544242165,DEN,DEN,WFS_CORE_IMPACT_REPLACEMENT_RESIDUAL
2025_01_TEN_DEN,2025,1,2025-09-07,DEN,TEN,8.5,42.5,20.0,12.0,8.0,32.0,-0.12338148378035962,1.4631893597405254,8.37661851621964,43.963189359740525,26.16990393798008,17.793285421760444,DEN,DEN,WFS_CORE_IMPACT_RESIDUAL
2025_01_TEN_DEN,2025,1,2025-09-07,DEN,TEN,8.5,42.5,20.0,12.0,8.0,32.0,1.5990124896285491,1.2605510230459331,10.09901248962855,43.760551023045934,26.929781756337242,16.830769266708693,DEN,DEN,WFS_CORE_RESIDUAL
2025_01_MIN_CHI,2025,1,2025-09-08,CHI,MIN,-1.5,43.5,24.0,27.0,-3.0,51.0,0.0,0.0,-1.5,43.5,21.0,22.5,MIN,MIN,MARKET
2025_01_MIN_CHI,2025,1,2025-09-08,CHI,MIN,-1.5,43.5,24.0,27.0,-3.0,51.0,1.4778162215114432,1.224304151712037,-0.022183778488556793,44.72430415171204,22.351060186611743,22.373243965100297,MIN,MIN,WFS_CORE_IMPACT_REPLACEMENT_RESIDUAL
2025_01_MIN_CHI,2025,1,2025-09-08,CHI,MIN,-1.5,43.5,24.0,27.0,-3.0,51.0,1.6481672294042338,1.2781655969333077,0.14816722940423377,44.778165596933306,22.46316641316877,22.314999183764535,MIN,CHI,WFS_CORE_IMPACT_RESIDUAL
2025_01_MIN_CHI,2025,1,2025-09-08,CHI,MIN,-1.5,43.5,24.0,27.0,-3.0,51.0,0.7981230231338134,1.4474134564675853,-0.7018769768661866,44.94741345646759,22.1227682398007,22.824645216666887,MIN,MIN,WFS_CORE_RESIDUAL
2025_02_WAS_GB,2025,2,2025-09-11,GB,WAS,3.5,48.5,27.0,18.0,9.0,45.0,0.0,0.0,3.5,48.5,26.0,22.5,GB,GB,MARKET
2025_02_WAS_GB,2025,2,2025-09-11,GB,WAS,3.5,48.5,27.0,18.0,9.0,45.0,1.4725504137154641,2.120114690480313,4.972550413715464,50.620114690480314,27.796332552097887,22.823782138382427,GB,GB,WFS_CORE_IMPACT_REPLACEMENT_RESIDUAL
2025_02_WAS_GB,2025,2,2025-09-11,GB,WAS,3.5,48.5,27.0,18.0,9.0,45.0,1.5892223887572101,1.3575386831727145,5.08922238875721,49.85753868317271,27.47338053596496,22.384158147207753,GB,GB,WFS_CORE_IMPACT_RESIDUAL
2025_02_WAS_GB,2025,2,2025-09-11,GB,WAS,3.5,48.5,27.0,18.0,9.0,45.0,2.240249531272533,2.1273146372689027,5.740249531272533,50.6273146372689,28.183782084270717,22.443532552998185,GB,GB,WFS_CORE_RESIDUAL
2025_02_ATL_MIN,2025,2,2025-09-14,MIN,ATL,3.5,44.5,6.0,22.0,-16.0,28.0,0.0,0.0,3.5,44.5,24.0,20.5,ATL,MIN,MARKET
2025_02_ATL_MIN,2025,2,2025-09-14,MIN,ATL,3.5,44.5,6.0,22.0,-16.0,28.0,1.473105890519892,1.173157697406219,4.973105890519892,45.67315769740622,25.323131793963054,20.350025903443164,ATL,MIN,WFS_CORE_IMPACT_REPLACEMENT_RESIDUAL
2025_02_ATL_MIN,2025,2,2025-09-14,MIN,ATL,3.5,44.5,6.0,22.0,-16.0,28.0,1.66590702114226,0.8386170186585373,5.16590702114226,45.33861701865854,25.2522620199004,20.08635499875814,ATL,MIN,WFS_CORE_IMPACT_RESIDUAL
2025_02_ATL_MIN,2025,2,2025-09-14,MIN,ATL,3.5,44.5,6.0,22.0,-16.0,28.0,0.7948148430688599,0.5939336520517009,4.29481484306886,45.0939336520517,24.694374247560283,20.39955940449142,ATL,MIN,WFS_CORE_RESIDUAL
2025_02_BUF_NYJ,2025,2,2025-09-14,NYJ,BUF,-6.0,47.5,10.0,30.0,-20.0,40.0,0.0,0.0,-6.0,47.5,20.75,26.75,BUF,BUF,MARKET
2025_02_BUF_NYJ,2025,2,2025-09-14,NYJ,BUF,-6.0,47.5,10.0,30.0,-20.0,40.0,0.28907661400605245,0.3603962947573509,-5.710923385993947,47.86039629475735,21.0747364543817,26.78565984037565,BUF,BUF,WFS_CORE_IMPACT_REPLACEMENT_RESIDUAL
2025_02_BUF_NYJ,2025,2,2025-09-14,NYJ,BUF,-6.0,47.5,10.0,30.0,-20.0,40.0,0.22989846755671267,-0.22523088418601603,-5.770101532443287,47.27476911581398,20.75233379168535,26.522435324128633,BUF,BUF,WFS_CORE_IMPACT_RESIDUAL
2025_02_BUF_NYJ,2025,2,2025-09-14,NYJ,BUF,-6.0,47.5,10.0,30.0,-20.0,40.0,0.7069413604020374,0.19836184590156755,-5.293058639597962,47.698361845901566,21.2026516031518,26.495710242749766,BUF,BUF,WFS_CORE_RESIDUAL
2025_02_CAR_ARI,2025,2,2025-09-14,ARI,CAR,7.0,45.5,27.0,22.0,5.0,49.0,0.0,0.0,7.0,45.5,26.25,19.25,ARI,ARI,MARKET
2025_02_CAR_ARI,2025,2,2025-09-14,ARI,CAR,7.0,45.5,27.0,22.0,5.0,49.0,-0.3804806969279025,1.309018950648772,6.619519303072098,46.80901895064877,26.714269126860433,20.094749823788337,ARI,ARI,WFS_CORE_IMPACT_REPLACEMENT_RESIDUAL
2025_02_CAR_ARI,2025,2,2025-09-14,ARI,CAR,7.0,45.5,27.0,22.0,5.0,49.0,0.07272606392065542,1.548029814979424,7.072726063920656,47.04802981497942,27.06037793945004,19.987651875529384,ARI,ARI,WFS_CORE_IMPACT_RESIDUAL
2025_02_CAR_ARI,2025,2,2025-09-14,ARI,CAR,7.0,45.5,27.0,22.0,5.0,49.0,1.1582278414486227,1.3991686588293095,8.158227841448623,46.89916865882931,27.528698250138966,19.370470408690345,ARI,ARI,WFS_CORE_RESIDUAL
2025_02_CHI_DET,2025,2,2025-09-14,DET,CHI,6.0,46.5,52.0,21.0,31.0,73.0,0.0,0.0,6.0,46.5,26.25,20.25,DET,DET,MARKET
2025_02_CHI_DET,2025,2,2025-09-14,DET,CHI,6.0,46.5,52.0,21.0,31.0,73.0,-0.7849146043615969,2.5708100705109516,5.215085395638403,49.07081007051095,27.142947733074678,21.927862337436274,DET,DET,WFS_CORE_IMPACT_REPLACEMENT_RESIDUAL
2025_02_CHI_DET,2025,2,2025-09-14,DET,CHI,6.0,46.5,52.0,21.0,31.0,73.0,-0.3143282418829547,2.8509976404311073,5.685671758117046,49.35099764043111,27.518334699274078,21.832662941157032,DET,DET,WFS_CORE_IMPACT_RESIDUAL
2025_02_CHI_DET,2025,2,2025-09-14,DET,CHI,6.0,46.5,52.0,21.0,31.0,73.0,0.7531245051670918,2.504798333262749,6.753124505167092,49.00479833326275,27.87896141921492,21.125836914047827,DET,DET,WFS_CORE_RESIDUAL
2025_02_CLE_BAL,2025,2,2025-09-14,BAL,CLE,12.5,46.5,41.0,17.0,24.0,58.0,0.0,0.0,12.5,46.5,29.5,17.0,BAL,BAL,MARKET
2025_02_CLE_BAL,2025,2,2025-09-14,BAL,CLE,12.5,46.5,41.0,17.0,24.0,58.0,-1.9084736120492767,2.463477584989674,10.591526387950724,48.963477584989676,29.7775019864702,19.185975598519477,BAL,BAL,WFS_CORE_IMPACT_REPLACEMENT_RESIDUAL
2025_02_CLE_BAL,2025,2,2025-09-14,BAL,CLE,12.5,46.5,41.0,17.0,24.0,58.0,1.387736194673586,3.105175977323987,13.887736194673586,49.60517597732399,31.746456085998787,17.8587198913252,BAL,BAL,WFS_CORE_IMPACT_RESIDUAL
2025_02_CLE_BAL,2025,2,2025-09-14,BAL,CLE,12.5,46.5,41.0,17.0,24.0,58.0,2.8310931085491546,2.770361518837465,15.331093108549155,49.27036151883746,32.30072731369331,16.969634205144153,BAL,BAL,WFS_CORE_RESIDUAL
2025_02_DEN_IND,2025,2,2025-09-14,IND,DEN,-2.5,43.5,29.0,28.0,1.0,57.0,0.0,0.0,-2.5,43.5,20.5,23.0,IND,DEN,MARKET
2025_02_DEN_IND,2025,2,2025-09-14,IND,DEN,-2.5,43.5,29.0,28.0,1.0,57.0,1.4878339261072102,2.5135498126895524,-1.0121660738927898,46.013549812689554,22.50069186939838,23.512857943291174,IND,DEN,WFS_CORE_IMPACT_REPLACEMENT_RESIDUAL
2025_02_DEN_IND,2025,2,2025-09-14,IND,DEN,-2.5,43.5,29.0,28.0,1.0,57.0,1.6590723464387773,2.5296448407713177,-0.8409276535612227,46.02964484077132,22.594358593605048,23.43528624716627,IND,DEN,WFS_CORE_IMPACT_RESIDUAL
2025_02_DEN_IND,2025,2,2025-09-14,IND,DEN,-2.5,43.5,29.0,28.0,1.0,57.0,2.043034628172739,2.667606300037007,-0.4569653718272608,46.16760630003701,22.855320464104874,23.312285835932133,IND,DEN,WFS_CORE_RESIDUAL
2025_02_JAX_CIN,2025,2,2025-09-14,CIN,JAX,3.5,49.5,31.0,27.0,4.0,58.0,0.0,0.0,3.5,49.5,26.5,23.0,CIN,CIN,MARKET
2025_02_JAX_CIN,2025,2,2025-09-14,CIN,JAX,3.5,49.5,31.0,27.0,4.0,58.0,1.3522973571981798,0.7509693010926265,4.85229735719818,50.250969301092624,27.551633329145403,22.69933597194722,CIN,CIN,WFS_CORE_IMPACT_REPLACEMENT_RESIDUAL
2025_02_JAX_CIN,2025,2,2025-09-14,CIN,JAX,3.5,49.5,31.0,27.0,4.0,58.0,1.5271137044566632,0.7843440740211403,5.027113704456664,50.28434407402114,27.6557288892389,22.62861518478224,CIN,CIN,WFS_CORE_IMPACT_RESIDUAL
2025_02_JAX_CIN,2025,2,2025-09-14,CIN,JAX,3.5,49.5,31.0,27.0,4.0,58.0,0.7084300091687643,1.5647871614604707,4.208430009168764,51.06478716146047,27.63660858531462,23.428178576145854,CIN,CIN,WFS_CORE_RESIDUAL
2025_02_LA_TEN,2025,2,2025-09-14,TEN,LA,-5.5,41.5,19.0,33.0,-14.0,52.0,0.0,0.0,-5.5,41.5,18.0,23.5,LA,LA,MARKET
2025_02_LA_TEN,2025,2,2025-09-14,TEN,LA,-5.5,41.5,19.0,33.0,-14.0,52.0,-1.1443558483983303,1.5000739362394016,-6.64435584839833,43.0000739362394,18.177859043920535,24.82221489231887,LA,LA,WFS_CORE_IMPACT_REPLACEMENT_RESIDUAL
2025_02_LA_TEN,2025,2,2025-09-14,TEN,LA,-5.5,41.5,19.0,33.0,-14.0,52.0,-1.0204288914884456,1.2900311542610505,-6.520428891488446,42.79003115426105,18.134801131386304,24.655230022874747,LA,LA,WFS_CORE_IMPACT_RESIDUAL
2025_02_LA_TEN,2025,2,2025-09-14,TEN,LA,-5.5,41.5,19.0,33.0,-14.0,52.0,0.8696432472789006,1.001230463337752,-4.6303567527211,42.501230463337755,18.93543685530833,23.565793608029427,LA,LA,WFS_CORE_RESIDUAL
2025_02_NE_MIA,2025,2,2025-09-14,MIA,NE,1.5,43.5,27.0,33.0,-6.0,60.0,0.0,0.0,1.5,43.5,22.5,21.0,NE,MIA,MARKET
2025_02_NE_MIA,2025,2,2025-09-14,MIA,NE,1.5,43.5,27.0,33.0,-6.0,60.0,-2.343811072067086,2.280443635558249,-0.8438110720670862,45.78044363555825,22.468316281745583,23.312127353812667,NE,NE,WFS_CORE_IMPACT_REPLACEMENT_RESIDUAL
2025_02_NE_MIA,2025,2,2025-09-14,MIA,NE,1.5,43.5,27.0,33.0,-6.0,60.0,-1.765691818089177,2.6455107810900427,-0.26569181808917697,46.145510781090046,22.939909481500436,23.20560129958961,NE,NE,WFS_CORE_IMPACT_RESIDUAL
2025_02_NE_MIA,2025,2,2025-09-14,MIA,NE,1.5,43.5,27.0,33.0,-6.0,60.0,0.11710978231148106,1.7375083671448235,1.617109782311481,45.23750836714483,23.427309074728154,21.810199292416673,NE,MIA,WFS_CORE_RESIDUAL
2025_02_NYG_DAL,2025,2,2025-09-14,DAL,NYG,4.5,44.5,40.0,37.0,3.0,77.0,0.0,0.0,4.5,44.5,24.5,20.0,DAL,DAL,MARKET
2025_02_NYG_DAL,2025,2,2025-09-14,DAL,NYG,4.5,44.5,40.0,37.0,3.0,77.0,-0.7649200217383603,0.36809773091098097,3.7350799782616395,44.86809773091098,24.30158885458631,20.566508876324672,DAL,DAL,WFS_CORE_IMPACT_REPLACEMENT_RESIDUAL
2025_02_NYG_DAL,2025,2,2025-09-14,DAL,NYG,4.5,44.5,40.0,37.0,3.0,77.0,-0.7441146855406457,0.34670249593671815,3.7558853144593543,44.84670249593672,24.301293905198037,20.54540859073868,DAL,DAL,WFS_CORE_IMPACT_RESIDUAL
2025_02_NYG_DAL,2025,2,2025-09-14,DAL,NYG,4.5,44.5,40.0,37.0,3.0,77.0,0.11958940748889241,0.6236602057280278,4.619589407488893,45.12366020572803,24.871624806608462,20.252035399119567,DAL,DAL,WFS_CORE_RESIDUAL
2025_02_PHI_KC,2025,2,2025-09-14,KC,PHI,-1.5,46.5,17.0,20.0,-3.0,37.0,0.0,0.0,-1.5,46.5,22.5,24.0,PHI,PHI,MARKET
2025_02_PHI_KC,2025,2,2025-09-14,KC,PHI,-1.5,46.5,17.0,20.0,-3.0,37.0,-3.8093059040335944,-2.2940331832070053,-5.309305904033595,44.205966816792994,19.4483304563797,24.757636360413294,PHI,PHI,WFS_CORE_IMPACT_REPLACEMENT_RESIDUAL
2025_02_PHI_KC,2025,2,2025-09-14,KC,PHI,-1.5,46.5,17.0,20.0,-3.0,37.0,1.56793756889288,-0.5847423165595771,0.06793756889288005,45.91525768344042,22.99159762616665,22.92366005727377,PHI,KC,WFS_CORE_IMPACT_RESIDUAL
2025_02_PHI_KC,2025,2,2025-09-14,KC,PHI,-1.5,46.5,17.0,20.0,-3.0,37.0,-0.2790873093411095,0.5217908740362355,-1.7790873093411095,47.021790874036235,22.621351782347563,24.40043909168867,PHI,PHI,WFS_CORE_RESIDUAL
2025_02_SEA_PIT,2025,2,2025-09-14,PIT,SEA,3.5,40.5,17.0,31.0,-14.0,48.0,0.0,0.0,3.5,40.5,22.0,18.5,SEA,PIT,MARKET
2025_02_SEA_PIT,2025,2,2025-09-14,PIT,SEA,3.5,40.5,17.0,31.0,-14.0,48.0,-1.1203754785635944,1.181025975290423,2.379624521436406,41.681025975290424,22.030325248363415,19.65070072692701,SEA,PIT,WFS_CORE_IMPACT_REPLACEMENT_RESIDUAL
2025_02_SEA_PIT,2025,2,2025-09-14,PIT,SEA,3.5,40.5,17.0,31.0,-14.0,48.0,-1.2122701960329694,0.8229271538951625,2.2877298039670304,41.322927153895165,21.8053284789311,19.517598674964066,SEA,PIT,WFS_CORE_IMPACT_RESIDUAL
2025_02_SEA_PIT,2025,2,2025-09-14,PIT,SEA,3.5,40.5,17.0,31.0,-14.0,48.0,-0.6828971424320496,1.1549922950117788,2.81710285756795,41.65499229501178,22.236047576289867,19.418944718721914,SEA,PIT,WFS_CORE_RESIDUAL
2025_02_SF_NO,2025,2,2025-09-14,NO,SF,-3.0,40.5,21.0,26.0,-5.0,47.0,0.0,0.0,-3.0,40.5,18.75,21.75,SF,SF,MARKET
2025_02_SF_NO,2025,2,2025-09-14,NO,SF,-3.0,40.5,21.0,26.0,-5.0,47.0,1.3178317989718935,1.8442586250219275,-1.6821682010281065,42.34425862502193,20.331045211996912,22.013213413025017,SF,SF,WFS_CORE_IMPACT_REPLACEMENT_RESIDUAL
2025_02_SF_NO,2025,2,2025-09-14,NO,SF,-3.0,40.5,21.0,26.0,-5.0,47.0,1.2263213075749984,1.052605661949161,-1.7736786924250016,41.55260566194916,19.88946348476208,21.66314217718708,SF,SF,WFS_CORE_IMPACT_RESIDUAL
2025_02_SF_NO,2025,2,2025-09-14,NO,SF,-3.0,40.5,21.0,26.0,-5.0,47.0,-0.6540156190698734,0.6102111792654414,-3.6540156190698734,41.11021117926544,18.728097780097784,22.382113399167658,SF,SF,WFS_CORE_RESIDUAL
2025_02_LAC_LV,2025,2,2025-09-15,LV,LAC,-3.5,46.5,9.0,20.0,-11.0,29.0,0.0,0.0,-3.5,46.5,21.5,25.0,LAC,LAC,MARKET
2025_02_LAC_LV,2025,2,2025-09-15,LV,LAC,-3.5,46.5,9.0,20.0,-11.0,29.0,0.22847746503740948,0.9360686997872029,-3.2715225349625907,47.4360686997872,22.082273082412303,25.353795617374896,LAC,LAC,WFS_CORE_IMPACT_REPLACEMENT_RESIDUAL
2025_02_LAC_LV,2025,2,2025-09-15,LV,LAC,-3.5,46.5,9.0,20.0,-11.0,29.0,0.5299003466367487,0.9947136696691744,-2.9700996533632513,47.494713669669174,22.262307008152963,25.23240666151621,LAC,LAC,WFS_CORE_IMPACT_RESIDUAL
2025_02_LAC_LV,2025,2,2025-09-15,LV,LAC,-3.5,46.5,9.0,20.0,-11.0,29.0,0.802982391466363,1.0289049201286427,-2.697017608533637,47.528904920128646,22.415943655797506,25.11296126433114,LAC,LAC,WFS_CORE_RESIDUAL
2025_02_TB_HOU,2025,2,2025-09-15,HOU,TB,2.5,42.5,19.0,20.0,-1.0,39.0,0.0,0.0,2.5,42.5,22.5,20.0,TB,HOU,MARKET
2025_02_TB_HOU,2025,2,2025-09-15,HOU,TB,2.5,42.5,19.0,20.0,-1.0,39.0,0.43853132062157846,0.3819481234164407,2.9385313206215784,42.88194812341644,22.91023972201901,19.971708401397432,TB,HOU,WFS_CORE_IMPACT_REPLACEMENT_RESIDUAL
2025_02_TB_HOU,2025,2,2025-09-15,HOU,TB,2.5,42.5,19.0,20.0,-1.0,39.0,2.6328109765327876,0.5137421041026293,5.132810976532788,43.01374210410263,24.07327654031771,18.940465563784922,TB,HOU,WFS_CORE_IMPACT_RESIDUAL
2025_02_TB_HOU,2025,2,2025-09-15,HOU,TB,2.5,42.5,19.0,20.0,-1.0,39.0,1.0914003053341872,1.1020861439762542,3.5914003053341874,43.60208614397625,23.59674322465522,20.00534291932103,TB,HOU,WFS_CORE_RESIDUAL
2025_03_MIA_BUF,2025,3,2025-09-18,BUF,MIA,12.5,50.5,31.0,21.0,10.0,52.0,0.0,0.0,12.5,50.5,31.5,19.0,BUF,BUF,MARKET
2025_03_MIA_BUF,2025,3,2025-09-18,BUF,MIA,12.5,50.5,31.0,21.0,10.0,52.0,2.063282728993021,3.04728167325455,14.563282728993022,53.54728167325455,34.05528220112379,19.491999472130765,BUF,BUF,WFS_CORE_IMPACT_REPLACEMENT_RESIDUAL
2025_03_MIA_BUF,2025,3,2025-09-18,BUF,MIA,12.5,50.5,31.0,21.0,10.0,52.0,2.4508449161600394,3.1321744868052854,14.95084491616004,53.63217448680528,34.29150970148266,19.340664785322623,BUF,BUF,WFS_CORE_IMPACT_RESIDUAL
2025_03_MIA_BUF,2025,3,2025-09-18,BUF,MIA,12.5,50.5,31.0,21.0,10.0,52.0,1.9782235659719636,2.618290803078334,14.478223565971964,53.11829080307833,33.79825718452515,19.320033618553182,BUF,BUF,WFS_CORE_RESIDUAL
2025_03_ARI_SF,2025,3,2025-09-21,SF,ARI,1.5,44.5,16.0,15.0,1.0,31.0,0.0,0.0,1.5,44.5,23.0,21.5,SF,SF,MARKET
2025_03_ARI_SF,2025,3,2025-09-21,SF,ARI,1.5,44.5,16.0,15.0,1.0,31.0,-0.04673838087528931,0.24291714777255674,1.4532616191247107,44.74291714777256,23.098089383448634,21.644827764323924,SF,SF,WFS_CORE_IMPACT_REPLACEMENT_RESIDUAL
2025_03_ARI_SF,2025,3,2025-09-21,SF,ARI,1.5,44.5,16.0,15.0,1.0,31.0,0.2609475548588034,-0.057856869396561615,1.7609475548588034,44.44214313060344,23.10154534273112,21.34059778787232,SF,SF,WFS_CORE_IMPACT_RESIDUAL
2025_03_ARI_SF,2025,3,2025-09-21,SF,ARI,1.5,44.5,16.0,15.0,1.0,31.0,0.06550502801286281,1.334254165400278,1.5655050280128628,45.83425416540028,23.699879596706573,22.13437456869371,SF,SF,WFS_CORE_RESIDUAL
2025_03_ATL_CAR,2025,3,2025-09-21,CAR,ATL,-5.5,44.5,30.0,0.0,30.0,30.0,0.0,0.0,-5.5,44.5,19.5,25.0,CAR,ATL,MARKET
2025_03_ATL_CAR,2025,3,2025-09-21,CAR,ATL,-5.5,44.5,30.0,0.0,30.0,30.0,1.0069083938391326,1.9660194917969245,-4.493091606160867,46.46601949179693,20.98646394281803,25.479555548978897,CAR,ATL,WFS_CORE_IMPACT_REPLACEMENT_RESIDUAL
2025_03_ATL_CAR,2025,3,2025-09-21,CAR,ATL,-5.5,44.5,30.0,0.0,30.0,30.0,1.0505480609002686,1.558102292680068,-4.449451939099731,46.05810229268007,20.80432517679017,25.2537771158899,CAR,ATL,WFS_CORE_IMPACT_RESIDUAL
2025_03_ATL_CAR,2025,3,2025-09-21,CAR,ATL,-5.5,44.5,30.0,0.0,30.0,30.0,0.20882567517943829,0.815392682878852,-5.291174324820561,45.31539268287885,20.012109179029146,25.303283503849705,CAR,ATL,WFS_CORE_RESIDUAL
2025_03_CIN_MIN,2025,3,2025-09-21,MIN,CIN,3.0,41.5,48.0,10.0,38.0,58.0,0.0,0.0,3.0,41.5,22.25,19.25,MIN,MIN,MARKET
2025_03_CIN_MIN,2025,3,2025-09-21,MIN,CIN,3.0,41.5,48.0,10.0,38.0,58.0,0.23779847846391225,1.323881614516063,3.237798478463912,42.82388161451606,23.03084004648999,19.793041568026073,MIN,MIN,WFS_CORE_IMPACT_REPLACEMENT_RESIDUAL
2025_03_CIN_MIN,2025,3,2025-09-21,MIN,CIN,3.0,41.5,48.0,10.0,38.0,58.0,0.5643675937921724,1.0008820739107056,3.5643675937921726,42.5008820739107,23.032624833851436,19.468257240059266,MIN,MIN,WFS_CORE_IMPACT_RESIDUAL
2025_03_CIN_MIN,2025,3,2025-09-21,MIN,CIN,3.0,41.5,48.0,10.0,38.0,58.0,0.37635011483755804,0.9721260663331874,3.376350114837558,42.47212606633319,22.924238090585373,19.547887975747816,MIN,MIN,WFS_CORE_RESIDUAL
2025_03_DAL_CHI,2025,3,2025-09-21,CHI,DAL,-1.5,49.5,31.0,14.0,17.0,45.0,0.0,0.0,-1.5,49.5,24.0,25.5,CHI,DAL,MARKET
2025_03_DAL_CHI,2025,3,2025-09-21,CHI,DAL,-1.5,49.5,31.0,14.0,17.0,45.0,-1.8533279643077973,1.2698106625004344,-3.3533279643077973,50.76981066250043,23.70824134909632,27.061569313404114,CHI,DAL,WFS_CORE_IMPACT_REPLACEMENT_RESIDUAL
2025_03_DAL_CHI,2025,3,2025-09-21,CHI,DAL,-1.5,49.5,31.0,14.0,17.0,45.0,-2.025866356563166,0.09194460856264895,-3.525866356563166,49.59194460856265,23.033039125999743,26.558905482562906,CHI,DAL,WFS_CORE_IMPACT_RESIDUAL
2025_03_DAL_CHI,2025,3,2025-09-21,CHI,DAL,-1.5,49.5,31.0,14.0,17.0,45.0,-0.746615363223806,-0.2049751159210468,-2.246615363223806,49.295024884078956,23.524204760427576,25.77082012365138,CHI,DAL,WFS_CORE_RESIDUAL
2025_03_DEN_LAC,2025,3,2025-09-21,LAC,DEN,2.5,45.5,23.0,20.0,3.0,43.0,0.0,0.0,2.5,45.5,24.0,21.5,LAC,LAC,MARKET
2025_03_DEN_LAC,2025,3,2025-09-21,LAC,DEN,2.5,45.5,23.0,20.0,3.0,43.0,1.2415571499437708,2.4437783052692574,3.7415571499437705,47.943778305269255,25.842667727606514,22.10111057766274,LAC,LAC,WFS_CORE_IMPACT_REPLACEMENT_RESIDUAL
2025_03_DEN_LAC,2025,3,2025-09-21,LAC,DEN,2.5,45.5,23.0,20.0,3.0,43.0,0.6633638836443352,2.1923481200006365,3.163363883644335,47.69234812000064,25.427856001822487,22.26449211817815,LAC,LAC,WFS_CORE_IMPACT_RESIDUAL
2025_03_DEN_LAC,2025,3,2025-09-21,LAC,DEN,2.5,45.5,23.0,20.0,3.0,43.0,1.2822936705815144,1.7483608750521327,3.7822936705815144,47.248360875052136,25.515327272816826,21.73303360223531,LAC,LAC,WFS_CORE_RESIDUAL
2025_03_GB_CLE,2025,3,2025-09-21,CLE,GB,-8.5,41.5,13.0,10.0,3.0,23.0,0.0,0.0,-8.5,41.5,16.5,25.0,CLE,GB,MARKET
2025_03_GB_CLE,2025,3,2025-09-21,CLE,GB,-8.5,41.5,13.0,10.0,3.0,23.0,-0.2623062621157904,0.4475729031452341,-8.762306262115791,41.947572903145236,16.59263332051472,25.354939582630514,CLE,GB,WFS_CORE_IMPACT_REPLACEMENT_RESIDUAL
2025_03_GB_CLE,2025,3,2025-09-21,CLE,GB,-8.5,41.5,13.0,10.0,3.0,23.0,-0.20026266527452735,0.47040107902049166,-8.700262665274527,41.97040107902049,16.63506920687298,25.33533187214751,CLE,GB,WFS_CORE_IMPACT_RESIDUAL
2025_03_GB_CLE,2025,3,2025-09-21,CLE,GB,-8.5,41.5,13.0,10.0,3.0,23.0,-0.8709215627964177,0.5144737555546391,-9.370921562796418,42.01447375555464,16.32177609637911,25.69269765917553,CLE,GB,WFS_CORE_RESIDUAL
2025_03_HOU_JAX,2025,3,2025-09-21,JAX,HOU,1.5,43.5,17.0,10.0,7.0,27.0,0.0,0.0,1.5,43.5,22.5,21.0,JAX,JAX,MARKET
2025_03_HOU_JAX,2025,3,2025-09-21,JAX,HOU,1.5,43.5,17.0,10.0,7.0,27.0,0.6681915619073402,0.5540202717378717,2.1681915619073404,44.05402027173787,23.111105916822606,20.942914354915263,JAX,JAX,WFS_CORE_IMPACT_REPLACEMENT_RESIDUAL
2025_03_HOU_JAX,2025,3,2025-09-21,JAX,HOU,1.5,43.5,17.0,10.0,7.0,27.0,0.927182823361047,0.6224881564530469,2.427182823361047,44.122488156453045,23.274835489907048,20.847652666545997,JAX,JAX,WFS_CORE_IMPACT_RESIDUAL
2025_03_HOU_JAX,2025,3,2025-09-21,JAX,HOU,1.5,43.5,17.0,10.0,7.0,27.0,1.3049569268647545,1.5458924017811684,2.8049569268647545,45.04589240178117,23.92542466432296,21.120467737458206,JAX,JAX,WFS_CORE_RESIDUAL
2025_03_IND_TEN,2025,3,2025-09-21,TEN,IND,-6.0,43.5,20.0,41.0,-21.0,61.0,0.0,0.0,-6.0,43.5,18.75,24.75,IND,IND,MARKET
2025_03_IND_TEN,2025,3,2025-09-21,TEN,IND,-6.0,43.5,20.0,41.0,-21.0,61.0,-0.27730632802602434,1.0592034848951684,-6.277306328026024,44.55920348489517,19.140948578434575,25.418254906460596,IND,IND,WFS_CORE_IMPACT_REPLACEMENT_RESIDUAL
2025_03_IND_TEN,2025,3,2025-09-21,TEN,IND,-6.0,43.5,20.0,41.0,-21.0,61.0,-0.30129796605990844,0.30382435000437236,-6.301297966059908,43.80382435000437,18.75126319197223,25.052561158032137,IND,IND,WFS_CORE_IMPACT_RESIDUAL
2025_03_IND_TEN,2025,3,2025-09-21,TEN,IND,-6.0,43.5,20.0,41.0,-21.0,61.0,0.7277316468837867,0.6645664626896981,-5.272268353116213,44.1645664626897,19.446149054786744,24.718417407902955,IND,IND,WFS_CORE_RESIDUAL
2025_03_KC_NYG,2025,3,2025-09-21,NYG,KC,-6.0,44.5,9.0,22.0,-13.0,31.0,0.0,0.0,-6.0,44.5,19.25,25.25,KC,KC,MARKET
2025_03_KC_NYG,2025,3,2025-09-21,NYG,KC,-6.0,44.5,9.0,22.0,-13.0,31.0,-0.3657137907475916,1.029689303368625,-6.365713790747591,45.52968930336863,19.581987756310518,25.94770154705811,KC,KC,WFS_CORE_IMPACT_REPLACEMENT_RESIDUAL
2025_03_KC_NYG,2025,3,2025-09-21,NYG,KC,-6.0,44.5,9.0,22.0,-13.0,31.0,-0.21418040498580915,0.7165747444139434,-6.214180404985809,45.21657474441395,19.501197169714068,25.71537757469988,KC,KC,WFS_CORE_IMPACT_RESIDUAL
2025_03_KC_NYG,2025,3,2025-09-21,NYG,KC,-6.0,44.5,9.0,22.0,-13.0,31.0,0.49259408578945174,0.7050219962230878,-5.5074059142105485,45.20502199622309,19.84880804100627,25.35621395521682,KC,KC,WFS_CORE_RESIDUAL
2025_03_LA_PHI,2025,3,2025-09-21,PHI,LA,3.5,45.5,33.0,26.0,7.0,59.0,0.0,0.0,3.5,45.5,24.5,21.0,PHI,PHI,MARKET
2025_03_LA_PHI,2025,3,2025-09-21,PHI,LA,3.5,45.5,33.0,26.0,7.0,59.0,1.3212396827549298,0.5735674335777635,4.82123968275493,46.073567433577765,25.447403558166346,20.626163875411418,PHI,PHI,WFS_CORE_IMPACT_REPLACEMENT_RESIDUAL
2025_03_LA_PHI,2025,3,2025-09-21,PHI,LA,3.5,45.5,33.0,26.0,7.0,59.0,2.596982357424864,1.2456451031450873,6.096982357424864,46.74564510314509,26.421313730284975,20.32433137286011,PHI,PHI,WFS_CORE_IMPACT_RESIDUAL
2025_03_LA_PHI,2025,3,2025-09-21,PHI,LA,3.5,45.5,33.0,26.0,7.0,59.0,2.9083766503650073,2.372654107599426,6.408376650365007,47.87265410759942,27.140515378982215,20.73213872861721,PHI,PHI,WFS_CORE_RESIDUAL
2025_03_LV_WAS,2025,3,2025-09-21,WAS,LV,2.5,43.5,41.0,24.0,17.0,65.0,0.0,0.0,2.5,43.5,23.0,20.5,WAS,WAS,MARKET
2025_03_LV_WAS,2025,3,2025-09-21,WAS,LV,2.5,43.5,41.0,24.0,17.0,65.0,-2.0468188426771543,2.4156342534742246,0.4531811573228457,45.915634253474224,23.184407705398534,22.73122654807569,WAS,WAS,WFS_CORE_IMPACT_REPLACEMENT_RESIDUAL
2025_03_LV_WAS,2025,3,2025-09-21,WAS,LV,2.5,43.5,41.0,24.0,17.0,65.0,-0.8458008415696033,1.7053444761261423,1.6541991584303966,45.20534447612614,23.42977181727827,21.775572658847874,WAS,WAS,WFS_CORE_IMPACT_RESIDUAL
2025_03_LV_WAS,2025,3,2025-09-21,WAS,LV,2.5,43.5,41.0,24.0,17.0,65.0,0.6046821675693164,1.780431601813157,3.104682167569316,45.280431601813156,24.192556884691236,21.08787471712192,WAS,WAS,WFS_CORE_RESIDUAL
2025_03_NO_SEA,2025,3,2025-09-21,SEA,NO,7.5,41.5,44.0,13.0,31.0,57.0,0.0,0.0,7.5,41.5,24.5,17.0,SEA,SEA,MARKET
2025_03_NO_SEA,2025,3,2025-09-21,SEA,NO,7.5,41.5,44.0,13.0,31.0,57.0,-0.5155074501333161,1.0138709962295982,6.984492549866684,42.5138709962296,24.749181773048143,17.764689223181456,SEA,SEA,WFS_CORE_IMPACT_REPLACEMENT_RESIDUAL
2025_03_NO_SEA,2025,3,2025-09-21,SEA,NO,7.5,41.5,44.0,13.0,31.0,57.0,1.1385271055625512,1.4533528876402064,8.63852710556255,42.95335288764021,25.79593999660138,17.157412891038827,SEA,SEA,WFS_CORE_IMPACT_RESIDUAL
2025_03_NO_SEA,2025,3,2025-09-21,SEA,NO,7.5,41.5,44.0,13.0,31.0,57.0,0.715533544171189,1.8572061722646371,8.215533544171189,43.35720617226464,25.786369858217913,17.570836314046726,SEA,SEA,WFS_CORE_RESIDUAL
2025_03_NYJ_TB,2025,3,2025-09-21,TB,NYJ,6.5,43.5,29.0,27.0,2.0,56.0,0.0,0.0,6.5,43.5,25.0,18.5,TB,TB,MARKET
2025_03_NYJ_TB,2025,3,2025-09-21,TB,NYJ,6.5,43.5,29.0,27.0,2.0,56.0,-0.5698074428767502,2.0691642579526692,5.93019255712325,45.56916425795267,25.74967840753796,19.81948585041471,TB,TB,WFS_CORE_IMPACT_REPLACEMENT_RESIDUAL
2025_03_NYJ_TB,2025,3,2025-09-21,TB,NYJ,6.5,43.5,29.0,27.0,2.0,56.0,2.582727989226978,3.008115666782368,9.082727989226978,46.508115666782366,27.79542182800467,18.712693838777696,TB,TB,WFS_CORE_IMPACT_RESIDUAL
2025_03_NYJ_TB,2025,3,2025-09-21,TB,NYJ,6.5,43.5,29.0,27.0,2.0,56.0,0.7337975500240468,2.088182452484879,7.233797550024047,45.58818245248488,26.41099000125446,19.177192451230418,TB,TB,WFS_CORE_RESIDUAL
2025_03_PIT_NE,2025,3,2025-09-21,NE,PIT,-1.5,44.5,14.0,21.0,-7.0,35.0,0.0,0.0,-1.5,44.5,21.5,23.0,PIT,PIT,MARKET
2025_03_PIT_NE,2025,3,2025-09-21,NE,PIT,-1.5,44.5,14.0,21.0,-7.0,35.0,0.5186306400510855,2.0809586207317743,-0.9813693599489145,46.58095862073178,22.799794630391432,23.781163990340346,PIT,PIT,WFS_CORE_IMPACT_REPLACEMENT_RESIDUAL
2025_03_PIT_NE,2025,3,2025-09-21,NE,PIT,-1.5,44.5,14.0,21.0,-7.0,35.0,0.6979078240313481,2.0664352320629664,-0.8020921759686519,46.566435232062965,22.882171528047156,23.68426370401581,PIT,PIT,WFS_CORE_IMPACT_RESIDUAL
2025_03_PIT_NE,2025,3,2025-09-21,NE,PIT,-1.5,44.5,14.0,21.0,-7.0,35.0,0.9526915291904903,1.3627028277178117,-0.5473084708095097,45.86270282771781,22.65769717845415,23.20500564926366,PIT,PIT,WFS_CORE_RESIDUAL
2025_03_DET_BAL,2025,3,2025-09-22,BAL,DET,4.5,53.5,30.0,38.0,-8.0,68.0,0.0,0.0,4.5,53.5,29.0,24.5,DET,BAL,MARKET
2025_03_DET_BAL,2025,3,2025-09-22,BAL,DET,4.5,53.5,30.0,38.0,-8.0,68.0,-1.5819086301736338,2.581684947214697,2.9180913698263664,56.0816849472147,29.49988815852053,26.581796788694167,DET,BAL,WFS_CORE_IMPACT_REPLACEMENT_RESIDUAL
2025_03_DET_BAL,2025,3,2025-09-22,BAL,DET,4.5,53.5,30.0,38.0,-8.0,68.0,0.11996030258951379,2.442171639046788,4.619960302589514,55.94217163904679,30.28106597081815,25.66110566822864,DET,BAL,WFS_CORE_IMPACT_RESIDUAL
2025_03_DET_BAL,2025,3,2025-09-22,BAL,DET,4.5,53.5,30.0,38.0,-8.0,68.0,2.0116837157996508,1.8334494080071537,6.51168371579965,55.333449408007155,30.922566561903402,24.410882846103753,DET,BAL,WFS_CORE_RESIDUAL
2025_04_SEA_ARI,2025,4,2025-09-25,ARI,SEA,-1.5,43.5,20.0,23.0,-3.0,43.0,0.0,0.0,-1.5,43.5,21.0,22.5,SEA,SEA,MARKET
2025_04_SEA_ARI,2025,4,2025-09-25,ARI,SEA,-1.5,43.5,20.0,23.0,-3.0,43.0,-0.6476021407793598,-0.033438911967462494,-2.1476021407793597,43.466561088032535,20.659479473626586,22.80708161440595,SEA,SEA,WFS_CORE_IMPACT_REPLACEMENT_RESIDUAL
2025_04_SEA_ARI,2025,4,2025-09-25,ARI,SEA,-1.5,43.5,20.0,23.0,-3.0,43.0,0.873021214164089,0.4484203030742947,-0.626978785835911,43.94842030307429,21.660720758619192,22.2876995444551,SEA,SEA,WFS_CORE_IMPACT_RESIDUAL
2025_04_SEA_ARI,2025,4,2025-09-25,ARI,SEA,-1.5,43.5,20.0,23.0,-3.0,43.0,0.675414670072117,1.4491169660566925,-0.824585329927883,44.94911696605669,22.062265818064404,22.88685114799229,SEA,SEA,WFS_CORE_RESIDUAL
2025_04_BAL_KC,2025,4,2025-09-28,KC,BAL,-2.5,48.5,37.0,20.0,17.0,57.0,0.0,0.0,-2.5,48.5,23.0,25.5,KC,BAL,MARKET
2025_04_BAL_KC,2025,4,2025-09-28,KC,BAL,-2.5,48.5,37.0,20.0,17.0,57.0,0.533506899520319,1.9069975830641999,-1.9664931004796808,50.4069975830642,24.220252241292258,26.18674534177194,KC,BAL,WFS_CORE_IMPACT_REPLACEMENT_RESIDUAL
2025_04_BAL_KC,2025,4,2025-09-28,KC,BAL,-2.5,48.5,37.0,20.0,17.0,57.0,0.9102020076549879,1.9533009496933509,-1.589797992345012,50.45330094969335,24.43175147867417,26.02154947101918,KC,BAL,WFS_CORE_IMPACT_RESIDUAL
2025_04_BAL_KC,2025,4,2025-09-28,KC,BAL,-2.5,48.5,37.0,20.0,17.0,57.0,0.6129705842058486,1.7604233568643042,-1.8870294157941514,50.2604233568643,24.186696970535074,26.073726386329227,KC,BAL,WFS_CORE_RESIDUAL
2025_04_CAR_NE,2025,4,2025-09-28,NE,CAR,5.5,42.5,42.0,13.0,29.0,55.0,0.0,0.0,5.5,42.5,24.0,18.5,NE,NE,MARKET
2025_04_CAR_NE,2025,4,2025-09-28,NE,CAR,5.5,42.5,42.0,13.0,29.0,55.0,3.1296415390246968,2.226509269391063,8.629641539024696,44.726509269391066,26.67807540420788,18.048433865183185,NE,NE,WFS_CORE_IMPACT_REPLACEMENT_RESIDUAL
2025_04_CAR_NE,2025,4,2025-09-28,NE,CAR,5.5,42.5,42.0,13.0,29.0,55.0,3.395959942432624,2.2889841422267354,8.895959942432624,44.78898414222674,26.842472042329682,17.946512099897056,NE,NE,WFS_CORE_IMPACT_RESIDUAL
2025_04_CAR_NE,2025,4,2025-09-28,NE,CAR,5.5,42.5,42.0,13.0,29.0,55.0,0.9144658928170294,1.7673306962751247,6.414465892817029,44.267330696275124,25.340898294546076,18.92643240172905,NE,NE,WFS_CORE_RESIDUAL
2025_04_CHI_LV,2025,4,2025-09-28,LV,CHI,1.5,47.5,24.0,25.0,-1.0,49.0,0.0,0.0,1.5,47.5,24.5,23.0,CHI,LV,MARKET
2025_04_CHI_LV,2025,4,2025-09-28,LV,CHI,1.5,47.5,24.0,25.0,-1.0,49.0,-1.9216961899689502,1.1739125556463283,-0.4216961899689502,48.673912555646325,24.12610818283869,24.547804372807636,CHI,CHI,WFS_CORE_IMPACT_REPLACEMENT_RESIDUAL
2025_04_CHI_LV,2025,4,2025-09-28,LV,CHI,1.5,47.5,24.0,25.0,-1.0,49.0,-0.9321661653306451,1.4420399998130116,0.5678338346693549,48.94203999981301,24.754936917241185,24.187103082571827,CHI,LV,WFS_CORE_IMPACT_RESIDUAL
2025_04_CHI_LV,2025,4,2025-09-28,LV,CHI,1.5,47.5,24.0,25.0,-1.0,49.0,-0.4265484475627043,0.3979644012542919,1.0734515524372956,47.89796440125429,24.485707976845795,23.412256424408497,CHI,LV,WFS_CORE_RESIDUAL
2025_04_CLE_DET,2025,4,2025-09-28,DET,CLE,10.0,44.5,34.0,10.0,24.0,44.0,0.0,0.0,10.0,44.5,27.25,17.25,DET,DET,MARKET
2025_04_CLE_DET,2025,4,2025-09-28,DET,CLE,10.0,44.5,34.0,10.0,24.0,44.0,0.37871858575078216,2.6392167016747416,10.378718585750782,47.13921670167474,28.75896764371276,18.38024905796198,DET,DET,WFS_CORE_IMPACT_REPLACEMENT_RESIDUAL
2025_04_CLE_DET,2025,4,2025-09-28,DET,CLE,10.0,44.5,34.0,10.0,24.0,44.0,1.256774025722655,2.1494616858060605,11.256774025722654,46.64946168580606,28.953117855764358,17.6963438300417,DET,DET,WFS_CORE_IMPACT_RESIDUAL
2025_04_CLE_DET,2025,4,2025-09-28,DET,CLE,10.0,44.5,34.0,10.0,24.0,44.0,1.4584654434709454,2.749616185827556,11.458465443470946,47.249616185827556,29.354040814649252,17.895575371178303,DET,DET,WFS_CORE_RESIDUAL
2025_04_GB_DAL,2025,4,2025-09-28,DAL,GB,-7.0,47.5,40.0,40.0,0.0,80.0,0.0,0.0,-7.0,47.5,20.25,27.25,TIE,GB,MARKET
2025_04_GB_DAL,2025,4,2025-09-28,DAL,GB,-7.0,47.5,40.0,40.0,0.0,80.0,-3.5663512212329365,-0.20536673259059876,-10.566351221232937,47.2946332674094,18.364141023088234,28.93049224432117,TIE,GB,WFS_CORE_IMPACT_REPLACEMENT_RESIDUAL
2025_04_GB_DAL,2025,4,2025-09-28,DAL,GB,-7.0,47.5,40.0,40.0,0.0,80.0,-0.9378224649098146,0.2542431924719656,-7.937822464909814,47.75424319247197,19.908210363781077,27.84603282869089,TIE,GB,WFS_CORE_IMPACT_RESIDUAL
2025_04_GB_DAL,2025,4,2025-09-28,DAL,GB,-7.0,47.5,40.0,40.0,0.0,80.0,-0.17263240625979168,1.5482109508921282,-7.172632406259791,49.04821095089213,20.937789272316166,28.11042167857596,TIE,GB,WFS_CORE_RESIDUAL
2025_04_IND_LA,2025,4,2025-09-28,LA,IND,3.5,49.5,27.0,20.0,7.0,47.0,0.0,0.0,3.5,49.5,26.5,23.0,LA,LA,MARKET
2025_04_IND_LA,2025,4,2025-09-28,LA,IND,3.5,49.5,27.0,20.0,7.0,47.0,2.4941870482819755,2.241078181511542,5.994187048281976,51.74107818151154,28.867632614896756,22.873445566614784,LA,LA,WFS_CORE_IMPACT_REPLACEMENT_RESIDUAL
2025_04_IND_LA,2025,4,2025-09-28,LA,IND,3.5,49.5,27.0,20.0,7.0,47.0,2.712759041708395,2.2373394322474818,6.212759041708395,51.73733943224748,28.975049236977938,22.762290195269543,LA,LA,WFS_CORE_IMPACT_RESIDUAL
2025_04_IND_LA,2025,4,2025-09-28,LA,IND,3.5,49.5,27.0,20.0,7.0,47.0,0.9662969574839653,1.6914531600461091,4.466296957483966,51.19145316004611,27.828875058765036,23.362578101281073,LA,LA,WFS_CORE_RESIDUAL
2025_04_JAX_SF,2025,4,2025-09-28,SF,JAX,3.5,45.5,21.0,26.0,-5.0,47.0,0.0,0.0,3.5,45.5,24.5,21.0,JAX,SF,MARKET
2025_04_JAX_SF,2025,4,2025-09-28,SF,JAX,3.5,45.5,21.0,26.0,-5.0,47.0,0.4535400916072886,0.6804691543981659,3.9535400916072887,46.18046915439817,25.067004623002727,21.11346453139544,JAX,SF,WFS_CORE_IMPACT_REPLACEMENT_RESIDUAL
2025_04_JAX_SF,2025,4,2025-09-28,SF,JAX,3.5,45.5,21.0,26.0,-5.0,47.0,0.9579912897014458,0.8609252105756544,4.457991289701446,46.36092521057565,25.40945825013855,20.951466960437102,JAX,SF,WFS_CORE_IMPACT_RESIDUAL
2025_04_JAX_SF,2025,4,2025-09-28,SF,JAX,3.5,45.5,21.0,26.0,-5.0,47.0,1.0186090260001002,2.0215418294868495,4.5186090260001,47.52154182948685,26.020075427743475,21.501466401743375,JAX,SF,WFS_CORE_RESIDUAL
2025_04_LAC_NYG,2025,4,2025-09-28,NYG,LAC,-6.0,43.5,21.0,18.0,3.0,39.0,0.0,0.0,-6.0,43.5,18.75,24.75,NYG,LAC,MARKET
2025_04_LAC_NYG,2025,4,2025-09-28,NYG,LAC,-6.0,43.5,21.0,18.0,3.0,39.0,-1.407340893562545,1.5560516655909888,-7.407340893562545,45.05605166559099,18.824355386014222,26.23169627957677,NYG,LAC,WFS_CORE_IMPACT_REPLACEMENT_RESIDUAL
2025_04_LAC_NYG,2025,4,2025-09-28,NYG,LAC,-6.0,43.5,21.0,18.0,3.0,39.0,1.5958862108132785,0.8873223647675474,-4.404113789186722,44.38732236476755,19.991604287790413,24.395718076977136,NYG,LAC,WFS_CORE_IMPACT_RESIDUAL
2025_04_LAC_NYG,2025,4,2025-09-28,NYG,LAC,-6.0,43.5,21.0,18.0,3.0,39.0,0.5313920018643108,1.5913868311170383,-5.468607998135689,45.091386831117035,19.811389416490673,25.27999741462636,NYG,LAC,WFS_CORE_RESIDUAL
2025_04_MIN_PIT,2025,4,2025-09-28,PIT,MIN,-2.5,41.5,24.0,21.0,3.0,45.0,0.0,0.0,-2.5,41.5,19.5,22.0,PIT,MIN,MARKET
2025_04_MIN_PIT,2025,4,2025-09-28,PIT,MIN,-2.5,41.5,24.0,21.0,3.0,45.0,2.348159569342272,1.8052645871282968,-0.15184043065772812,43.3052645871283,21.576712078235285,21.728552508893014,PIT,MIN,WFS_CORE_IMPACT_REPLACEMENT_RESIDUAL
2025_04_MIN_PIT,2025,4,2025-09-28,PIT,MIN,-2.5,41.5,24.0,21.0,3.0,45.0,2.489304014006713,1.8352036472584647,-0.010695985993287138,43.33520364725847,21.66225383063259,21.672949816625877,PIT,MIN,WFS_CORE_IMPACT_RESIDUAL
2025_04_MIN_PIT,2025,4,2025-09-28,PIT,MIN,-2.5,41.5,24.0,21.0,3.0,45.0,-0.10515477354445849,0.9080285826495603,-2.6051547735444585,42.40802858264956,19.90143690455255,22.506591678097006,PIT,MIN,WFS_CORE_RESIDUAL
2025_04_NO_BUF,2025,4,2025-09-28,BUF,NO,15.5,48.5,31.0,19.0,12.0,50.0,0.0,0.0,15.5,48.5,32.0,16.5,BUF,BUF,MARKET
2025_04_NO_BUF,2025,4,2025-09-28,BUF,NO,15.5,48.5,31.0,19.0,12.0,50.0,0.14454921541002488,2.8346025099825156,15.644549215410025,51.33460250998252,33.48957586269627,17.845026647286247,BUF,BUF,WFS_CORE_IMPACT_REPLACEMENT_RESIDUAL
2025_04_NO_BUF,2025,4,2025-09-28,BUF,NO,15.5,48.5,31.0,19.0,12.0,50.0,0.29950131253098666,2.8606488863463815,15.799501312530987,51.36064888634638,33.58007509943869,17.7805737869077,BUF,BUF,WFS_CORE_IMPACT_RESIDUAL
2025_04_NO_BUF,2025,4,2025-09-28,BUF,NO,15.5,48.5,31.0,19.0,12.0,50.0,1.1668974760615776,2.819036924416703,16.66689747606158,51.3190369244167,33.992967200239136,17.32606972417756,BUF,BUF,WFS_CORE_RESIDUAL
2025_04_PHI_TB,2025,4,2025-09-28,TB,PHI,-3.5,44.5,25.0,31.0,-6.0,56.0,0.0,0.0,-3.5,44.5,20.5,24.0,PHI,PHI,MARKET
2025_04_PHI_TB,2025,4,2025-09-28,TB,PHI,-3.5,44.5,25.0,31.0,-6.0,56.0,-0.16501789093466293,0.6098986626975925,-3.665017890934663,45.109898662697596,20.722440385881466,24.38745827681613,PHI,PHI,WFS_CORE_IMPACT_REPLACEMENT_RESIDUAL
2025_04_PHI_TB,2025,4,2025-09-28,TB,PHI,-3.5,44.5,25.0,31.0,-6.0,56.0,1.2836664320730033,0.6690162452082017,-2.2163335679269967,45.169016245208205,21.476341338640605,23.6926749065676,PHI,PHI,WFS_CORE_IMPACT_RESIDUAL
2025_04_PHI_TB,2025,4,2025-09-28,TB,PHI,-3.5,44.5,25.0,31.0,-6.0,56.0,1.9505342804137675,1.6261772928884763,-1.5494657195862325,46.12617729288848,22.288355786651124,23.837821506237354,PHI,PHI,WFS_CORE_RESIDUAL
2025_04_TEN_HOU,2025,4,2025-09-28,HOU,TEN,7.5,39.5,26.0,0.0,26.0,26.0,0.0,0.0,7.5,39.5,23.5,16.0,HOU,HOU,MARKET
2025_04_TEN_HOU,2025,4,2025-09-28,HOU,TEN,7.5,39.5,26.0,0.0,26.0,26.0,0.3396580611625349,1.5670213499795054,7.839658061162535,41.067021349979505,24.453339705571018,16.613681644408487,HOU,HOU,WFS_CORE_IMPACT_REPLACEMENT_RESIDUAL
2025_04_TEN_HOU,2025,4,2025-09-28,HOU,TEN,7.5,39.5,26.0,0.0,26.0,26.0,0.5037507765606186,1.6118646700305834,8.003750776560619,41.111864670030585,24.557807723295603,16.55405694673498,HOU,HOU,WFS_CORE_IMPACT_RESIDUAL
2025_04_TEN_HOU,2025,4,2025-09-28,HOU,TEN,7.5,39.5,26.0,0.0,26.0,26.0,0.76664496294858,1.8428240012674457,8.26664496294858,41.342824001267445,24.804734482108014,16.53808951915943,HOU,HOU,WFS_CORE_RESIDUAL
2025_04_WAS_ATL,2025,4,2025-09-28,ATL,WAS,2.5,43.5,34.0,27.0,7.0,61.0,0.0,0.0,2.5,43.5,23.0,20.5,ATL,ATL,MARKET
2025_04_WAS_ATL,2025,4,2025-09-28,ATL,WAS,2.5,43.5,34.0,27.0,7.0,61.0,4.7981396128891785,2.8818655328905156,7.2981396128891785,46.381865532890515,26.840002572889848,19.541862960000667,ATL,ATL,WFS_CORE_IMPACT_REPLACEMENT_RESIDUAL
2025_04_WAS_ATL,2025,4,2025-09-28,ATL,WAS,2.5,43.5,34.0,27.0,7.0,61.0,5.1568573078976225,2.1286851062360506,7.6568573078976225,45.62868510623605,26.642771207066836,18.985913899169212,ATL,ATL,WFS_CORE_IMPACT_RESIDUAL
2025_04_WAS_ATL,2025,4,2025-09-28,ATL,WAS,2.5,43.5,34.0,27.0,7.0,61.0,0.620306901156639,1.3811789066373275,3.120306901156639,44.88117890663733,24.000742903896985,20.880436002740346,ATL,ATL,WFS_CORE_RESIDUAL
2025_04_CIN_DEN,2025,4,2025-09-29,DEN,CIN,7.5,44.5,28.0,3.0,25.0,31.0,0.0,0.0,7.5,44.5,26.0,18.5,DEN,DEN,MARKET
2025_04_CIN_DEN,2025,4,2025-09-29,DEN,CIN,7.5,44.5,28.0,3.0,25.0,31.0,1.029910279478729,0.8715537877534387,8.52991027947873,45.37155378775344,26.950732033616084,18.420821754137357,DEN,DEN,WFS_CORE_IMPACT_REPLACEMENT_RESIDUAL
2025_04_CIN_DEN,2025,4,2025-09-29,DEN,CIN,7.5,44.5,28.0,3.0,25.0,31.0,1.3574308013308147,0.9181634983770209,8.857430801330814,45.41816349837702,27.137797149853917,18.280366348523103,DEN,DEN,WFS_CORE_IMPACT_RESIDUAL
2025_04_CIN_DEN,2025,4,2025-09-29,DEN,CIN,7.5,44.5,28.0,3.0,25.0,31.0,0.8880804769255987,1.2736163097691533,8.388080476925598,45.77361630976915,27.080848393347374,18.69276791642178,DEN,DEN,WFS_CORE_RESIDUAL
2025_04_NYJ_MIA,2025,4,2025-09-29,MIA,NYJ,2.5,44.5,27.0,21.0,6.0,48.0,0.0,0.0,2.5,44.5,23.5,21.0,MIA,MIA,MARKET
2025_04_NYJ_MIA,2025,4,2025-09-29,MIA,NYJ,2.5,44.5,27.0,21.0,6.0,48.0,-1.5612947992857718,1.2241842014980466,0.9387052007142282,45.72418420149805,23.33144470110614,22.392739500391908,MIA,MIA,WFS_CORE_IMPACT_REPLACEMENT_RESIDUAL
2025_04_NYJ_MIA,2025,4,2025-09-29,MIA,NYJ,2.5,44.5,27.0,21.0,6.0,48.0,-1.3894099415238874,1.2799966716334457,1.1105900584761126,45.77999667163345,23.44529336505478,22.334703306578668,MIA,MIA,WFS_CORE_IMPACT_RESIDUAL
2025_04_NYJ_MIA,2025,4,2025-09-29,MIA,NYJ,2.5,44.5,27.0,21.0,6.0,48.0,-0.9706414088139975,0.3035754188713536,1.5293585911860026,44.803575418871354,23.16646700502868,21.637108413842675,MIA,MIA,WFS_CORE_RESIDUAL
2025_05_SF_LA,2025,5,2025-10-02,LA,SF,8.5,43.5,23.0,26.0,-3.0,49.0,0.0,0.0,8.5,43.5,26.0,17.5,SF,LA,MARKET
2025_05_SF_LA,2025,5,2025-10-02,LA,SF,8.5,43.5,23.0,26.0,-3.0,49.0,6.524847499462771,3.9514825799076347,15.024847499462771,47.45148257990763,31.238165039685203,16.21331754022243,SF,LA,WFS_CORE_IMPACT_REPLACEMENT_RESIDUAL
2025_05_SF_LA,2025,5,2025-10-02,LA,SF,8.5,43.5,23.0,26.0,-3.0,49.0,7.022322773295276,3.923117233420989,15.522322773295276,47.42311723342099,31.472720003358134,15.950397230062856,SF,LA,WFS_CORE_IMPACT_RESIDUAL
2025_05_SF_LA,2025,5,2025-10-02,LA,SF,8.5,43.5,23.0,26.0,-3.0,49.0,1.6914707017020665,2.3154652905009376,10.191470701702066,45.81546529050094,28.003467996101502,17.811997294399436,SF,LA,WFS_CORE_RESIDUAL
2025_05_DAL_NYJ,2025,5,2025-10-05,NYJ,DAL,1.5,48.5,22.0,37.0,-15.0,59.0,0.0,0.0,1.5,48.5,25.0,23.5,DAL,NYJ,MARKET
2025_05_DAL_NYJ,2025,5,2025-10-05,NYJ,DAL,1.5,48.5,22.0,37.0,-15.0,59.0,4.8264317374243175,2.4017427906675004,6.3264317374243175,50.9017427906675,28.614087264045907,22.28765552662159,DAL,NYJ,WFS_CORE_IMPACT_REPLACEMENT_RESIDUAL
2025_05_DAL_NYJ,2025,5,2025-10-05,NYJ,DAL,1.5,48.5,22.0,37.0,-15.0,59.0,3.296420790466079,1.5796666293850117,4.79642079046608,50.07966662938501,27.438043709925545,22.641622919459465,DAL,NYJ,WFS_CORE_IMPACT_RESIDUAL
2025_05_DAL_NYJ,2025,5,2025-10-05,NYJ,DAL,1.5,48.5,22.0,37.0,-15.0,59.0,-0.3164219772500291,0.6762722514259437,1.183578022749971,49.17627225142594,25.179925137087956,23.996347114337986,DAL,NYJ,WFS_CORE_RESIDUAL
2025_05_DEN_PHI,2025,5,2025-10-05,PHI,DEN,3.5,44.5,17.0,21.0,-4.0,38.0,0.0,0.0,3.5,44.5,24.0,20.5,DEN,PHI,MARKET
2025_05_DEN_PHI,2025,5,2025-10-05,PHI,DEN,3.5,44.5,17.0,21.0,-4.0,38.0,1.6040173739995733,2.766783431648425,5.104017373999573,47.26678343164843,26.185400402824,21.081383028824426,DEN,PHI,WFS_CORE_IMPACT_REPLACEMENT_RESIDUAL
2025_05_DEN_PHI,2025,5,2025-10-05,PHI,DEN,3.5,44.5,17.0,21.0,-4.0,38.0,1.7355458887799533,2.3794516889836115,5.235545888779953,46.879451688983615,26.057498788881784,20.82195290010183,DEN,PHI,WFS_CORE_IMPACT_RESIDUAL
2025_05_DEN_PHI,2025,5,2025-10-05,PHI,DEN,3.5,44.5,17.0,21.0,-4.0,38.0,1.7235279160694967,3.013194140289211,5.2235279160694965,47.51319414028921,26.36836102817935,21.144833112109858,DEN,PHI,WFS_CORE_RESIDUAL
2025_05_DET_CIN,2025,5,2025-10-05,CIN,DET,-10.5,49.5,24.0,37.0,-13.0,61.0,0.0,0.0,-10.5,49.5,19.5,30.0,DET,DET,MARKET
2025_05_DET_CIN,2025,5,2025-10-05,CIN,DET,-10.5,49.5,24.0,37.0,-13.0,61.0,-1.42688263745545,1.1714564225008721,-11.92688263745545,50.671456422500874,19.372286892522713,31.299169529978162,DET,DET,WFS_CORE_IMPACT_REPLACEMENT_RESIDUAL
2025_05_DET_CIN,2025,5,2025-10-05,CIN,DET,-10.5,49.5,24.0,37.0,-13.0,61.0,-1.2647253186399408,1.2064361934673513,-11.764725318639941,50.706436193467354,19.470855437413707,31.235580756053647,DET,DET,WFS_CORE_IMPACT_RESIDUAL
2025_05_DET_CIN,2025,5,2025-10-05,CIN,DET,-10.5,49.5,24.0,37.0,-13.0,61.0,-1.0064855511331148,0.621037486018597,-11.506485551133114,50.121037486018594,19.30727596744274,30.813761518575852,DET,DET,WFS_CORE_RESIDUAL
2025_05_HOU_BAL,2025,5,2025-10-05,BAL,HOU,-2.5,41.5,10.0,44.0,-34.0,54.0,0.0,0.0,-2.5,41.5,19.5,22.0,HOU,HOU,MARKET
2025_05_HOU_BAL,2025,5,2025-10-05,BAL,HOU,-2.5,41.5,10.0,44.0,-34.0,54.0,-1.328132066827841,3.6865213222578026,-3.828132066827841,45.1865213222578,20.67919462771498,24.507326694542822,HOU,HOU,WFS_CORE_IMPACT_REPLACEMENT_RESIDUAL
2025_05_HOU_BAL,2025,5,2025-10-05,BAL,HOU,-2.5,41.5,10.0,44.0,-34.0,54.0,-0.4589336601987482,3.0695626607397006,-2.958933660198748,44.5695626607397,20.805314500270477,23.764248160469222,HOU,HOU,WFS_CORE_IMPACT_RESIDUAL
2025_05_HOU_BAL,2025,5,2025-10-05,BAL,HOU,-2.5,41.5,10.0,44.0,-34.0,54.0,0.7491672241145466,2.695330969442729,-1.7508327758854534,44.19533096944273,21.222249096778636,22.973081872664093,HOU,HOU,WFS_CORE_RESIDUAL
2025_05_LV_IND,2025,5,2025-10-05,IND,LV,7.0,46.5,40.0,6.0,34.0,46.0,0.0,0.0,7.0,46.5,26.75,19.75,IND,IND,MARKET
2025_05_LV_IND,2025,5,2025-10-05,IND,LV,7.0,46.5,40.0,6.0,34.0,46.0,0.596050270334885,0.7309793191377354,7.596050270334885,47.23097931913774,27.41351479473631,19.817464524401426,IND,IND,WFS_CORE_IMPACT_REPLACEMENT_RESIDUAL
2025_05_LV_IND,2025,5,2025-10-05,IND,LV,7.0,46.5,40.0,6.0,34.0,46.0,-0.24854148713690344,0.9151745596348422,6.751458512863096,47.41517455963484,27.08331653624897,20.331858023385873,IND,IND,WFS_CORE_IMPACT_RESIDUAL
2025_05_LV_IND,2025,5,2025-10-05,IND,LV,7.0,46.5,40.0,6.0,34.0,46.0,0.9875423147483718,1.8436135210059963,7.987542314748372,48.343613521006,28.165577917877187,20.178035603128812,IND,IND,WFS_CORE_RESIDUAL
2025_05_MIA_CAR,2025,5,2025-10-05,CAR,MIA,-1.5,44.5,27.0,24.0,3.0,51.0,0.0,0.0,-1.5,44.5,21.5,23.0,CAR,MIA,MARKET
2025_05_MIA_CAR,2025,5,2025-10-05,CAR,MIA,-1.5,44.5,27.0,24.0,3.0,51.0,-2.435883655324638,2.1433330368730887,-3.935883655324638,46.64333303687309,21.353724690774225,25.289608346098863,CAR,MIA,WFS_CORE_IMPACT_REPLACEMENT_RESIDUAL
2025_05_MIA_CAR,2025,5,2025-10-05,CAR,MIA,-1.5,44.5,27.0,24.0,3.0,51.0,-1.0774167663158345,1.57157962035902,-2.5774167663158343,46.07157962035902,21.74708142702159,24.324498193337426,CAR,MIA,WFS_CORE_IMPACT_RESIDUAL
2025_05_MIA_CAR,2025,5,2025-10-05,CAR,MIA,-1.5,44.5,27.0,24.0,3.0,51.0,-0.21386252062476596,1.0301476821000903,-1.713862520624766,45.53014768210009,21.908142580737664,23.62200510136243,CAR,MIA,WFS_CORE_RESIDUAL
2025_05_MIN_CLE,2025,5,2025-10-05,CLE,MIN,-3.5,35.5,17.0,21.0,-4.0,38.0,0.0,0.0,-3.5,35.5,16.0,19.5,MIN,MIN,MARKET
2025_05_MIN_CLE,2025,5,2025-10-05,CLE,MIN,-3.5,35.5,17.0,21.0,-4.0,38.0,3.229319606968624,2.2740771113341975,-0.2706803930313759,37.7740771113342,18.751698359151412,19.02237875218279,MIN,MIN,WFS_CORE_IMPACT_REPLACEMENT_RESIDUAL
2025_05_MIN_CLE,2025,5,2025-10-05,CLE,MIN,-3.5,35.5,17.0,21.0,-4.0,38.0,3.2260935443724246,2.2687249196283816,-0.27390645562757543,37.76872491962838,18.747409232000404,19.02131568762798,MIN,MIN,WFS_CORE_IMPACT_RESIDUAL
2025_05_MIN_CLE,2025,5,2025-10-05,CLE,MIN,-3.5,35.5,17.0,21.0,-4.0,38.0,-0.07913304376421759,0.8772367828646332,-3.5791330437642177,36.377236782864635,16.39905186955021,19.978184913314426,MIN,MIN,WFS_CORE_RESIDUAL
2025_05_NE_BUF,2025,5,2025-10-05,BUF,NE,7.5,49.5,20.0,23.0,-3.0,43.0,0.0,0.0,7.5,49.5,28.5,21.0,NE,BUF,MARKET
2025_05_NE_BUF,2025,5,2025-10-05,BUF,NE,7.5,49.5,20.0,23.0,-3.0,43.0,0.5339875763904263,3.1830876713917196,8.033987576390427,52.68308767139172,30.358537623891074,22.324550047500644,NE,BUF,WFS_CORE_IMPACT_REPLACEMENT_RESIDUAL
2025_05_NE_BUF,2025,5,2025-10-05,BUF,NE,7.5,49.5,20.0,23.0,-3.0,43.0,0.6067084527423727,2.730730058249464,8.106708452742373,52.23073005824946,30.16871925549592,22.062010802753544,NE,BUF,WFS_CORE_IMPACT_RESIDUAL
2025_05_NE_BUF,2025,5,2025-10-05,BUF,NE,7.5,49.5,20.0,23.0,-3.0,43.0,1.3448872023512697,2.678035690357421,8.84488720235127,52.17803569035742,30.511461446354346,21.666574244003073,NE,BUF,WFS_CORE_RESIDUAL
2025_05_NYG_NO,2025,5,2025-10-05,NO,NYG,1.5,41.5,26.0,14.0,12.0,40.0,0.0,0.0,1.5,41.5,21.5,20.0,NO,NO,MARKET
2025_05_NYG_NO,2025,5,2025-10-05,NO,NYG,1.5,41.5,26.0,14.0,12.0,40.0,-1.4120489058041963,0.38934793975074555,0.08795109419580371,41.88934793975075,20.988649516973275,20.900698422777474,NO,NO,WFS_CORE_IMPACT_REPLACEMENT_RESIDUAL
2025_05_NYG_NO,2025,5,2025-10-05,NO,NYG,1.5,41.5,26.0,14.0,12.0,40.0,-1.3745084946635222,-0.7238059109004773,0.1254915053364778,40.77619408909952,20.450842797217998,20.32535129188152,NO,NO,WFS_CORE_IMPACT_RESIDUAL
2025_05_NYG_NO,2025,5,2025-10-05,NO,NYG,1.5,41.5,26.0,14.0,12.0,40.0,-0.03679765163682677,-0.08271727137824966,1.4632023483631733,41.41728272862175,21.440242538492463,19.977040190129287,NO,NO,WFS_CORE_RESIDUAL
2025_05_TB_SEA,2025,5,2025-10-05,SEA,TB,3.5,44.5,35.0,38.0,-3.0,73.0,0.0,0.0,3.5,44.5,24.0,20.5,TB,SEA,MARKET
2025_05_TB_SEA,2025,5,2025-10-05,SEA,TB,3.5,44.5,35.0,38.0,-3.0,73.0,4.09393313806519,5.528925894670058,7.59393313806519,50.02892589467006,28.811429516367625,21.217496378302435,TB,SEA,WFS_CORE_IMPACT_REPLACEMENT_RESIDUAL
2025_05_TB_SEA,2025,5,2025-10-05,SEA,TB,3.5,44.5,35.0,38.0,-3.0,73.0,4.255691422707811,4.333696642353614,7.755691422707811,48.833696642353615,28.294694032530714,20.5390026098229,TB,SEA,WFS_CORE_IMPACT_RESIDUAL
2025_05_TB_SEA,2025,5,2025-10-05,SEA,TB,3.5,44.5,35.0,38.0,-3.0,73.0,1.7228970978910547,1.9456042094463615,5.222897097891055,46.44560420944636,25.834250653668708,20.61135355577765,TB,SEA,WFS_CORE_RESIDUAL
2025_05_TEN_ARI,2025,5,2025-10-05,ARI,TEN,7.5,41.5,21.0,22.0,-1.0,43.0,0.0,0.0,7.5,41.5,24.5,17.0,TEN,ARI,MARKET
2025_05_TEN_ARI,2025,5,2025-10-05,ARI,TEN,7.5,41.5,21.0,22.0,-1.0,43.0,0.9580699189744153,1.7766294763535464,8.458069918974415,43.27662947635355,25.867349697663983,17.409279778689566,TEN,ARI,WFS_CORE_IMPACT_REPLACEMENT_RESIDUAL
2025_05_TEN_ARI,2025,5,2025-10-05,ARI,TEN,7.5,41.5,21.0,22.0,-1.0,43.0,1.0906943652049674,1.431026037875538,8.590694365204968,42.93102603787554,25.760860201540254,17.170165836335286,TEN,ARI,WFS_CORE_IMPACT_RESIDUAL
2025_05_TEN_ARI,2025,5,2025-10-05,ARI,TEN,7.5,41.5,21.0,22.0,-1.0,43.0,0.8891045274651481,1.5128986271797702,8.389104527465149,43.01289862717977,25.70100157732246,17.31189704985731,TEN,ARI,WFS_CORE_RESIDUAL
2025_05_WAS_LAC,2025,5,2025-10-05,LAC,WAS,2.5,47.5,10.0,27.0,-17.0,37.0,0.0,0.0,2.5,47.5,25.0,22.5,WAS,LAC,MARKET
2025_05_WAS_LAC,2025,5,2025-10-05,LAC,WAS,2.5,47.5,10.0,27.0,-17.0,37.0,1.6159205744696796,1.4840015002066915,4.11592057446968,48.984001500206695,26.549961037338186,22.43404046286851,WAS,LAC,WFS_CORE_IMPACT_REPLACEMENT_RESIDUAL
2025_05_WAS_LAC,2025,5,2025-10-05,LAC,WAS,2.5,47.5,10.0,27.0,-17.0,37.0,2.0112048250515473,1.1902898529346526,4.511204825051547,48.690289852934654,26.600747338993102,22.089542513941552,WAS,LAC,WFS_CORE_IMPACT_RESIDUAL
2025_05_WAS_LAC,2025,5,2025-10-05,LAC,WAS,2.5,47.5,10.0,27.0,-17.0,37.0,-0.08175707541331576,1.4814732472554528,2.4182429245866843,48.98147324725545,25.69985808592107,23.281615161334383,WAS,LAC,WFS_CORE_RESIDUAL
2025_05_KC_JAX,2025,5,2025-10-06,JAX,KC,-3.5,45.5,31.0,28.0,3.0,59.0,0.0,0.0,-3.5,45.5,21.0,24.5,JAX,KC,MARKET
2025_05_KC_JAX,2025,5,2025-10-06,JAX,KC,-3.5,45.5,31.0,28.0,3.0,59.0,0.5475003628602626,1.8660320739566854,-2.9524996371397374,47.36603207395669,22.206766218408475,25.159265855548213,JAX,KC,WFS_CORE_IMPACT_REPLACEMENT_RESIDUAL
2025_05_KC_JAX,2025,5,2025-10-06,JAX,KC,-3.5,45.5,31.0,28.0,3.0,59.0,0.7619424079800199,1.9042556769344205,-2.73805759201998,47.40425567693442,22.33309904245722,25.071156634477198,JAX,KC,WFS_CORE_IMPACT_RESIDUAL
2025_05_KC_JAX,2025,5,2025-10-06,JAX,KC,-3.5,45.5,31.0,28.0,3.0,59.0,1.066275061450267,2.6068502823943307,-2.433724938549733,48.10685028239433,22.8365626719223,25.27028761047203,JAX,KC,WFS_CORE_RESIDUAL
2025_06_PHI_NYG,2025,6,2025-10-09,NYG,PHI,-7.0,40.5,34.0,17.0,17.0,51.0,0.0,0.0,-7.0,40.5,16.75,23.75,NYG,PHI,MARKET
2025_06_PHI_NYG,2025,6,2025-10-09,NYG,PHI,-7.0,40.5,34.0,17.0,17.0,51.0,-0.28674425458653763,-0.4367999123092472,-7.286744254586537,40.06320008769075,16.388227916552108,23.674972171138645,NYG,PHI,WFS_CORE_IMPACT_REPLACEMENT_RESIDUAL
2025_06_PHI_NYG,2025,6,2025-10-09,NYG,PHI,-7.0,40.5,34.0,17.0,17.0,51.0,1.2823244737333142,0.1281731115900634,-5.717675526266686,40.628173111590066,17.45524879266169,23.172924318928377,NYG,PHI,WFS_CORE_IMPACT_RESIDUAL
2025_06_PHI_NYG,2025,6,2025-10-09,NYG,PHI,-7.0,40.5,34.0,17.0,17.0,51.0,1.5105244067615553,0.9737747135362314,-5.489475593238445,41.47377471353623,17.992149560148892,23.481625153387338,NYG,PHI,WFS_CORE_RESIDUAL
2025_06_ARI_IND,2025,6,2025-10-12,IND,ARI,8.5,46.5,31.0,27.0,4.0,58.0,0.0,0.0,8.5,46.5,27.5,19.0,IND,IND,MARKET
2025_06_ARI_IND,2025,6,2025-10-12,IND,ARI,8.5,46.5,31.0,27.0,4.0,58.0,1.7030659660916034,2.722194956181056,10.203065966091604,49.222194956181056,29.712630461136328,19.509564495044728,IND,IND,WFS_CORE_IMPACT_REPLACEMENT_RESIDUAL
2025_06_ARI_IND,2025,6,2025-10-12,IND,ARI,8.5,46.5,31.0,27.0,4.0,58.0,1.0353468471384155,2.5766060722484245,9.535346847138415,49.076606072248424,29.30597645969342,19.770629612555005,IND,IND,WFS_CORE_IMPACT_RESIDUAL
2025_06_ARI_IND,2025,6,2025-10-12,IND,ARI,8.5,46.5,31.0,27.0,4.0,58.0,1.6700589069703005,2.9165369719118015,10.1700589069703,49.4165369719118,29.793297939441054,19.62323903247075,IND,IND,WFS_CORE_RESIDUAL
2025_06_CIN_GB,2025,6,2025-10-12,GB,CIN,14.0,44.5,27.0,18.0,9.0,45.0,0.0,0.0,14.0,44.5,29.25,15.25,GB,GB,MARKET
2025_06_CIN_GB,2025,6,2025-10-12,GB,CIN,14.0,44.5,27.0,18.0,9.0,45.0,0.2784361483451244,-0.023917229954817376,14.278436148345124,44.47608277004518,29.37725945919515,15.09882331085003,GB,GB,WFS_CORE_IMPACT_REPLACEMENT_RESIDUAL
2025_06_CIN_GB,2025,6,2025-10-12,GB,CIN,14.0,44.5,27.0,18.0,9.0,45.0,0.6718526035673005,-0.3268125826547571,14.6718526035673,44.17318741734524,29.42252001045627,14.750667406888969,GB,GB,WFS_CORE_IMPACT_RESIDUAL
2025_06_CIN_GB,2025,6,2025-10-12,GB,CIN,14.0,44.5,27.0,18.0,9.0,45.0,1.1556595152867626,0.70142165207461,15.155659515286763,45.20142165207461,30.178540583680686,15.022881068393922,GB,GB,WFS_CORE_RESIDUAL
2025_06_CLE_PIT,2025,6,2025-10-12,PIT,CLE,5.5,37.5,23.0,9.0,14.0,32.0,0.0,0.0,5.5,37.5,21.5,16.0,PIT,PIT,MARKET
2025_06_CLE_PIT,2025,6,2025-10-12,PIT,CLE,5.5,37.5,23.0,9.0,14.0,32.0,0.3377250122235306,0.8336365459266754,5.8377250122235305,38.33363654592667,22.0856807790751,16.24795576685157,PIT,PIT,WFS_CORE_IMPACT_REPLACEMENT_RESIDUAL
2025_06_CLE_PIT,2025,6,2025-10-12,PIT,CLE,5.5,37.5,23.0,9.0,14.0,32.0,0.5512123258118329,0.8488460751132845,6.051212325811833,38.348846075113286,22.20002920046256,16.148816874650727,PIT,PIT,WFS_CORE_IMPACT_RESIDUAL
2025_06_CLE_PIT,2025,6,2025-10-12,PIT,CLE,5.5,37.5,23.0,9.0,14.0,32.0,0.9393981677379647,1.1934348041314988,6.439398167737965,38.6934348041315,22.56641648593473,16.127018318196768,PIT,PIT,WFS_CORE_RESIDUAL
2025_06_DAL_CAR,2025,6,2025-10-12,CAR,DAL,-3.0,47.5,30.0,27.0,3.0,57.0,0.0,0.0,-3.0,47.5,22.25,25.25,CAR,DAL,MARKET
2025_06_DAL_CAR,2025,6,2025-10-12,CAR,DAL,-3.0,47.5,30.0,27.0,3.0,57.0,3.6834312197638774,1.4865277558727814,0.6834312197638774,48.98652775587278,24.834979487818327,24.15154826805445,CAR,CAR,WFS_CORE_IMPACT_REPLACEMENT_RESIDUAL
2025_06_DAL_CAR,2025,6,2025-10-12,CAR,DAL,-3.0,47.5,30.0,27.0,3.0,57.0,3.955908125828413,1.054551883619641,0.955908125828413,48.55455188361964,24.755230004724027,23.79932187889561,CAR,CAR,WFS_CORE_IMPACT_RESIDUAL
2025_06_DAL_CAR,2025,6,2025-10-12,CAR,DAL,-3.0,47.5,30.0,27.0,3.0,57.0,0.474997554100301,0.10550082320118384,-2.525002445899699,47.60550082320118,22.54024918865074,25.065251634550442,CAR,DAL,WFS_CORE_RESIDUAL
2025_06_DEN_NYJ,2025,6,2025-10-12,NYJ,DEN,-7.5,43.5,11.0,13.0,-2.0,24.0,0.0,0.0,-7.5,43.5,18.0,25.5,DEN,DEN,MARKET
2025_06_DEN_NYJ,2025,6,2025-10-12,NYJ,DEN,-7.5,43.5,11.0,13.0,-2.0,24.0,-2.3769889931865436,0.41127208843729135,-9.876988993186544,43.91127208843729,17.017141547625375,26.89413054081192,DEN,DEN,WFS_CORE_IMPACT_REPLACEMENT_RESIDUAL
2025_06_DEN_NYJ,2025,6,2025-10-12,NYJ,DEN,-7.5,43.5,11.0,13.0,-2.0,24.0,-0.16465112579256316,0.7974121969526453,-7.664651125792563,44.29741219695264,18.316380535580038,25.981031661372604,DEN,DEN,WFS_CORE_IMPACT_RESIDUAL
2025_06_DEN_NYJ,2025,6,2025-10-12,NYJ,DEN,-7.5,43.5,11.0,13.0,-2.0,24.0,0.3121037998340584,1.3981865849416302,-7.187896200165942,44.89818658494163,18.85514519238784,26.043041392553786,DEN,DEN,WFS_CORE_RESIDUAL
2025_06_DET_KC,2025,6,2025-10-12,KC,DET,2.5,51.5,30.0,17.0,13.0,47.0,0.0,0.0,2.5,51.5,27.0,24.5,KC,KC,MARKET
2025_06_DET_KC,2025,6,2025-10-12,KC,DET,2.5,51.5,30.0,17.0,13.0,47.0,0.9799585835430548,2.314345903304249,3.4799585835430547,53.81434590330425,28.64715224342365,25.1671936598806,KC,KC,WFS_CORE_IMPACT_REPLACEMENT_RESIDUAL
2025_06_DET_KC,2025,6,2025-10-12,KC,DET,2.5,51.5,30.0,17.0,13.0,47.0,1.24466244335055,2.3061188965069985,3.74466244335055,53.806118896507,28.775390669928775,25.030728226578226,KC,KC,WFS_CORE_IMPACT_RESIDUAL
2025_06_DET_KC,2025,6,2025-10-12,KC,DET,2.5,51.5,30.0,17.0,13.0,47.0,0.4138014590506892,1.5451625318639672,2.9138014590506893,53.045162531863966,27.979481995457327,25.06568053640664,KC,KC,WFS_CORE_RESIDUAL
2025_06_LAC_MIA,2025,6,2025-10-12,MIA,LAC,-3.5,45.5,27.0,29.0,-2.0,56.0,0.0,0.0,-3.5,45.5,21.0,24.5,LAC,LAC,MARKET
2025_06_LAC_MIA,2025,6,2025-10-12,MIA,LAC,-3.5,45.5,27.0,29.0,-2.0,56.0,1.0452759299518757,1.8910558697681301,-2.4547240700481243,47.39105586976813,22.468165899860004,24.922889969908127,LAC,LAC,WFS_CORE_IMPACT_REPLACEMENT_RESIDUAL
2025_06_LAC_MIA,2025,6,2025-10-12,MIA,LAC,-3.5,45.5,27.0,29.0,-2.0,56.0,1.1121249790877406,1.5105548108778168,-2.3878750209122597,47.010554810877814,22.311339894982776,24.699214915895038,LAC,LAC,WFS_CORE_IMPACT_RESIDUAL
2025_06_LAC_MIA,2025,6,2025-10-12,MIA,LAC,-3.5,45.5,27.0,29.0,-2.0,56.0,1.0355879666956047,1.1720773731169463,-2.464412033304395,46.67207737311695,22.103832669906275,24.568244703210674,LAC,LAC,WFS_CORE_RESIDUAL
2025_06_LA_BAL,2025,6,2025-10-12,BAL,LA,-7.0,43.5,3.0,17.0,-14.0,20.0,0.0,0.0,-7.0,43.5,18.25,25.25,LA,LA,MARKET
2025_06_LA_BAL,2025,6,2025-10-12,BAL,LA,-7.0,43.5,3.0,17.0,-14.0,20.0,-2.294983487462534,1.1275176169934722,-9.294983487462535,44.62751761699347,17.66626706476547,26.961250552228,LA,LA,WFS_CORE_IMPACT_REPLACEMENT_RESIDUAL
2025_06_LA_BAL,2025,6,2025-10-12,BAL,LA,-7.0,43.5,3.0,17.0,-14.0,20.0,-1.1117913398556236,0.32672581849485216,-8.111791339855623,43.82672581849485,17.857467239319615,25.969258579175236,LA,LA,WFS_CORE_IMPACT_RESIDUAL
2025_06_LA_BAL,2025,6,2025-10-12,BAL,LA,-7.0,43.5,3.0,17.0,-14.0,20.0,-0.1616579927964925,0.8021811539668172,-7.161657992796492,44.30218115396682,18.570261580585164,25.731919573381656,LA,LA,WFS_CORE_RESIDUAL
2025_06_NE_NO,2025,6,2025-10-12,NO,NE,-3.5,46.5,19.0,25.0,-6.0,44.0,0.0,0.0,-3.5,46.5,21.5,25.0,NE,NE,MARKET
2025_06_NE_NO,2025,6,2025-10-12,NO,NE,-3.5,46.5,19.0,25.0,-6.0,44.0,0.35141990570879056,1.940034608908795,-3.1485800942912094,48.440034608908796,22.645727257308792,25.794307351600004,NE,NE,WFS_CORE_IMPACT_REPLACEMENT_RESIDUAL
2025_06_NE_NO,2025,6,2025-10-12,NO,NE,-3.5,46.5,19.0,25.0,-6.0,44.0,0.4665588793452302,1.5411033476267295,-3.0334411206547696,48.04110334762673,22.50383111348598,25.53727223414075,NE,NE,WFS_CORE_IMPACT_RESIDUAL
2025_06_NE_NO,2025,6,2025-10-12,NO,NE,-3.5,46.5,19.0,25.0,-6.0,44.0,0.3333564023031124,0.3711334394254301,-3.1666435976968876,46.87113343942543,21.85224492086427,25.01888851856116,NE,NE,WFS_CORE_RESIDUAL
2025_06_SEA_JAX,2025,6,2025-10-12,JAX,SEA,-1.5,47.5,12.0,20.0,-8.0,32.0,0.0,0.0,-1.5,47.5,23.0,24.5,SEA,SEA,MARKET
2025_06_SEA_JAX,2025,6,2025-10-12,JAX,SEA,-1.5,47.5,12.0,20.0,-8.0,32.0,1.394153895516231,2.315617907625949,-0.10584610448376908,49.81561790762595,24.85488590157109,24.960732006054858,SEA,SEA,WFS_CORE_IMPACT_REPLACEMENT_RESIDUAL
2025_06_SEA_JAX,2025,6,2025-10-12,JAX,SEA,-1.5,47.5,12.0,20.0,-8.0,32.0,1.6070208669116623,2.3134804294715137,0.10702086691166235,49.81348042947151,24.960250648191586,24.853229781279925,SEA,JAX,WFS_CORE_IMPACT_RESIDUAL
2025_06_SEA_JAX,2025,6,2025-10-12,JAX,SEA,-1.5,47.5,12.0,20.0,-8.0,32.0,0.2553076368149436,1.9056745954586694,-1.2446923631850564,49.40567459545867,24.080491116136805,25.325183479321865,SEA,SEA,WFS_CORE_RESIDUAL
2025_06_SF_TB,2025,6,2025-10-12,TB,SF,3.5,46.5,30.0,19.0,11.0,49.0,0.0,0.0,3.5,46.5,25.0,21.5,TB,TB,MARKET
2025_06_SF_TB,2025,6,2025-10-12,TB,SF,3.5,46.5,30.0,19.0,11.0,49.0,0.7239812260446378,1.436092239652794,4.223981226044637,47.936092239652794,26.080036732848715,21.85605550680408,TB,TB,WFS_CORE_IMPACT_REPLACEMENT_RESIDUAL
2025_06_SF_TB,2025,6,2025-10-12,TB,SF,3.5,46.5,30.0,19.0,11.0,49.0,3.5343851509628954,1.3994011312846042,7.034385150962896,47.899401131284606,27.46689314112375,20.432507990160854,TB,TB,WFS_CORE_IMPACT_RESIDUAL
2025_06_SF_TB,2025,6,2025-10-12,TB,SF,3.5,46.5,30.0,19.0,11.0,49.0,1.0586917185971845,1.448199598701993,4.558691718597185,47.94819959870199,26.25344565864959,21.6947539400524,TB,TB,WFS_CORE_RESIDUAL
2025_06_TEN_LV,2025,6,2025-10-12,LV,TEN,3.5,41.5,20.0,10.0,10.0,30.0,0.0,0.0,3.5,41.5,22.5,19.0,LV,LV,MARKET
2025_06_TEN_LV,2025,6,2025-10-12,LV,TEN,3.5,41.5,20.0,10.0,10.0,30.0,-2.3970143457274973,0.5235013118547591,1.1029856542725027,42.02350131185476,21.56324348306363,20.46025782879113,LV,LV,WFS_CORE_IMPACT_REPLACEMENT_RESIDUAL
2025_06_TEN_LV,2025,6,2025-10-12,LV,TEN,3.5,41.5,20.0,10.0,10.0,30.0,-0.0321205028928601,1.0314121886034662,3.46787949710714,42.53141218860347,22.999645842855305,19.531766345748164,LV,LV,WFS_CORE_IMPACT_RESIDUAL
2025_06_TEN_LV,2025,6,2025-10-12,LV,TEN,3.5,41.5,20.0,10.0,10.0,30.0,0.6364172597609978,0.17463398705718958,4.136417259760998,41.67463398705719,22.905525623409094,18.769108363648098,LV,LV,WFS_CORE_RESIDUAL
2025_06_BUF_ATL,2025,6,2025-10-13,ATL,BUF,-3.5,49.5,24.0,14.0,10.0,38.0,0.0,0.0,-3.5,49.5,23.0,26.5,ATL,BUF,MARKET
2025_06_BUF_ATL,2025,6,2025-10-13,ATL,BUF,-3.5,49.5,24.0,14.0,10.0,38.0,-0.6272255016302146,1.761974022238022,-4.127225501630215,51.26197402223802,23.567374260303904,27.694599761934118,ATL,BUF,WFS_CORE_IMPACT_REPLACEMENT_RESIDUAL
2025_06_BUF_ATL,2025,6,2025-10-13,ATL,BUF,-3.5,49.5,24.0,14.0,10.0,38.0,0.48087192745439017,1.2301171134355164,-3.0191280725456098,50.73011711343552,23.855494520444953,26.874622592990566,ATL,BUF,WFS_CORE_IMPACT_RESIDUAL
2025_06_BUF_ATL,2025,6,2025-10-13,ATL,BUF,-3.5,49.5,24.0,14.0,10.0,38.0,1.7076952712317401,1.0211544419222034,-1.7923047287682599,50.52115444192221,24.364424856576974,26.156729585345232,ATL,BUF,WFS_CORE_RESIDUAL
2025_06_CHI_WAS,2025,6,2025-10-13,WAS,CHI,5.5,49.5,24.0,25.0,-1.0,49.0,0.0,0.0,5.5,49.5,27.5,22.0,CHI,WAS,MARKET
2025_06_CHI_WAS,2025,6,2025-10-13,WAS,CHI,5.5,49.5,24.0,25.0,-1.0,49.0,-0.9206256111251676,0.06720284585131114,4.579374388874832,49.56720284585131,27.073288617363072,22.49391422848824,CHI,WAS,WFS_CORE_IMPACT_REPLACEMENT_RESIDUAL
2025_06_CHI_WAS,2025,6,2025-10-13,WAS,CHI,5.5,49.5,24.0,25.0,-1.0,49.0,-0.011655268855031015,-0.46905366690452077,5.488344731144969,49.03094633309548,27.259645532120224,21.771300800975254,CHI,WAS,WFS_CORE_IMPACT_RESIDUAL
2025_06_CHI_WAS,2025,6,2025-10-13,WAS,CHI,5.5,49.5,24.0,25.0,-1.0,49.0,1.1227189397844695,0.31725428123253113,6.62271893978447,49.81725428123253,28.2199866105085,21.59726767072403,CHI,WAS,WFS_CORE_RESIDUAL
2025_07_PIT_CIN,2025,7,2025-10-16,CIN,PIT,-5.5,45.5,33.0,31.0,2.0,64.0,0.0,0.0,-5.5,45.5,20.0,25.5,CIN,PIT,MARKET
2025_07_PIT_CIN,2025,7,2025-10-16,CIN,PIT,-5.5,45.5,33.0,31.0,2.0,64.0,-1.3602118273108237,2.159401918992647,-6.860211827310824,47.65940191899265,20.39959504584091,27.25980687315174,CIN,PIT,WFS_CORE_IMPACT_REPLACEMENT_RESIDUAL
2025_07_PIT_CIN,2025,7,2025-10-16,CIN,PIT,-5.5,45.5,33.0,31.0,2.0,64.0,-0.6989364299035009,2.24116665012512,-6.198936429903501,47.74116665012512,20.771115110110813,26.97005154001431,CIN,PIT,WFS_CORE_IMPACT_RESIDUAL
2025_07_PIT_CIN,2025,7,2025-10-16,CIN,PIT,-5.5,45.5,33.0,31.0,2.0,64.0,-0.7652668569493521,1.320956675788321,-6.265266856949352,46.820956675788324,20.277844909419485,26.54311176636884,CIN,PIT,WFS_CORE_RESIDUAL
2025_07_ATL_SF,2025,7,2025-10-19,SF,ATL,1.5,46.5,20.0,10.0,10.0,30.0,0.0,0.0,1.5,46.5,24.0,22.5,SF,SF,MARKET
2025_07_ATL_SF,2025,7,2025-10-19,SF,ATL,1.5,46.5,20.0,10.0,10.0,30.0,-2.084465950787362,2.9549136924396,-0.584465950787362,49.4549136924396,24.435223870826118,25.01968982161348,SF,ATL,WFS_CORE_IMPACT_REPLACEMENT_RESIDUAL
2025_07_ATL_SF,2025,7,2025-10-19,SF,ATL,1.5,46.5,20.0,10.0,10.0,30.0,-0.022283900022575964,2.85758467721095,1.4777160999774241,49.35758467721095,25.417650388594186,23.939934288616765,SF,SF,WFS_CORE_IMPACT_RESIDUAL
2025_07_ATL_SF,2025,7,2025-10-19,SF,ATL,1.5,46.5,20.0,10.0,10.0,30.0,0.9202486739226421,1.5528685389007393,2.420248673922642,48.05286853890074,25.23655860641169,22.816309932489048,SF,SF,WFS_CORE_RESIDUAL
2025_07_CAR_NYJ,2025,7,2025-10-19,NYJ,CAR,1.5,39.5,6.0,13.0,-7.0,19.0,0.0,0.0,1.5,39.5,20.5,19.0,CAR,NYJ,MARKET
2025_07_CAR_NYJ,2025,7,2025-10-19,NYJ,CAR,1.5,39.5,6.0,13.0,-7.0,19.0,-2.3993252459231975,0.4854762736093555,-0.8993252459231975,39.98547627360936,19.54307551384308,20.44240075976628,CAR,CAR,WFS_CORE_IMPACT_REPLACEMENT_RESIDUAL
2025_07_CAR_NYJ,2025,7,2025-10-19,NYJ,CAR,1.5,39.5,6.0,13.0,-7.0,19.0,-1.296282366115935,0.3793112393232082,0.20371763388406494,39.87931123932321,20.041514436603638,19.83779680271957,CAR,NYJ,WFS_CORE_IMPACT_RESIDUAL
2025_07_CAR_NYJ,2025,7,2025-10-19,NYJ,CAR,1.5,39.5,6.0,13.0,-7.0,19.0,-0.19392836488056467,0.23202077383587782,1.3060716351194352,39.73202077383588,20.519046204477657,19.21297456935822,CAR,NYJ,WFS_CORE_RESIDUAL
2025_07_GB_ARI,2025,7,2025-10-19,ARI,GB,-7.0,44.5,23.0,27.0,-4.0,50.0,0.0,0.0,-7.0,44.5,18.75,25.75,GB,GB,MARKET
2025_07_GB_ARI,2025,7,2025-10-19,ARI,GB,-7.0,44.5,23.0,27.0,-4.0,50.0,0.8792027936745003,1.4691303981670796,-6.120797206325499,45.96913039816708,19.92416659592079,26.04496380224629,GB,GB,WFS_CORE_IMPACT_REPLACEMENT_RESIDUAL
2025_07_GB_ARI,2025,7,2025-10-19,ARI,GB,-7.0,44.5,23.0,27.0,-4.0,50.0,1.2093631338144761,1.1580071454233989,-5.790636866185524,45.6580071454234,19.933685139618937,25.72432200580446,GB,GB,WFS_CORE_IMPACT_RESIDUAL
2025_07_GB_ARI,2025,7,2025-10-19,ARI,GB,-7.0,44.5,23.0,27.0,-4.0,50.0,0.5487897467323458,1.383614212387355,-6.4512102532676545,45.88361421238736,19.71620197955985,26.167412232827505,GB,GB,WFS_CORE_RESIDUAL
2025_07_IND_LAC,2025,7,2025-10-19,LAC,IND,2.5,48.5,24.0,38.0,-14.0,62.0,0.0,0.0,2.5,48.5,25.5,23.0,IND,LAC,MARKET
2025_07_IND_LAC,2025,7,2025-10-19,LAC,IND,2.5,48.5,24.0,38.0,-14.0,62.0,2.2423558338807985,2.256012566666183,4.742355833880799,50.756012566666186,27.749184200273493,23.006828366392693,IND,LAC,WFS_CORE_IMPACT_REPLACEMENT_RESIDUAL
2025_07_IND_LAC,2025,7,2025-10-19,LAC,IND,2.5,48.5,24.0,38.0,-14.0,62.0,2.530307030068612,2.3606442331584034,5.030307030068612,50.8606442331584,27.94547563161351,22.915168601544895,IND,LAC,WFS_CORE_IMPACT_RESIDUAL
2025_07_IND_LAC,2025,7,2025-10-19,LAC,IND,2.5,48.5,24.0,38.0,-14.0,62.0,0.23252187494231466,1.4665193446529825,2.732521874942315,49.96651934465298,26.349520609797647,23.616998734855333,IND,LAC,WFS_CORE_RESIDUAL
2025_07_LA_JAX,2025,7,2025-10-19,JAX,LA,-3.0,44.5,7.0,35.0,-28.0,42.0,0.0,0.0,-3.0,44.5,20.75,23.75,LA,LA,MARKET
2025_07_LA_JAX,2025,7,2025-10-19,JAX,LA,-3.0,44.5,7.0,35.0,-28.0,42.0,3.8818379159922967,3.187637675118783,0.8818379159922967,47.687637675118786,24.284737795555543,23.402899879563243,LA,JAX,WFS_CORE_IMPACT_REPLACEMENT_RESIDUAL
2025_07_LA_JAX,2025,7,2025-10-19,JAX,LA,-3.0,44.5,7.0,35.0,-28.0,42.0,2.5956560680556415,2.697476607548678,-0.40434393194435847,47.19747660754868,23.39656633780216,23.80091026974652,LA,LA,WFS_CORE_IMPACT_RESIDUAL
2025_07_LA_JAX,2025,7,2025-10-19,JAX,LA,-3.0,44.5,7.0,35.0,-28.0,42.0,1.3282074260404215,1.7369294952333707,-1.6717925739595785,46.23692949523337,22.282568460636895,23.954361034596474,LA,LA,WFS_CORE_RESIDUAL
2025_07_LV_KC,2025,7,2025-10-19,KC,LV,13.5,44.5,31.0,0.0,31.0,31.0,0.0,0.0,13.5,44.5,29.0,15.5,KC,KC,MARKET
2025_07_LV_KC,2025,7,2025-10-19,KC,LV,13.5,44.5,31.0,0.0,31.0,31.0,0.03272152488852742,1.5530198663376735,13.532721524888528,46.05301986633767,29.7928706956131,16.26014917072457,KC,KC,WFS_CORE_IMPACT_REPLACEMENT_RESIDUAL
2025_07_LV_KC,2025,7,2025-10-19,KC,LV,13.5,44.5,31.0,0.0,31.0,31.0,0.24240789158945758,1.637617570516797,13.742407891589458,46.137617570516795,29.940012731053127,16.19760483946367,KC,KC,WFS_CORE_IMPACT_RESIDUAL
2025_07_LV_KC,2025,7,2025-10-19,KC,LV,13.5,44.5,31.0,0.0,31.0,31.0,1.1859291917891628,2.3997176068912407,14.685929191789162,46.899717606891244,30.792823399340204,16.10689420755104,KC,KC,WFS_CORE_RESIDUAL
2025_07_MIA_CLE,2025,7,2025-10-19,CLE,MIA,2.5,34.5,31.0,6.0,25.0,37.0,0.0,0.0,2.5,34.5,18.5,16.0,CLE,CLE,MARKET
2025_07_MIA_CLE,2025,7,2025-10-19,CLE,MIA,2.5,34.5,31.0,6.0,25.0,37.0,-0.9703200187082168,0.41676420795163466,1.5296799812917832,34.91676420795164,18.22322209462171,16.693542113329926,CLE,CLE,WFS_CORE_IMPACT_REPLACEMENT_RESIDUAL
2025_07_MIA_CLE,2025,7,2025-10-19,CLE,MIA,2.5,34.5,31.0,6.0,25.0,37.0,-1.3125019881114057,0.38520572282168364,1.1874980118885943,34.88520572282168,18.036351867355137,16.848853855466544,CLE,CLE,WFS_CORE_IMPACT_RESIDUAL
2025_07_MIA_CLE,2025,7,2025-10-19,CLE,MIA,2.5,34.5,31.0,6.0,25.0,37.0,0.030006070110573033,0.3486007501836097,2.530006070110573,34.84860075018361,18.68930341014709,16.159297340036517,CLE,CLE,WFS_CORE_RESIDUAL
2025_07_NE_TEN,2025,7,2025-10-19,TEN,NE,-6.5,40.5,13.0,31.0,-18.0,44.0,0.0,0.0,-6.5,40.5,17.0,23.5,NE,NE,MARKET
2025_07_NE_TEN,2025,7,2025-10-19,TEN,NE,-6.5,40.5,13.0,31.0,-18.0,44.0,-2.727287408698552,-0.9428892112397713,-9.227287408698551,39.55711078876023,15.164911690030838,24.39219909872939,NE,NE,WFS_CORE_IMPACT_REPLACEMENT_RESIDUAL
2025_07_NE_TEN,2025,7,2025-10-19,TEN,NE,-6.5,40.5,13.0,31.0,-18.0,44.0,-1.763916253920766,-1.0212798613929648,-8.263916253920765,39.47872013860704,15.607401942343136,23.8713181962639,NE,NE,WFS_CORE_IMPACT_RESIDUAL
2025_07_NE_TEN,2025,7,2025-10-19,TEN,NE,-6.5,40.5,13.0,31.0,-18.0,44.0,-0.6090882777715082,0.41768857421548417,-7.109088277771508,40.91768857421548,16.90430014822199,24.013388425993494,NE,NE,WFS_CORE_RESIDUAL
2025_07_NO_CHI,2025,7,2025-10-19,CHI,NO,4.5,43.5,26.0,14.0,12.0,40.0,0.0,0.0,4.5,43.5,24.0,19.5,CHI,CHI,MARKET
2025_07_NO_CHI,2025,7,2025-10-19,CHI,NO,4.5,43.5,26.0,14.0,12.0,40.0,-0.46145447089566305,1.2940903442071399,4.038545529104337,44.79409034420714,24.41631793665574,20.3777724075514,CHI,CHI,WFS_CORE_IMPACT_REPLACEMENT_RESIDUAL
2025_07_NO_CHI,2025,7,2025-10-19,CHI,NO,4.5,43.5,26.0,14.0,12.0,40.0,-0.2662130804325345,1.3698621138227336,4.233786919567465,44.869862113822734,24.5518245166951,20.318037597127635,CHI,CHI,WFS_CORE_IMPACT_RESIDUAL
2025_07_NO_CHI,2025,7,2025-10-19,CHI,NO,4.5,43.5,26.0,14.0,12.0,40.0,0.5748912829584824,1.6821874857444035,5.0748912829584825,45.1821874857444,25.12853938435144,20.05364810139296,CHI,CHI,WFS_CORE_RESIDUAL
2025_07_NYG_DEN,2025,7,2025-10-19,DEN,NYG,7.5,39.5,33.0,32.0,1.0,65.0,0.0,0.0,7.5,39.5,23.5,16.0,DEN,DEN,MARKET
2025_07_NYG_DEN,2025,7,2025-10-19,DEN,NYG,7.5,39.5,33.0,32.0,1.0,65.0,1.9451503332435438,3.0695142158710635,9.445150333243543,42.56951421587107,26.007332274557307,16.56218194131376,DEN,DEN,WFS_CORE_IMPACT_REPLACEMENT_RESIDUAL
2025_07_NYG_DEN,2025,7,2025-10-19,DEN,NYG,7.5,39.5,33.0,32.0,1.0,65.0,2.2314666147987383,3.1001596387263106,9.731466614798737,42.60015963872631,26.165813126762522,16.43434651196379,DEN,DEN,WFS_CORE_IMPACT_RESIDUAL
2025_07_NYG_DEN,2025,7,2025-10-19,DEN,NYG,7.5,39.5,33.0,32.0,1.0,65.0,1.0067128186279404,2.7590416443190886,8.50671281862794,42.25904164431909,25.382877231473515,16.876164412845576,DEN,DEN,WFS_CORE_RESIDUAL
2025_07_PHI_MIN,2025,7,2025-10-19,MIN,PHI,-2.5,43.5,22.0,28.0,-6.0,50.0,0.0,0.0,-2.5,43.5,20.5,23.0,PHI,PHI,MARKET
2025_07_PHI_MIN,2025,7,2025-10-19,MIN,PHI,-2.5,43.5,22.0,28.0,-6.0,50.0,0.6131098476117137,0.9057537535688953,-1.8868901523882862,44.405753753568895,21.259431800590306,23.14632195297859,PHI,PHI,WFS_CORE_IMPACT_REPLACEMENT_RESIDUAL
2025_07_PHI_MIN,2025,7,2025-10-19,MIN,PHI,-2.5,43.5,22.0,28.0,-6.0,50.0,1.0101208957603447,0.9965827849176209,-1.4898791042396553,44.49658278491762,21.503351840338983,22.993230944578638,PHI,PHI,WFS_CORE_IMPACT_RESIDUAL
2025_07_PHI_MIN,2025,7,2025-10-19,MIN,PHI,-2.5,43.5,22.0,28.0,-6.0,50.0,1.2887479006322684,1.6724309501412553,-1.2112520993677316,45.172430950141255,21.98058942538676,23.191841524754494,PHI,PHI,WFS_CORE_RESIDUAL
2025_07_WAS_DAL,2025,7,2025-10-19,DAL,WAS,1.5,54.5,44.0,22.0,22.0,66.0,0.0,0.0,1.5,54.5,28.0,26.5,DAL,DAL,MARKET
2025_07_WAS_DAL,2025,7,2025-10-19,DAL,WAS,1.5,54.5,44.0,22.0,22.0,66.0,2.939454027825914,1.4244454775429953,4.439454027825914,55.924445477542996,30.181949752684453,25.742495724858543,DAL,DAL,WFS_CORE_IMPACT_REPLACEMENT_RESIDUAL
2025_07_WAS_DAL,2025,7,2025-10-19,DAL,WAS,1.5,54.5,44.0,22.0,22.0,66.0,2.9793695059540157,1.001886919786793,4.479369505954016,55.50188691978679,29.990628212870405,25.511258706916387,DAL,DAL,WFS_CORE_IMPACT_RESIDUAL
2025_07_WAS_DAL,2025,7,2025-10-19,DAL,WAS,1.5,54.5,44.0,22.0,22.0,66.0,0.4024787035217911,0.7384046383253294,1.9024787035217912,55.23840463832533,28.57044167092356,26.667962967401767,DAL,DAL,WFS_CORE_RESIDUAL
2025_07_HOU_SEA,2025,7,2025-10-20,SEA,HOU,3.0,41.5,27.0,19.0,8.0,46.0,0.0,0.0,3.0,41.5,22.25,19.25,SEA,SEA,MARKET
2025_07_HOU_SEA,2025,7,2025-10-20,SEA,HOU,3.0,41.5,27.0,19.0,8.0,46.0,1.5898375470467763,1.8440680468771053,4.589837547046776,43.344068046877105,23.96695279696194,19.377115249915164,SEA,SEA,WFS_CORE_IMPACT_REPLACEMENT_RESIDUAL
2025_07_HOU_SEA,2025,7,2025-10-20,SEA,HOU,3.0,41.5,27.0,19.0,8.0,46.0,1.8632032601363602,1.88060339976333,4.86320326013636,43.38060339976333,24.121903329949845,19.258700069813486,SEA,SEA,WFS_CORE_IMPACT_RESIDUAL
2025_07_HOU_SEA,2025,7,2025-10-20,SEA,HOU,3.0,41.5,27.0,19.0,8.0,46.0,0.9414471367596255,2.1185136662771265,3.9414471367596255,43.618513666277124,23.779980401518376,19.83853326475875,SEA,SEA,WFS_CORE_RESIDUAL
2025_07_TB_DET,2025,7,2025-10-20,DET,TB,6.0,54.5,24.0,9.0,15.0,33.0,0.0,0.0,6.0,54.5,30.25,24.25,DET,DET,MARKET
2025_07_TB_DET,2025,7,2025-10-20,DET,TB,6.0,54.5,24.0,9.0,15.0,33.0,3.9996276898336753,3.6151531546341853,9.999627689833675,58.115153154634186,34.05739042223393,24.057762732400256,DET,DET,WFS_CORE_IMPACT_REPLACEMENT_RESIDUAL
2025_07_TB_DET,2025,7,2025-10-20,DET,TB,6.0,54.5,24.0,9.0,15.0,33.0,4.857645716913757,3.8720493589604086,10.857645716913757,58.37204935896041,34.61484753793708,23.757201821023326,DET,DET,WFS_CORE_IMPACT_RESIDUAL
2025_07_TB_DET,2025,7,2025-10-20,DET,TB,6.0,54.5,24.0,9.0,15.0,33.0,1.6066130154611618,2.156244753544003,7.6066130154611615,56.656244753544,32.13142888450258,24.52481586904142,DET,DET,WFS_CORE_RESIDUAL
2025_08_MIN_LAC,2025,8,2025-10-23,LAC,MIN,3.0,45.5,37.0,10.0,27.0,47.0,0.0,0.0,3.0,45.5,24.25,21.25,LAC,LAC,MARKET
2025_08_MIN_LAC,2025,8,2025-10-23,LAC,MIN,3.0,45.5,37.0,10.0,27.0,47.0,6.6020528202313455,2.2795393667393826,9.602052820231346,47.779539366739385,28.690796093485368,19.088743273254018,LAC,LAC,WFS_CORE_IMPACT_REPLACEMENT_RESIDUAL
2025_08_MIN_LAC,2025,8,2025-10-23,LAC,MIN,3.0,45.5,37.0,10.0,27.0,47.0,0.8016434631276234,1.0188073526376458,3.8016434631276232,46.518807352637644,25.160225407882635,21.35858194475501,LAC,LAC,WFS_CORE_IMPACT_RESIDUAL
2025_08_MIN_LAC,2025,8,2025-10-23,LAC,MIN,3.0,45.5,37.0,10.0,27.0,47.0,0.5243776394715667,1.2552066552027783,3.5243776394715667,46.75520665520278,25.13979214733717,21.615414507865605,LAC,LAC,WFS_CORE_RESIDUAL
2025_08_BUF_CAR,2025,8,2025-10-26,CAR,BUF,-7.0,47.5,9.0,40.0,-31.0,49.0,0.0,0.0,-7.0,47.5,20.25,27.25,BUF,BUF,MARKET
2025_08_BUF_CAR,2025,8,2025-10-26,CAR,BUF,-7.0,47.5,9.0,40.0,-31.0,49.0,-1.1613980056766045,1.5920836110924825,-8.161398005676604,49.092083611092484,20.46534280270794,28.626740808384543,BUF,BUF,WFS_CORE_IMPACT_REPLACEMENT_RESIDUAL
2025_08_BUF_CAR,2025,8,2025-10-26,CAR,BUF,-7.0,47.5,9.0,40.0,-31.0,49.0,1.9044797929150257,2.1201580333304624,-5.0955202070849746,49.62015803333046,22.262318913122744,27.357839120207718,BUF,BUF,WFS_CORE_IMPACT_RESIDUAL
2025_08_BUF_CAR,2025,8,2025-10-26,CAR,BUF,-7.0,47.5,9.0,40.0,-31.0,49.0,2.232353119012962,0.7724770920669386,-4.767646880987038,48.272477092066936,21.75241510553995,26.520061986526986,BUF,BUF,WFS_CORE_RESIDUAL
2025_08_CHI_BAL,2025,8,2025-10-26,BAL,CHI,2.5,45.5,30.0,16.0,14.0,46.0,0.0,0.0,2.5,45.5,24.0,21.5,BAL,BAL,MARKET
2025_08_CHI_BAL,2025,8,2025-10-26,BAL,CHI,2.5,45.5,30.0,16.0,14.0,46.0,0.9247267020441251,1.9665293627520137,3.424726702044125,47.46652936275201,25.44562803239807,22.020901330353944,BAL,BAL,WFS_CORE_IMPACT_REPLACEMENT_RESIDUAL
2025_08_CHI_BAL,2025,8,2025-10-26,BAL,CHI,2.5,45.5,30.0,16.0,14.0,46.0,2.280026314616071,2.0861370113993396,4.780026314616071,47.58613701139934,26.183081663007705,21.403055348391632,BAL,BAL,WFS_CORE_IMPACT_RESIDUAL
2025_08_CHI_BAL,2025,8,2025-10-26,BAL,CHI,2.5,45.5,30.0,16.0,14.0,46.0,0.5983309878477361,0.6581686657350194,3.098330987847736,46.15816866573502,24.62824982679138,21.52991883894364,BAL,BAL,WFS_CORE_RESIDUAL
2025_08_CLE_NE,2025,8,2025-10-26,NE,CLE,7.0,40.5,32.0,13.0,19.0,45.0,0.0,0.0,7.0,40.5,23.75,16.75,NE,NE,MARKET
2025_08_CLE_NE,2025,8,2025-10-26,NE,CLE,7.0,40.5,32.0,13.0,19.0,45.0,0.948953731564502,1.4945454403107854,7.948953731564502,41.99454544031079,24.971749585937644,17.022795854373143,NE,NE,WFS_CORE_IMPACT_REPLACEMENT_RESIDUAL
2025_08_CLE_NE,2025,8,2025-10-26,NE,CLE,7.0,40.5,32.0,13.0,19.0,45.0,1.1326361341765432,1.5187833202611212,8.132636134176543,42.01878332026112,25.075709727218833,16.94307359304229,NE,NE,WFS_CORE_IMPACT_RESIDUAL
2025_08_CLE_NE,2025,8,2025-10-26,NE,CLE,7.0,40.5,32.0,13.0,19.0,45.0,1.5818129600993647,2.336921049461913,8.581812960099365,42.836921049461914,25.70936700478064,17.127554044681276,NE,NE,WFS_CORE_RESIDUAL
2025_08_DAL_DEN,2025,8,2025-10-26,DEN,DAL,3.5,51.5,44.0,24.0,20.0,68.0,0.0,0.0,3.5,51.5,27.5,24.0,DEN,DEN,MARKET
2025_08_DAL_DEN,2025,8,2025-10-26,DEN,DAL,3.5,51.5,44.0,24.0,20.0,68.0,0.41136891940795733,2.545069589855281,3.9113689194079573,54.04506958985528,28.978219254631618,25.066850335223663,DEN,DEN,WFS_CORE_IMPACT_REPLACEMENT_RESIDUAL
2025_08_DAL_DEN,2025,8,2025-10-26,DEN,DAL,3.5,51.5,44.0,24.0,20.0,68.0,0.6328028762365727,2.5246317793698285,4.132802876236573,54.02463177936983,29.0787173278032,24.945914451566626,DEN,DEN,WFS_CORE_IMPACT_RESIDUAL
2025_08_DAL_DEN,2025,8,2025-10-26,DEN,DAL,3.5,51.5,44.0,24.0,20.0,68.0,0.535724936630345,1.8447780952536257,4.035724936630345,53.34477809525362,28.690251515941984,24.65452657931164,DEN,DEN,WFS_CORE_RESIDUAL
2025_08_GB_PIT,2025,8,2025-10-26,PIT,GB,-3.0,46.5,25.0,35.0,-10.0,60.0,0.0,0.0,-3.0,46.5,21.75,24.75,GB,GB,MARKET
2025_08_GB_PIT,2025,8,2025-10-26,PIT,GB,-3.0,46.5,25.0,35.0,-10.0,60.0,1.0943688677110723,1.470308739565446,-1.9056311322889277,47.970308739565446,23.03233880363826,24.937969935927185,GB,GB,WFS_CORE_IMPACT_REPLACEMENT_RESIDUAL
2025_08_GB_PIT,2025,8,2025-10-26,PIT,GB,-3.0,46.5,25.0,35.0,-10.0,60.0,1.4570814546207453,1.1211330544591889,-1.5429185453792547,47.621133054459186,23.039107254539967,24.58202579991922,GB,GB,WFS_CORE_IMPACT_RESIDUAL
2025_08_GB_PIT,2025,8,2025-10-26,PIT,GB,-3.0,46.5,25.0,35.0,-10.0,60.0,1.1181639503937335,1.4578190691363306,-1.8818360496062665,47.95781906913633,23.037991509765032,24.919827559371296,GB,GB,WFS_CORE_RESIDUAL
2025_08_MIA_ATL,2025,8,2025-10-26,ATL,MIA,7.0,44.5,10.0,34.0,-24.0,44.0,0.0,0.0,7.0,44.5,25.75,18.75,MIA,ATL,MARKET
2025_08_MIA_ATL,2025,8,2025-10-26,ATL,MIA,7.0,44.5,10.0,34.0,-24.0,44.0,1.1367792609259166,2.2581081968093004,8.136779260925916,46.7581081968093,27.44744372886761,19.31066446794169,MIA,ATL,WFS_CORE_IMPACT_REPLACEMENT_RESIDUAL
2025_08_MIA_ATL,2025,8,2025-10-26,ATL,MIA,7.0,44.5,10.0,34.0,-24.0,44.0,1.1791517495932675,1.4385704864939362,8.179151749593267,45.93857048649394,27.058861118043602,18.879709368450335,MIA,ATL,WFS_CORE_IMPACT_RESIDUAL
2025_08_MIA_ATL,2025,8,2025-10-26,ATL,MIA,7.0,44.5,10.0,34.0,-24.0,44.0,1.5950325210280731,1.7409291320274916,8.595032521028074,46.24092913202749,27.41798082652778,18.822948305499708,MIA,ATL,WFS_CORE_RESIDUAL
2025_08_NYG_PHI,2025,8,2025-10-26,PHI,NYG,7.0,43.5,38.0,20.0,18.0,58.0,0.0,0.0,7.0,43.5,25.25,18.25,PHI,PHI,MARKET
2025_08_NYG_PHI,2025,8,2025-10-26,PHI,NYG,7.0,43.5,38.0,20.0,18.0,58.0,-2.098172928572479,2.395164044326733,4.901827071427521,45.895164044326734,25.398495557877126,20.496668486449607,PHI,PHI,WFS_CORE_IMPACT_REPLACEMENT_RESIDUAL
2025_08_NYG_PHI,2025,8,2025-10-26,PHI,NYG,7.0,43.5,38.0,20.0,18.0,58.0,-0.801222005084198,2.231512084026194,6.198777994915802,45.73151208402619,25.965145039470997,19.766367044555196,PHI,PHI,WFS_CORE_IMPACT_RESIDUAL
2025_08_NYG_PHI,2025,8,2025-10-26,PHI,NYG,7.0,43.5,38.0,20.0,18.0,58.0,0.14311377824894697,2.4562562774106236,7.143113778248947,45.956256277410624,26.549685027829785,19.40657124958084,PHI,PHI,WFS_CORE_RESIDUAL
2025_08_NYJ_CIN,2025,8,2025-10-26,CIN,NYJ,5.5,43.5,38.0,39.0,-1.0,77.0,0.0,0.0,5.5,43.5,24.5,19.0,NYJ,CIN,MARKET
2025_08_NYJ_CIN,2025,8,2025-10-26,CIN,NYJ,5.5,43.5,38.0,39.0,-1.0,77.0,5.477791435520349,4.835677490906599,10.977791435520349,48.3356774909066,29.656734463213475,18.678943027693123,NYJ,CIN,WFS_CORE_IMPACT_REPLACEMENT_RESIDUAL
2025_08_NYJ_CIN,2025,8,2025-10-26,CIN,NYJ,5.5,43.5,38.0,39.0,-1.0,77.0,5.503063098911297,3.7111031585082404,11.003063098911298,47.21110315850824,29.107083128709768,18.10402002979847,NYJ,CIN,WFS_CORE_IMPACT_RESIDUAL
2025_08_NYJ_CIN,2025,8,2025-10-26,CIN,NYJ,5.5,43.5,38.0,39.0,-1.0,77.0,-0.06294963401524013,1.179775430952857,5.43705036598476,44.67977543095286,25.05841289846881,19.62136253248405,NYJ,CIN,WFS_CORE_RESIDUAL
2025_08_SF_HOU,2025,8,2025-10-26,HOU,SF,2.5,41.5,26.0,15.0,11.0,41.0,0.0,0.0,2.5,41.5,22.0,19.5,HOU,HOU,MARKET
2025_08_SF_HOU,2025,8,2025-10-26,HOU,SF,2.5,41.5,26.0,15.0,11.0,41.0,2.945576576325928,2.919860202720098,5.445576576325928,44.419860202720095,24.93271838952301,19.487141813197084,HOU,HOU,WFS_CORE_IMPACT_REPLACEMENT_RESIDUAL
2025_08_SF_HOU,2025,8,2025-10-26,HOU,SF,2.5,41.5,26.0,15.0,11.0,41.0,4.432778350332682,2.754518119013803,6.932778350332682,44.2545181190138,25.593648234673243,18.66086988434056,HOU,HOU,WFS_CORE_IMPACT_RESIDUAL
2025_08_SF_HOU,2025,8,2025-10-26,HOU,SF,2.5,41.5,26.0,15.0,11.0,41.0,1.335951295505553,2.0360794217011002,3.835951295505553,43.5360794217011,23.686015358603328,19.850064063097776,HOU,HOU,WFS_CORE_RESIDUAL
2025_08_TB_NO,2025,8,2025-10-26,NO,TB,-4.5,46.5,3.0,23.0,-20.0,26.0,0.0,0.0,-4.5,46.5,21.0,25.5,TB,TB,MARKET
2025_08_TB_NO,2025,8,2025-10-26,NO,TB,-4.5,46.5,3.0,23.0,-20.0,26.0,4.080271478627575,3.1658912410183495,-0.41972852137242533,49.66589124101835,24.62308135982296,25.04280988119539,TB,TB,WFS_CORE_IMPACT_REPLACEMENT_RESIDUAL
2025_08_TB_NO,2025,8,2025-10-26,NO,TB,-4.5,46.5,3.0,23.0,-20.0,26.0,4.429944643219744,3.171376923035129,-0.07005535678025598,49.671376923035126,24.800660783127434,24.870716139907692,TB,TB,WFS_CORE_IMPACT_RESIDUAL
2025_08_TB_NO,2025,8,2025-10-26,NO,TB,-4.5,46.5,3.0,23.0,-20.0,26.0,0.6538156186897355,1.1966851513068237,-3.8461843813102643,47.69668515130682,21.92525038499828,25.771434766308545,TB,TB,WFS_CORE_RESIDUAL
2025_08_TEN_IND,2025,8,2025-10-26,IND,TEN,15.5,47.5,38.0,14.0,24.0,52.0,0.0,0.0,15.5,47.5,31.5,16.0,IND,IND,MARKET
2025_08_TEN_IND,2025,8,2025-10-26,IND,TEN,15.5,47.5,38.0,14.0,24.0,52.0,2.3359407388893736,4.469172437809124,17.835940738889374,51.96917243780912,34.90255658834925,17.066615849459872,IND,IND,WFS_CORE_IMPACT_REPLACEMENT_RESIDUAL
2025_08_TEN_IND,2025,8,2025-10-26,IND,TEN,15.5,47.5,38.0,14.0,24.0,52.0,2.3600541066216034,4.03176963000005,17.860054106621604,51.53176963000005,34.69591186831083,16.835857761689223,IND,IND,WFS_CORE_IMPACT_RESIDUAL
2025_08_TEN_IND,2025,8,2025-10-26,IND,TEN,15.5,47.5,38.0,14.0,24.0,52.0,1.664621708513049,3.141679084195219,17.16462170851305,50.64167908419522,33.903150396354135,16.738528687841082,IND,IND,WFS_CORE_RESIDUAL
2025_08_WAS_KC,2025,8,2025-10-27,KC,WAS,10.5,48.5,28.0,7.0,21.0,35.0,0.0,0.0,10.5,48.5,29.5,19.0,KC,KC,MARKET
2025_08_WAS_KC,2025,8,2025-10-27,KC,WAS,10.5,48.5,28.0,7.0,21.0,35.0,4.074903031257148,2.0327416732429184,14.574903031257147,50.53274167324292,32.55382235225003,17.978919320992887,KC,KC,WFS_CORE_IMPACT_REPLACEMENT_RESIDUAL
2025_08_WAS_KC,2025,8,2025-10-27,KC,WAS,10.5,48.5,28.0,7.0,21.0,35.0,4.494924467254508,2.0919997118781226,14.994924467254508,50.591999711878124,32.79346208956632,17.79853762231181,KC,KC,WFS_CORE_IMPACT_RESIDUAL
2025_08_WAS_KC,2025,8,2025-10-27,KC,WAS,10.5,48.5,28.0,7.0,21.0,35.0,1.8036080908217516,2.1100425039309907,12.30360809082175,50.61004250393099,31.45682529737637,19.153217206554622,KC,KC,WFS_CORE_RESIDUAL
2025_09_BAL_MIA,2025,9,2025-10-30,MIA,BAL,-7.5,51.5,6.0,28.0,-22.0,34.0,0.0,0.0,-7.5,51.5,22.0,29.5,BAL,BAL,MARKET
2025_09_BAL_MIA,2025,9,2025-10-30,MIA,BAL,-7.5,51.5,6.0,28.0,-22.0,34.0,-0.05722687023628703,1.265697581562991,-7.557226870236287,52.76569758156299,22.604235355663352,30.161462225899637,BAL,BAL,WFS_CORE_IMPACT_REPLACEMENT_RESIDUAL
2025_09_BAL_MIA,2025,9,2025-10-30,MIA,BAL,-7.5,51.5,6.0,28.0,-22.0,34.0,0.4318886979357891,1.2828022814617195,-7.068111302064211,52.78280228146172,22.857345489698755,29.925456791762965,BAL,BAL,WFS_CORE_IMPACT_RESIDUAL
2025_09_BAL_MIA,2025,9,2025-10-30,MIA,BAL,-7.5,51.5,6.0,28.0,-22.0,34.0,1.0074930023785218,1.674469047173522,-6.492506997621478,53.174469047173524,23.340981024776024,29.8334880223975,BAL,BAL,WFS_CORE_RESIDUAL
2025_09_ATL_NE,2025,9,2025-11-02,NE,ATL,5.5,45.5,24.0,23.0,1.0,47.0,0.0,0.0,5.5,45.5,25.5,20.0,NE,NE,MARKET
2025_09_ATL_NE,2025,9,2025-11-02,NE,ATL,5.5,45.5,24.0,23.0,1.0,47.0,-0.29006771799585823,1.5973601280195262,5.209932282004142,47.097360128019524,26.15364620501183,20.943713923007692,NE,NE,WFS_CORE_IMPACT_REPLACEMENT_RESIDUAL
2025_09_ATL_NE,2025,9,2025-11-02,NE,ATL,5.5,45.5,24.0,23.0,1.0,47.0,3.1834729368084482,2.0689102580053063,8.683472936808448,47.5689102580053,28.126191597406876,19.442718660598427,NE,NE,WFS_CORE_IMPACT_RESIDUAL
2025_09_ATL_NE,2025,9,2025-11-02,NE,ATL,5.5,45.5,24.0,23.0,1.0,47.0,2.7164533744533013,1.9218076401533293,8.216453374453302,47.42180764015333,27.819130507303317,19.602677132850015,NE,NE,WFS_CORE_RESIDUAL
2025_09_CAR_GB,2025,9,2025-11-02,GB,CAR,12.5,43.5,13.0,16.0,-3.0,29.0,0.0,0.0,12.5,43.5,28.0,15.5,CAR,GB,MARKET
2025_09_CAR_GB,2025,9,2025-11-02,GB,CAR,12.5,43.5,13.0,16.0,-3.0,29.0,1.3407568699386134,2.3756579845734747,13.840756869938613,45.87565798457347,29.85820742725604,16.01745055731743,CAR,GB,WFS_CORE_IMPACT_REPLACEMENT_RESIDUAL
2025_09_CAR_GB,2025,9,2025-11-02,GB,CAR,12.5,43.5,13.0,16.0,-3.0,29.0,0.8998526602114568,1.7319921429958527,13.399852660211456,45.23199214299585,29.315922401603654,15.916069741392196,CAR,GB,WFS_CORE_IMPACT_RESIDUAL
2025_09_CAR_GB,2025,9,2025-11-02,GB,CAR,12.5,43.5,13.0,16.0,-3.0,29.0,1.5654951704031723,2.2868165191954715,14.065495170403173,45.78681651919547,29.92615584479932,15.860660674396147,CAR,GB,WFS_CORE_RESIDUAL
2025_09_CHI_CIN,2025,9,2025-11-02,CIN,CHI,-3.0,51.5,42.0,47.0,-5.0,89.0,0.0,0.0,-3.0,51.5,24.25,27.25,CHI,CHI,MARKET
2025_09_CHI_CIN,2025,9,2025-11-02,CIN,CHI,-3.0,51.5,42.0,47.0,-5.0,89.0,2.0291621209395196,2.020288391244797,-0.9708378790604804,53.5202883912448,26.274725256092157,27.24556313515264,CHI,CHI,WFS_CORE_IMPACT_REPLACEMENT_RESIDUAL
2025_09_CHI_CIN,2025,9,2025-11-02,CIN,CHI,-3.0,51.5,42.0,47.0,-5.0,89.0,2.400865685910665,2.2023093877679485,-0.5991343140893348,53.70230938776795,26.551587536839307,27.15072185092864,CHI,CHI,WFS_CORE_IMPACT_RESIDUAL
2025_09_CHI_CIN,2025,9,2025-11-02,CIN,CHI,-3.0,51.5,42.0,47.0,-5.0,89.0,0.15178070186657455,0.7057816168948753,-2.8482192981334253,52.205781616894875,24.678781159380726,27.52700045751415,CHI,CHI,WFS_CORE_RESIDUAL
2025_09_DEN_HOU,2025,9,2025-11-02,HOU,DEN,1.5,40.5,15.0,18.0,-3.0,33.0,0.0,0.0,1.5,40.5,21.0,19.5,DEN,HOU,MARKET
2025_09_DEN_HOU,2025,9,2025-11-02,HOU,DEN,1.5,40.5,15.0,18.0,-3.0,33.0,2.391232123434641,3.472711914762837,3.891232123434641,43.97271191476284,23.93197201909874,20.0407398956641,DEN,HOU,WFS_CORE_IMPACT_REPLACEMENT_RESIDUAL
2025_09_DEN_HOU,2025,9,2025-11-02,HOU,DEN,1.5,40.5,15.0,18.0,-3.0,33.0,2.6855600852805686,2.739214838236374,4.185560085280569,43.23921483823637,23.71238746175847,19.5268273764779,DEN,HOU,WFS_CORE_IMPACT_RESIDUAL
2025_09_DEN_HOU,2025,9,2025-11-02,HOU,DEN,1.5,40.5,15.0,18.0,-3.0,33.0,1.6025577835508564,2.355782533780159,3.102557783550856,42.85578253378016,22.979170158665507,19.87661237511465,DEN,HOU,WFS_CORE_RESIDUAL
2025_09_IND_PIT,2025,9,2025-11-02,PIT,IND,-3.5,51.5,27.0,20.0,7.0,47.0,0.0,0.0,-3.5,51.5,24.0,27.5,PIT,IND,MARKET
2025_09_IND_PIT,2025,9,2025-11-02,PIT,IND,-3.5,51.5,27.0,20.0,7.0,47.0,-0.09619802561658257,3.0011245162506075,-3.5961980256165824,54.501124516250606,25.452463245317013,29.048661270933593,PIT,IND,WFS_CORE_IMPACT_REPLACEMENT_RESIDUAL
2025_09_IND_PIT,2025,9,2025-11-02,PIT,IND,-3.5,51.5,27.0,20.0,7.0,47.0,-0.039644682603424394,1.7943973890682945,-3.5396446826034245,53.294397389068294,24.877376353232435,28.41702103583586,PIT,IND,WFS_CORE_IMPACT_RESIDUAL
2025_09_IND_PIT,2025,9,2025-11-02,PIT,IND,-3.5,51.5,27.0,20.0,7.0,47.0,0.44375735876339306,1.8291376841753964,-3.056242641236607,53.32913768417539,25.136447521469393,28.192690162706,PIT,IND,WFS_CORE_RESIDUAL
2025_09_JAX_LV,2025,9,2025-11-02,LV,JAX,-2.5,43.5,29.0,30.0,-1.0,59.0,0.0,0.0,-2.5,43.5,20.5,23.0,JAX,JAX,MARKET
2025_09_JAX_LV,2025,9,2025-11-02,LV,JAX,-2.5,43.5,29.0,30.0,-1.0,59.0,2.5027318184319487,2.405932081932717,0.002731818431948696,45.90593208193272,22.954331950182333,22.951600131750386,JAX,LV,WFS_CORE_IMPACT_REPLACEMENT_RESIDUAL
2025_09_JAX_LV,2025,9,2025-11-02,LV,JAX,-2.5,43.5,29.0,30.0,-1.0,59.0,2.237133579997533,1.2290171295790047,-0.26286642000246685,44.729017129579006,22.23307535478827,22.495941774790737,JAX,JAX,WFS_CORE_IMPACT_RESIDUAL
2025_09_JAX_LV,2025,9,2025-11-02,LV,JAX,-2.5,43.5,29.0,30.0,-1.0,59.0,-0.0802122845375434,-0.19968125385204855,-2.5802122845375433,43.30031874614795,20.360053230805203,22.940265515342748,JAX,JAX,WFS_CORE_RESIDUAL
2025_09_KC_BUF,2025,9,2025-11-02,BUF,KC,-2.5,53.5,28.0,21.0,7.0,49.0,0.0,0.0,-2.5,53.5,25.5,28.0,BUF,KC,MARKET
2025_09_KC_BUF,2025,9,2025-11-02,BUF,KC,-2.5,53.5,28.0,21.0,7.0,49.0,2.347499631206468,3.353647678045124,-0.15250036879353202,56.85364767804512,28.350573654625794,28.503074023419327,BUF,KC,WFS_CORE_IMPACT_REPLACEMENT_RESIDUAL
2025_09_KC_BUF,2025,9,2025-11-02,BUF,KC,-2.5,53.5,28.0,21.0,7.0,49.0,3.0891898031217173,3.4409286701169473,0.5891898031217173,56.940928670116946,28.765059236619333,28.175869433497613,BUF,BUF,WFS_CORE_IMPACT_RESIDUAL
2025_09_KC_BUF,2025,9,2025-11-02,BUF,KC,-2.5,53.5,28.0,21.0,7.0,49.0,2.40379963040084,2.998071359860047,-0.09620036959915979,56.49807135986005,28.200935495130445,28.297135864729604,BUF,KC,WFS_CORE_RESIDUAL
2025_09_LAC_TEN,2025,9,2025-11-02,TEN,LAC,-10.0,44.5,20.0,27.0,-7.0,47.0,0.0,0.0,-10.0,44.5,17.25,27.25,LAC,LAC,MARKET
2025_09_LAC_TEN,2025,9,2025-11-02,TEN,LAC,-10.0,44.5,20.0,27.0,-7.0,47.0,-1.861101515690259,1.6488615640097097,-11.861101515690258,46.14886156400971,17.143880024159724,29.004981539849982,LAC,LAC,WFS_CORE_IMPACT_REPLACEMENT_RESIDUAL
2025_09_LAC_TEN,2025,9,2025-11-02,TEN,LAC,-10.0,44.5,20.0,27.0,-7.0,47.0,-1.7796155280350667,1.5733760989402823,-11.779615528035066,46.07337609894028,17.146880285452607,28.926495813487673,LAC,LAC,WFS_CORE_IMPACT_RESIDUAL
2025_09_LAC_TEN,2025,9,2025-11-02,TEN,LAC,-10.0,44.5,20.0,27.0,-7.0,47.0,-0.9123412370744052,0.7066673220941198,-10.912341237074406,45.20666732209412,17.147163042509856,28.059504279584264,LAC,LAC,WFS_CORE_RESIDUAL
2025_09_MIN_DET,2025,9,2025-11-02,DET,MIN,9.5,47.5,24.0,27.0,-3.0,51.0,0.0,0.0,9.5,47.5,28.5,19.0,MIN,DET,MARKET
2025_09_MIN_DET,2025,9,2025-11-02,DET,MIN,9.5,47.5,24.0,27.0,-3.0,51.0,1.9373785820488747,2.2896016520960614,11.437378582048876,49.78960165209606,30.613490117072466,19.176111535023594,MIN,DET,WFS_CORE_IMPACT_REPLACEMENT_RESIDUAL
2025_09_MIN_DET,2025,9,2025-11-02,DET,MIN,9.5,47.5,24.0,27.0,-3.0,51.0,2.0725874425913315,1.412206641638392,11.572587442591331,48.91220664163839,30.24239704211486,18.669809599523532,MIN,DET,WFS_CORE_IMPACT_RESIDUAL
2025_09_MIN_DET,2025,9,2025-11-02,DET,MIN,9.5,47.5,24.0,27.0,-3.0,51.0,2.073004322411262,1.6924843788822894,11.573004322411261,49.19248437888229,30.382744350646774,18.809740028235517,MIN,DET,WFS_CORE_RESIDUAL
2025_09_NO_LA,2025,9,2025-11-02,LA,NO,14.0,44.5,34.0,10.0,24.0,44.0,0.0,0.0,14.0,44.5,29.25,15.25,LA,LA,MARKET
2025_09_NO_LA,2025,9,2025-11-02,LA,NO,14.0,44.5,34.0,10.0,24.0,44.0,1.6096858662703364,1.731743628725313,15.609685866270336,46.23174362872531,30.920714747497826,15.311028881227488,LA,LA,WFS_CORE_IMPACT_REPLACEMENT_RESIDUAL
2025_09_NO_LA,2025,9,2025-11-02,LA,NO,14.0,44.5,34.0,10.0,24.0,44.0,1.8209990877377331,1.7957228648684913,15.820999087737732,46.295722864868495,31.058360976303113,15.237361888565381,LA,LA,WFS_CORE_IMPACT_RESIDUAL
2025_09_NO_LA,2025,9,2025-11-02,LA,NO,14.0,44.5,34.0,10.0,24.0,44.0,1.8793334064344587,2.7404135991765823,15.879333406434458,47.240413599176584,31.559873502805523,15.680540096371063,LA,LA,WFS_CORE_RESIDUAL
2025_09_SEA_WAS,2025,9,2025-11-02,WAS,SEA,-2.5,47.5,14.0,38.0,-24.0,52.0,0.0,0.0,-2.5,47.5,22.5,25.0,SEA,SEA,MARKET
2025_09_SEA_WAS,2025,9,2025-11-02,WAS,SEA,-2.5,47.5,14.0,38.0,-24.0,52.0,-0.3692539055343489,1.282851225950775,-2.869253905534349,48.78285122595077,22.95679866020821,25.82605256574256,SEA,SEA,WFS_CORE_IMPACT_REPLACEMENT_RESIDUAL
2025_09_SEA_WAS,2025,9,2025-11-02,WAS,SEA,-2.5,47.5,14.0,38.0,-24.0,52.0,1.0292563661869087,1.7311683137532947,-1.4707436338130913,49.231168313753294,23.8802123399701,25.350955973783194,SEA,SEA,WFS_CORE_IMPACT_RESIDUAL
2025_09_SEA_WAS,2025,9,2025-11-02,WAS,SEA,-2.5,47.5,14.0,38.0,-24.0,52.0,0.45281897146306527,0.7655655701382195,-2.0471810285369347,48.26556557013822,23.109192270800644,25.156373299337577,SEA,SEA,WFS_CORE_RESIDUAL
2025_09_SF_NYG,2025,9,2025-11-02,NYG,SF,-2.5,47.5,24.0,34.0,-10.0,58.0,0.0,0.0,-2.5,47.5,22.5,25.0,SF,SF,MARKET
2025_09_SF_NYG,2025,9,2025-11-02,NYG,SF,-2.5,47.5,24.0,34.0,-10.0,58.0,1.1284402082531426,2.4458908092697786,-1.3715597917468574,49.94589080926978,24.28716550876146,25.658725300508316,SF,SF,WFS_CORE_IMPACT_REPLACEMENT_RESIDUAL
2025_09_SF_NYG,2025,9,2025-11-02,NYG,SF,-2.5,47.5,24.0,34.0,-10.0,58.0,2.1581659926541787,2.4312925965724133,-0.34183400734582126,49.93129259657241,24.794729294613294,25.136563301959118,SF,SF,WFS_CORE_IMPACT_RESIDUAL
2025_09_SF_NYG,2025,9,2025-11-02,NYG,SF,-2.5,47.5,24.0,34.0,-10.0,58.0,1.5356763635844928,1.396014644138135,-0.9643236364155072,48.896014644138134,23.965845503861313,24.93016914027682,SF,SF,WFS_CORE_RESIDUAL
2025_09_ARI_DAL,2025,9,2025-11-03,DAL,ARI,3.5,53.5,17.0,27.0,-10.0,44.0,0.0,0.0,3.5,53.5,28.5,25.0,ARI,DAL,MARKET
2025_09_ARI_DAL,2025,9,2025-11-03,DAL,ARI,3.5,53.5,17.0,27.0,-10.0,44.0,-0.6237679807398256,3.4382287843738424,2.8762320192601742,56.93822878437384,29.907230401817007,27.030998382556835,ARI,DAL,WFS_CORE_IMPACT_REPLACEMENT_RESIDUAL
2025_09_ARI_DAL,2025,9,2025-11-03,DAL,ARI,3.5,53.5,17.0,27.0,-10.0,44.0,-1.0702595146841585,0.9370603912334089,2.4297404853158415,54.43706039123341,28.433400438274624,26.003659952958785,ARI,DAL,WFS_CORE_IMPACT_RESIDUAL
2025_09_ARI_DAL,2025,9,2025-11-03,DAL,ARI,3.5,53.5,17.0,27.0,-10.0,44.0,0.22126006121884015,0.8680097262748785,3.7212600612188402,54.36800972627488,29.04463489374686,25.323374832528017,ARI,DAL,WFS_CORE_RESIDUAL
2025_10_LV_DEN,2025,10,2025-11-06,DEN,LV,9.5,42.5,10.0,7.0,3.0,17.0,0.0,0.0,9.5,42.5,26.0,16.5,DEN,DEN,MARKET
2025_10_LV_DEN,2025,10,2025-11-06,DEN,LV,9.5,42.5,10.0,7.0,3.0,17.0,1.8408448793439132,3.893094411052221,11.340844879343914,46.39309441105222,28.866969645198065,17.526124765854153,DEN,DEN,WFS_CORE_IMPACT_REPLACEMENT_RESIDUAL
2025_10_LV_DEN,2025,10,2025-11-06,DEN,LV,9.5,42.5,10.0,7.0,3.0,17.0,1.935260300787838,3.1234671067227016,11.435260300787839,45.6234671067227,28.52936370375527,17.09410340296743,DEN,DEN,WFS_CORE_IMPACT_RESIDUAL
2025_10_LV_DEN,2025,10,2025-11-06,DEN,LV,9.5,42.5,10.0,7.0,3.0,17.0,1.164871229652233,2.642953167771085,10.664871229652233,45.14295316777108,27.90391219871166,17.239040969059424,DEN,DEN,WFS_CORE_RESIDUAL
2025_10_ARI_SEA,2025,10,2025-11-09,SEA,ARI,7.0,44.5,44.0,22.0,22.0,66.0,0.0,0.0,7.0,44.5,25.75,18.75,SEA,SEA,MARKET
2025_10_ARI_SEA,2025,10,2025-11-09,SEA,ARI,7.0,44.5,44.0,22.0,22.0,66.0,0.9605560888696246,4.808406370946832,7.960556088869625,49.308406370946834,28.63448122990823,20.673925141038605,SEA,SEA,WFS_CORE_IMPACT_REPLACEMENT_RESIDUAL
2025_10_ARI_SEA,2025,10,2025-11-09,SEA,ARI,7.0,44.5,44.0,22.0,22.0,66.0,1.0692437143634035,3.282163158244543,8.069243714363404,47.78216315824454,27.925703436303973,19.85645972194057,SEA,SEA,WFS_CORE_IMPACT_RESIDUAL
2025_10_ARI_SEA,2025,10,2025-11-09,SEA,ARI,7.0,44.5,44.0,22.0,22.0,66.0,1.7932135203984634,2.7286867685727056,8.793213520398464,47.22868676857271,28.010950144485584,19.217736624087124,SEA,SEA,WFS_CORE_RESIDUAL
2025_10_ATL_IND,2025,10,2025-11-09,IND,ATL,6.5,48.5,31.0,25.0,6.0,56.0,0.0,0.0,6.5,48.5,27.5,21.0,IND,IND,MARKET
2025_10_ATL_IND,2025,10,2025-11-09,IND,ATL,6.5,48.5,31.0,25.0,6.0,56.0,0.6048993211675028,3.0222993816184283,7.104899321167503,51.52229938161843,29.313599351392966,22.208700030225465,IND,IND,WFS_CORE_IMPACT_REPLACEMENT_RESIDUAL
2025_10_ATL_IND,2025,10,2025-11-09,IND,ATL,6.5,48.5,31.0,25.0,6.0,56.0,0.840716162268597,2.307397096531581,7.340716162268597,50.80739709653158,29.07405662940009,21.73334046713149,IND,IND,WFS_CORE_IMPACT_RESIDUAL
2025_10_ATL_IND,2025,10,2025-11-09,IND,ATL,6.5,48.5,31.0,25.0,6.0,56.0,1.4755795256008648,2.4487983200435695,7.975579525600865,50.94879832004357,29.462188922822218,21.486609397221354,IND,IND,WFS_CORE_RESIDUAL
2025_10_BAL_MIN,2025,10,2025-11-09,MIN,BAL,-4.5,48.5,19.0,27.0,-8.0,46.0,0.0,0.0,-4.5,48.5,22.0,26.5,BAL,BAL,MARKET
2025_10_BAL_MIN,2025,10,2025-11-09,MIN,BAL,-4.5,48.5,19.0,27.0,-8.0,46.0,-2.3006399957101342,1.0915165925566352,-6.800639995710134,49.59151659255664,21.39543829842325,28.196078294133386,BAL,BAL,WFS_CORE_IMPACT_REPLACEMENT_RESIDUAL
2025_10_BAL_MIN,2025,10,2025-11-09,MIN,BAL,-4.5,48.5,19.0,27.0,-8.0,46.0,-1.0017780608254525,1.2666576981074247,-5.501778060825453,49.76665769810742,22.132439818640986,27.634217879466437,BAL,BAL,WFS_CORE_IMPACT_RESIDUAL
2025_10_BAL_MIN,2025,10,2025-11-09,MIN,BAL,-4.5,48.5,19.0,27.0,-8.0,46.0,-0.0857582853001717,1.3125992125198347,-4.585758285300171,49.812599212519835,22.61342046360983,27.199178748910004,BAL,BAL,WFS_CORE_RESIDUAL
2025_10_BUF_MIA,2025,10,2025-11-09,MIA,BUF,-8.5,50.5,30.0,13.0,17.0,43.0,0.0,0.0,-8.5,50.5,21.0,29.5,MIA,BUF,MARKET
2025_10_BUF_MIA,2025,10,2025-11-09,MIA,BUF,-8.5,50.5,30.0,13.0,17.0,43.0,2.304540894662853,1.5170552756412017,-6.195459105337147,52.017055275641205,22.91079808515203,29.106257190489174,MIA,BUF,WFS_CORE_IMPACT_REPLACEMENT_RESIDUAL
2025_10_BUF_MIA,2025,10,2025-11-09,MIA,BUF,-8.5,50.5,30.0,13.0,17.0,43.0,0.6594072632168215,0.725071109127738,-7.8405927367831785,51.22507110912774,21.69223918617228,29.53283192295546,MIA,BUF,WFS_CORE_IMPACT_RESIDUAL
2025_10_BUF_MIA,2025,10,2025-11-09,MIA,BUF,-8.5,50.5,30.0,13.0,17.0,43.0,0.6534772874281938,0.8889093834730237,-7.846522712571806,51.38890938347302,21.771193335450608,29.617716048022412,MIA,BUF,WFS_CORE_RESIDUAL
2025_10_CLE_NYJ,2025,10,2025-11-09,NYJ,CLE,-1.5,37.5,27.0,20.0,7.0,47.0,0.0,0.0,-1.5,37.5,18.0,19.5,NYJ,CLE,MARKET
2025_10_CLE_NYJ,2025,10,2025-11-09,NYJ,CLE,-1.5,37.5,27.0,20.0,7.0,47.0,1.5305860480803524,-0.07686375350462674,0.030586048080352368,37.423136246495375,18.726861147287863,18.69627509920751,NYJ,NYJ,WFS_CORE_IMPACT_REPLACEMENT_RESIDUAL
2025_10_CLE_NYJ,2025,10,2025-11-09,NYJ,CLE,-1.5,37.5,27.0,20.0,7.0,47.0,1.7756808753259463,-0.07627368048918062,0.2756808753259463,37.42372631951082,18.849703597418383,18.574022722092437,NYJ,NYJ,WFS_CORE_IMPACT_RESIDUAL
2025_10_CLE_NYJ,2025,10,2025-11-09,NYJ,CLE,-1.5,37.5,27.0,20.0,7.0,47.0,0.4651470037129266,0.1660527541259716,-1.0348529962870734,37.66605275412597,18.31559987891945,19.35045287520652,NYJ,CLE,WFS_CORE_RESIDUAL
2025_10_DET_WAS,2025,10,2025-11-09,WAS,DET,-8.5,49.5,22.0,44.0,-22.0,66.0,0.0,0.0,-8.5,49.5,20.5,29.0,DET,DET,MARKET
2025_10_DET_WAS,2025,10,2025-11-09,WAS,DET,-8.5,49.5,22.0,44.0,-22.0,66.0,0.14974893911496287,2.2182573558905654,-8.350251060885038,51.718257355890564,21.684003147502764,30.0342542083878,DET,DET,WFS_CORE_IMPACT_REPLACEMENT_RESIDUAL
2025_10_DET_WAS,2025,10,2025-11-09,WAS,DET,-8.5,49.5,22.0,44.0,-22.0,66.0,0.8962069754950035,1.8122849997971275,-7.603793024504997,51.31228499979713,21.854245987646067,29.458039012151062,DET,DET,WFS_CORE_IMPACT_RESIDUAL
2025_10_DET_WAS,2025,10,2025-11-09,WAS,DET,-8.5,49.5,22.0,44.0,-22.0,66.0,1.001352363275137,0.7034692157570864,-7.498647636724863,50.20346921575709,21.352410789516114,28.851058426240975,DET,DET,WFS_CORE_RESIDUAL
2025_10_JAX_HOU,2025,10,2025-11-09,HOU,JAX,-1.5,37.5,36.0,29.0,7.0,65.0,0.0,0.0,-1.5,37.5,18.0,19.5,HOU,JAX,MARKET
2025_10_JAX_HOU,2025,10,2025-11-09,HOU,JAX,-1.5,37.5,36.0,29.0,7.0,65.0,2.8575481237590075,4.436828904825108,1.3575481237590075,41.936828904825106,21.647188514292058,20.289640390533048,HOU,HOU,WFS_CORE_IMPACT_REPLACEMENT_RESIDUAL
2025_10_JAX_HOU,2025,10,2025-11-09,HOU,JAX,-1.5,37.5,36.0,29.0,7.0,65.0,3.2322903838680768,3.247550306708012,1.7322903838680768,40.747550306708014,21.239920345288045,19.50762996141997,HOU,HOU,WFS_CORE_IMPACT_RESIDUAL
2025_10_JAX_HOU,2025,10,2025-11-09,HOU,JAX,-1.5,37.5,36.0,29.0,7.0,65.0,1.0418277502545898,2.1791087192903293,-0.45817224974541015,39.679108719290326,19.61046823477246,20.068640484517868,HOU,JAX,WFS_CORE_RESIDUAL
2025_10_LA_SF,2025,10,2025-11-09,SF,LA,-5.5,49.5,26.0,42.0,-16.0,68.0,0.0,0.0,-5.5,49.5,22.0,27.5,LA,LA,MARKET
2025_10_LA_SF,2025,10,2025-11-09,SF,LA,-5.5,49.5,26.0,42.0,-16.0,68.0,-3.4348272676870324,1.6782975038872816,-8.934827267687032,51.17829750388728,21.121735118100123,30.056562385787156,LA,LA,WFS_CORE_IMPACT_REPLACEMENT_RESIDUAL
2025_10_LA_SF,2025,10,2025-11-09,SF,LA,-5.5,49.5,26.0,42.0,-16.0,68.0,-0.07080956780545722,1.7564344137235413,-5.570809567805457,51.25643441372354,22.842812422959042,28.413621990764497,LA,LA,WFS_CORE_IMPACT_RESIDUAL
2025_10_LA_SF,2025,10,2025-11-09,SF,LA,-5.5,49.5,26.0,42.0,-16.0,68.0,1.3225831393227283,2.5258700250964043,-4.177416860677272,52.0258700250964,23.924226582209567,28.101643442886836,LA,LA,WFS_CORE_RESIDUAL
2025_10_NE_TB,2025,10,2025-11-09,TB,NE,2.5,48.5,23.0,28.0,-5.0,51.0,0.0,0.0,2.5,48.5,25.5,23.0,NE,TB,MARKET
2025_10_NE_TB,2025,10,2025-11-09,TB,NE,2.5,48.5,23.0,28.0,-5.0,51.0,-3.722172883730684,0.21002366549796259,-1.2221728837306838,48.710023665497964,23.74392539088364,24.966098274614325,NE,NE,WFS_CORE_IMPACT_REPLACEMENT_RESIDUAL
2025_10_NE_TB,2025,10,2025-11-09,TB,NE,2.5,48.5,23.0,28.0,-5.0,51.0,-1.3964127137537865,0.30771329021107086,1.1035872862462135,48.80771329021107,24.95565028822864,23.85206300198243,NE,TB,WFS_CORE_IMPACT_RESIDUAL
2025_10_NE_TB,2025,10,2025-11-09,TB,NE,2.5,48.5,23.0,28.0,-5.0,51.0,0.3582341846795005,1.8358627917260306,2.8582341846795005,50.33586279172603,26.597048488202766,23.738814303523263,NE,TB,WFS_CORE_RESIDUAL
2025_10_NO_CAR,2025,10,2025-11-09,CAR,NO,5.5,38.5,7.0,17.0,-10.0,24.0,0.0,0.0,5.5,38.5,22.0,16.5,NO,CAR,MARKET
2025_10_NO_CAR,2025,10,2025-11-09,CAR,NO,5.5,38.5,7.0,17.0,-10.0,24.0,1.8176939901053275,0.27895848203192597,7.317693990105328,38.778958482031925,23.048326236068625,15.7306322459633,NO,CAR,WFS_CORE_IMPACT_REPLACEMENT_RESIDUAL
2025_10_NO_CAR,2025,10,2025-11-09,CAR,NO,5.5,38.5,7.0,17.0,-10.0,24.0,2.080362683363984,0.3411327276149894,7.580362683363984,38.84113272761499,23.21074770548949,15.630385022125504,NO,CAR,WFS_CORE_IMPACT_RESIDUAL
2025_10_NO_CAR,2025,10,2025-11-09,CAR,NO,5.5,38.5,7.0,17.0,-10.0,24.0,1.855183549233591,1.4213209795108033,7.355183549233591,39.9213209795108,23.6382522643722,16.283068715138604,NO,CAR,WFS_CORE_RESIDUAL
2025_10_NYG_CHI,2025,10,2025-11-09,CHI,NYG,4.5,45.5,24.0,20.0,4.0,44.0,0.0,0.0,4.5,45.5,25.0,20.5,CHI,CHI,MARKET
2025_10_NYG_CHI,2025,10,2025-11-09,CHI,NYG,4.5,45.5,24.0,20.0,4.0,44.0,1.0007062851432338,2.38839253639362,5.500706285143234,47.88839253639362,26.694549410768424,21.193843125625193,CHI,CHI,WFS_CORE_IMPACT_REPLACEMENT_RESIDUAL
2025_10_NYG_CHI,2025,10,2025-11-09,CHI,NYG,4.5,45.5,24.0,20.0,4.0,44.0,1.5075023458654981,2.1251382071750378,6.007502345865499,47.62513820717504,26.81632027652027,20.808817930654772,CHI,CHI,WFS_CORE_IMPACT_RESIDUAL
2025_10_NYG_CHI,2025,10,2025-11-09,CHI,NYG,4.5,45.5,24.0,20.0,4.0,44.0,1.6869876666831765,1.2421804425056227,6.1869876666831765,46.74218044250562,26.464584054594397,20.277596387911224,CHI,CHI,WFS_CORE_RESIDUAL
2025_10_PIT_LAC,2025,10,2025-11-09,LAC,PIT,3.0,45.5,25.0,10.0,15.0,35.0,0.0,0.0,3.0,45.5,24.25,21.25,LAC,LAC,MARKET
2025_10_PIT_LAC,2025,10,2025-11-09,LAC,PIT,3.0,45.5,25.0,10.0,15.0,35.0,1.528449754280126,1.390183960597764,4.5284497542801265,46.89018396059777,25.709316857438946,21.18086710315882,LAC,LAC,WFS_CORE_IMPACT_REPLACEMENT_RESIDUAL
2025_10_PIT_LAC,2025,10,2025-11-09,LAC,PIT,3.0,45.5,25.0,10.0,15.0,35.0,1.8174691518999433,1.458863232129424,4.817469151899943,46.958863232129424,25.888166192014683,21.07069704011474,LAC,LAC,WFS_CORE_IMPACT_RESIDUAL
2025_10_PIT_LAC,2025,10,2025-11-09,LAC,PIT,3.0,45.5,25.0,10.0,15.0,35.0,0.9591829071841035,1.7896402953952795,3.9591829071841036,47.28964029539528,25.62441160128969,21.66522869410559,LAC,LAC,WFS_CORE_RESIDUAL
2025_10_PHI_GB,2025,10,2025-11-10,GB,PHI,1.5,45.5,7.0,10.0,-3.0,17.0,0.0,0.0,1.5,45.5,23.5,22.0,PHI,GB,MARKET
2025_10_PHI_GB,2025,10,2025-11-10,GB,PHI,1.5,45.5,7.0,10.0,-3.0,17.0,-0.014122820599537393,1.8216561393609072,1.4858771794004626,47.321656139360904,24.403766659380683,22.91788947998022,PHI,GB,WFS_CORE_IMPACT_REPLACEMENT_RESIDUAL
2025_10_PHI_GB,2025,10,2025-11-10,GB,PHI,1.5,45.5,7.0,10.0,-3.0,17.0,0.19629797103323926,1.4562723126464294,1.6962979710332393,46.956272312646426,24.326285141839833,22.629987170806594,PHI,GB,WFS_CORE_IMPACT_RESIDUAL
2025_10_PHI_GB,2025,10,2025-11-10,GB,PHI,1.5,45.5,7.0,10.0,-3.0,17.0,0.5515551262365067,1.6388130025609382,2.0515551262365066,47.13881300256094,24.595184064398723,22.543628938162215,PHI,GB,WFS_CORE_RESIDUAL
2025_11_NYJ_NE,2025,11,2025-11-13,NE,NYJ,12.5,43.5,27.0,14.0,13.0,41.0,0.0,0.0,12.5,43.5,28.0,15.5,NE,NE,MARKET
2025_11_NYJ_NE,2025,11,2025-11-13,NE,NYJ,12.5,43.5,27.0,14.0,13.0,41.0,1.3617333014765909,2.662023488025396,13.86173330147659,46.1620234880254,30.011878394750994,16.150145093274404,NE,NE,WFS_CORE_IMPACT_REPLACEMENT_RESIDUAL
2025_11_NYJ_NE,2025,11,2025-11-13,NE,NYJ,12.5,43.5,27.0,14.0,13.0,41.0,2.1771328380416644,2.358374803811572,14.677132838041665,45.85837480381157,30.267753820926618,15.590620982884953,NE,NE,WFS_CORE_IMPACT_RESIDUAL
2025_11_NYJ_NE,2025,11,2025-11-13,NE,NYJ,12.5,43.5,27.0,14.0,13.0,41.0,2.0769171225232017,2.2621118602836012,14.576917122523202,45.7621118602836,30.169514491403405,15.5925973688802,NE,NE,WFS_CORE_RESIDUAL
2025_11_BAL_CLE,2025,11,2025-11-16,CLE,BAL,-7.5,37.5,16.0,23.0,-7.0,39.0,0.0,0.0,-7.5,37.5,15.0,22.5,BAL,BAL,MARKET
2025_11_BAL_CLE,2025,11,2025-11-16,CLE,BAL,-7.5,37.5,16.0,23.0,-7.0,39.0,2.0056097247554385,2.7196731815678916,-5.4943902752445615,40.21967318156789,17.362641453161665,22.857031728406227,BAL,BAL,WFS_CORE_IMPACT_REPLACEMENT_RESIDUAL
2025_11_BAL_CLE,2025,11,2025-11-16,CLE,BAL,-7.5,37.5,16.0,23.0,-7.0,39.0,2.093966014447156,2.2899361581916704,-5.406033985552844,39.78993615819167,17.191951086319413,22.59798507187226,BAL,BAL,WFS_CORE_IMPACT_RESIDUAL
2025_11_BAL_CLE,2025,11,2025-11-16,CLE,BAL,-7.5,37.5,16.0,23.0,-7.0,39.0,0.5784862191304209,1.1266965457798026,-6.921513780869579,38.6266965457798,15.852591382455111,22.77410516332469,BAL,BAL,WFS_CORE_RESIDUAL
2025_11_CAR_ATL,2025,11,2025-11-16,ATL,CAR,4.5,42.5,27.0,30.0,-3.0,57.0,0.0,0.0,4.5,42.5,23.5,19.0,CAR,ATL,MARKET
2025_11_CAR_ATL,2025,11,2025-11-16,ATL,CAR,4.5,42.5,27.0,30.0,-3.0,57.0,-0.2944934643421163,1.1450298882032415,4.205506535657884,43.64502988820324,23.92526821193056,19.71976167627268,CAR,ATL,WFS_CORE_IMPACT_REPLACEMENT_RESIDUAL
2025_11_CAR_ATL,2025,11,2025-11-16,ATL,CAR,4.5,42.5,27.0,30.0,-3.0,57.0,-0.13718469054176058,0.5360366329404457,4.36281530945824,43.036036632940444,23.699425971199343,19.3366106617411,CAR,ATL,WFS_CORE_IMPACT_RESIDUAL
2025_11_CAR_ATL,2025,11,2025-11-16,ATL,CAR,4.5,42.5,27.0,30.0,-3.0,57.0,0.6091628270162762,0.8181078589486899,5.109162827016276,43.31810785894869,24.213635342982485,19.104472515966208,CAR,ATL,WFS_CORE_RESIDUAL
2025_11_CHI_MIN,2025,11,2025-11-16,MIN,CHI,3.0,47.5,17.0,19.0,-2.0,36.0,0.0,0.0,3.0,47.5,25.25,22.25,CHI,MIN,MARKET
2025_11_CHI_MIN,2025,11,2025-11-16,MIN,CHI,3.0,47.5,17.0,19.0,-2.0,36.0,-0.14687082780800062,1.1100255333182474,2.8531291721919994,48.61002553331825,25.731577352755124,22.878448180563126,CHI,MIN,WFS_CORE_IMPACT_REPLACEMENT_RESIDUAL
2025_11_CHI_MIN,2025,11,2025-11-16,MIN,CHI,3.0,47.5,17.0,19.0,-2.0,36.0,0.002270696156050578,1.1028927400934228,3.0022706961560504,48.602892740093424,25.80258171812474,22.800311021968685,CHI,MIN,WFS_CORE_IMPACT_RESIDUAL
2025_11_CHI_MIN,2025,11,2025-11-16,MIN,CHI,3.0,47.5,17.0,19.0,-2.0,36.0,0.3333786598478184,0.8998585103891193,3.3333786598478183,48.399858510389116,25.866618585118466,22.53323992527065,CHI,MIN,WFS_CORE_RESIDUAL
2025_11_CIN_PIT,2025,11,2025-11-16,PIT,CIN,5.5,48.5,34.0,12.0,22.0,46.0,0.0,0.0,5.5,48.5,27.0,21.5,PIT,PIT,MARKET
2025_11_CIN_PIT,2025,11,2025-11-16,PIT,CIN,5.5,48.5,34.0,12.0,22.0,46.0,1.4596835860605764,1.7561733577050118,6.959683586060576,50.25617335770501,28.607928471882794,21.648244885822216,PIT,PIT,WFS_CORE_IMPACT_REPLACEMENT_RESIDUAL
2025_11_CIN_PIT,2025,11,2025-11-16,PIT,CIN,5.5,48.5,34.0,12.0,22.0,46.0,1.8579750507899018,1.8467788880608351,7.357975050789902,50.34677888806083,28.852376969425368,21.494401918635464,PIT,PIT,WFS_CORE_IMPACT_RESIDUAL
2025_11_CIN_PIT,2025,11,2025-11-16,PIT,CIN,5.5,48.5,34.0,12.0,22.0,46.0,-0.23456227148169329,0.2017075880781738,5.2654377285183065,48.70170758807817,26.98357265829824,21.718134929779932,PIT,PIT,WFS_CORE_RESIDUAL
2025_11_DET_PHI,2025,11,2025-11-16,PHI,DET,2.5,46.5,16.0,9.0,7.0,25.0,0.0,0.0,2.5,46.5,24.5,22.0,PHI,PHI,MARKET
2025_11_DET_PHI,2025,11,2025-11-16,PHI,DET,2.5,46.5,16.0,9.0,7.0,25.0,3.723702666543454,2.9661929092039196,6.2237026665434545,49.46619290920392,27.844947787873686,21.621245121330233,PHI,PHI,WFS_CORE_IMPACT_REPLACEMENT_RESIDUAL
2025_11_DET_PHI,2025,11,2025-11-16,PHI,DET,2.5,46.5,16.0,9.0,7.0,25.0,4.095400352276628,2.9499119149342308,6.595400352276628,49.44991191493423,28.02265613360543,21.427255781328803,PHI,PHI,WFS_CORE_IMPACT_RESIDUAL
2025_11_DET_PHI,2025,11,2025-11-16,PHI,DET,2.5,46.5,16.0,9.0,7.0,25.0,1.857772640856694,1.2066705634104742,4.357772640856694,47.706670563410476,26.032221602133585,21.67444896127689,PHI,PHI,WFS_CORE_RESIDUAL
2025_11_GB_NYG,2025,11,2025-11-16,NYG,GB,-7.5,41.5,20.0,27.0,-7.0,47.0,0.0,0.0,-7.5,41.5,17.0,24.5,GB,GB,MARKET
2025_11_GB_NYG,2025,11,2025-11-16,NYG,GB,-7.5,41.5,20.0,27.0,-7.0,47.0,0.6194066451451465,2.87379965186112,-6.880593354854853,44.37379965186112,18.746603148503134,25.627196503357986,GB,GB,WFS_CORE_IMPACT_REPLACEMENT_RESIDUAL
2025_11_GB_NYG,2025,11,2025-11-16,NYG,GB,-7.5,41.5,20.0,27.0,-7.0,47.0,0.7888042351852919,0.9321051267061684,-6.7111957648147085,42.43210512670617,17.86045468094573,24.57165044576044,GB,GB,WFS_CORE_IMPACT_RESIDUAL
2025_11_GB_NYG,2025,11,2025-11-16,NYG,GB,-7.5,41.5,20.0,27.0,-7.0,47.0,1.6609547158990214,1.2982462947644906,-5.839045284100979,42.79824629476449,18.479600505331756,24.318645789432733,GB,GB,WFS_CORE_RESIDUAL
2025_11_HOU_TEN,2025,11,2025-11-16,TEN,HOU,-5.5,37.5,13.0,16.0,-3.0,29.0,0.0,0.0,-5.5,37.5,16.0,21.5,HOU,HOU,MARKET
2025_11_HOU_TEN,2025,11,2025-11-16,TEN,HOU,-5.5,37.5,13.0,16.0,-3.0,29.0,1.7965574824891861,1.5571393031092777,-3.7034425175108137,39.05713930310928,17.676848392799233,21.38029091031005,HOU,HOU,WFS_CORE_IMPACT_REPLACEMENT_RESIDUAL
2025_11_HOU_TEN,2025,11,2025-11-16,TEN,HOU,-5.5,37.5,13.0,16.0,-3.0,29.0,2.1394490965549395,0.8227045294713289,-3.3605509034450605,38.32270452947133,17.481076813013136,20.841627716458195,HOU,HOU,WFS_CORE_IMPACT_RESIDUAL
2025_11_HOU_TEN,2025,11,2025-11-16,TEN,HOU,-5.5,37.5,13.0,16.0,-3.0,29.0,-0.19475664098241124,0.2618944880011223,-5.694756640982411,37.761894488001126,16.033568923509357,21.72832556449177,HOU,HOU,WFS_CORE_RESIDUAL
2025_11_KC_DEN,2025,11,2025-11-16,DEN,KC,-3.5,44.5,22.0,19.0,3.0,41.0,0.0,0.0,-3.5,44.5,20.5,24.0,DEN,KC,MARKET
2025_11_KC_DEN,2025,11,2025-11-16,DEN,KC,-3.5,44.5,22.0,19.0,3.0,41.0,0.8611030916078267,2.9134864491118937,-2.6388969083921734,47.41348644911189,22.38729477035986,25.026191678752035,DEN,KC,WFS_CORE_IMPACT_REPLACEMENT_RESIDUAL
2025_11_KC_DEN,2025,11,2025-11-16,DEN,KC,-3.5,44.5,22.0,19.0,3.0,41.0,1.1845698182466236,2.6764867370006695,-2.3154301817533764,47.17648673700067,22.430528277623647,24.745958459377025,DEN,KC,WFS_CORE_IMPACT_RESIDUAL
2025_11_KC_DEN,2025,11,2025-11-16,DEN,KC,-3.5,44.5,22.0,19.0,3.0,41.0,1.346809263380348,2.004423531426702,-2.153190736619652,46.5044235314267,22.175616397403527,24.328807134023176,DEN,KC,WFS_CORE_RESIDUAL
2025_11_LAC_JAX,2025,11,2025-11-16,JAX,LAC,-3.0,43.5,35.0,6.0,29.0,41.0,0.0,0.0,-3.0,43.5,20.25,23.25,JAX,LAC,MARKET
2025_11_LAC_JAX,2025,11,2025-11-16,JAX,LAC,-3.0,43.5,35.0,6.0,29.0,41.0,-2.070008078203222,2.2477689861995946,-5.070008078203222,45.747768986199596,20.338880453998186,25.40888853220141,JAX,LAC,WFS_CORE_IMPACT_REPLACEMENT_RESIDUAL
2025_11_LAC_JAX,2025,11,2025-11-16,JAX,LAC,-3.0,43.5,35.0,6.0,29.0,41.0,-1.7749408684851105,1.969918120229538,-4.7749408684851105,45.469918120229536,20.347488625872213,25.122429494357323,JAX,LAC,WFS_CORE_IMPACT_RESIDUAL
2025_11_LAC_JAX,2025,11,2025-11-16,JAX,LAC,-3.0,43.5,35.0,6.0,29.0,41.0,0.3890609365751455,1.3353089601569257,-2.6109390634248544,44.83530896015692,21.112184948366036,23.723124011790887,JAX,LAC,WFS_CORE_RESIDUAL
2025_11_SEA_LA,2025,11,2025-11-16,LA,SEA,3.0,49.5,21.0,19.0,2.0,40.0,0.0,0.0,3.0,49.5,26.25,23.25,LA,LA,MARKET
2025_11_SEA_LA,2025,11,2025-11-16,LA,SEA,3.0,49.5,21.0,19.0,2.0,40.0,2.5922585045023014,1.6843038292988575,5.592258504502301,51.184303829298855,28.38828116690058,22.796022662398276,LA,LA,WFS_CORE_IMPACT_REPLACEMENT_RESIDUAL
2025_11_SEA_LA,2025,11,2025-11-16,LA,SEA,3.0,49.5,21.0,19.0,2.0,40.0,2.857574620472827,1.6974362195653674,5.8575746204728265,51.19743621956537,28.527505420019097,22.66993079954627,LA,LA,WFS_CORE_IMPACT_RESIDUAL
2025_11_SEA_LA,2025,11,2025-11-16,LA,SEA,3.0,49.5,21.0,19.0,2.0,40.0,1.8600786571342458,1.9795390809208797,4.860078657134245,51.47953908092088,28.169808869027563,23.309730211893317,LA,LA,WFS_CORE_RESIDUAL
2025_11_SF_ARI,2025,11,2025-11-16,ARI,SF,-3.5,48.5,22.0,41.0,-19.0,63.0,0.0,0.0,-3.5,48.5,22.5,26.0,SF,SF,MARKET
2025_11_SF_ARI,2025,11,2025-11-16,ARI,SF,-3.5,48.5,22.0,41.0,-19.0,63.0,-3.2547946216337857,-0.47908008849398553,-6.754794621633786,48.02091991150601,20.633062644936114,27.3878572665699,SF,SF,WFS_CORE_IMPACT_REPLACEMENT_RESIDUAL
2025_11_SF_ARI,2025,11,2025-11-16,ARI,SF,-3.5,48.5,22.0,41.0,-19.0,63.0,-1.8981101317181701,-0.29209465337012447,-5.39811013171817,48.20790534662988,21.404897607455855,26.803007739174024,SF,SF,WFS_CORE_IMPACT_RESIDUAL
2025_11_SF_ARI,2025,11,2025-11-16,ARI,SF,-3.5,48.5,22.0,41.0,-19.0,63.0,0.4046221375657248,0.9968973812725085,-3.095377862434275,49.49689738127251,23.200759759419118,26.296137621853394,SF,SF,WFS_CORE_RESIDUAL
2025_11_TB_BUF,2025,11,2025-11-16,BUF,TB,6.0,46.5,44.0,32.0,12.0,76.0,0.0,0.0,6.0,46.5,26.25,20.25,BUF,BUF,MARKET
2025_11_TB_BUF,2025,11,2025-11-16,BUF,TB,6.0,46.5,44.0,32.0,12.0,76.0,4.152638520316074,4.369539201383534,10.152638520316074,50.86953920138353,30.511088860849803,20.35845034053373,BUF,BUF,WFS_CORE_IMPACT_REPLACEMENT_RESIDUAL
2025_11_TB_BUF,2025,11,2025-11-16,BUF,TB,6.0,46.5,44.0,32.0,12.0,76.0,5.305621174423695,4.638442589895693,11.305621174423695,51.13844258989569,31.22203188215969,19.916410707736,BUF,BUF,WFS_CORE_IMPACT_RESIDUAL
2025_11_TB_BUF,2025,11,2025-11-16,BUF,TB,6.0,46.5,44.0,32.0,12.0,76.0,2.3723702033499374,1.9957872866865567,8.372370203349938,48.49578728668656,28.434078745018248,20.06170854166831,BUF,BUF,WFS_CORE_RESIDUAL
2025_11_WAS_MIA,2025,11,2025-11-16,MIA,WAS,2.5,47.5,16.0,13.0,3.0,29.0,0.0,0.0,2.5,47.5,25.0,22.5,MIA,MIA,MARKET
2025_11_WAS_MIA,2025,11,2025-11-16,MIA,WAS,2.5,47.5,16.0,13.0,3.0,29.0,5.723921963126194,3.1630199890925126,8.223921963126195,50.66301998909251,29.443470976109353,21.21954901298316,MIA,MIA,WFS_CORE_IMPACT_REPLACEMENT_RESIDUAL
2025_11_WAS_MIA,2025,11,2025-11-16,MIA,WAS,2.5,47.5,16.0,13.0,3.0,29.0,6.051074154850983,2.7641531534525567,8.551074154850983,50.264153153452554,29.407613654151767,20.856539499300787,MIA,MIA,WFS_CORE_IMPACT_RESIDUAL
2025_11_WAS_MIA,2025,11,2025-11-16,MIA,WAS,2.5,47.5,16.0,13.0,3.0,29.0,1.284671350588241,1.0888697897649475,3.784671350588241,48.58886978976495,26.186770570176595,22.402099219588354,MIA,MIA,WFS_CORE_RESIDUAL
2025_11_DAL_LV,2025,11,2025-11-17,LV,DAL,-3.5,48.5,16.0,33.0,-17.0,49.0,0.0,0.0,-3.5,48.5,22.5,26.0,DAL,DAL,MARKET
2025_11_DAL_LV,2025,11,2025-11-17,LV,DAL,-3.5,48.5,16.0,33.0,-17.0,49.0,-0.27307699997616625,1.0561317581419711,-3.7730769999761664,49.55613175814197,22.891527379082902,26.66460437905907,DAL,DAL,WFS_CORE_IMPACT_REPLACEMENT_RESIDUAL
2025_11_DAL_LV,2025,11,2025-11-17,LV,DAL,-3.5,48.5,16.0,33.0,-17.0,49.0,-0.6062043483259363,0.24813871522168204,-4.106204348325936,48.748138715221685,22.320967183447873,26.427171531773812,DAL,DAL,WFS_CORE_IMPACT_RESIDUAL
2025_11_DAL_LV,2025,11,2025-11-17,LV,DAL,-3.5,48.5,16.0,33.0,-17.0,49.0,-0.15724149629334855,-0.04514539728215043,-3.6572414962933486,48.45485460271785,22.398806553212253,26.0560480495056,DAL,DAL,WFS_CORE_RESIDUAL
2025_12_BUF_HOU,2025,12,2025-11-20,HOU,BUF,-5.5,43.5,23.0,19.0,4.0,42.0,0.0,0.0,-5.5,43.5,19.0,24.5,HOU,BUF,MARKET
2025_12_BUF_HOU,2025,12,2025-11-20,HOU,BUF,-5.5,43.5,23.0,19.0,4.0,42.0,2.5684107611522355,4.550034348385345,-2.9315892388477645,48.050034348385346,22.55922255476879,25.490811793616555,HOU,BUF,WFS_CORE_IMPACT_REPLACEMENT_RESIDUAL
2025_12_BUF_HOU,2025,12,2025-11-20,HOU,BUF,-5.5,43.5,23.0,19.0,4.0,42.0,2.1621726120465135,3.1176641653926525,-3.3378273879534865,46.617664165392654,21.639918388719583,24.97774577667307,HOU,BUF,WFS_CORE_IMPACT_RESIDUAL
2025_12_BUF_HOU,2025,12,2025-11-20,HOU,BUF,-5.5,43.5,23.0,19.0,4.0,42.0,1.3335214267937272,2.5023767594246835,-4.166478573206273,46.002376759424685,20.917949093109208,25.084427666315477,HOU,BUF,WFS_CORE_RESIDUAL
2025_12_ATL_NO,2025,12,2025-11-23,NO,ATL,1.5,41.5,10.0,24.0,-14.0,34.0,0.0,0.0,1.5,41.5,21.5,20.0,ATL,NO,MARKET
2025_12_ATL_NO,2025,12,2025-11-23,NO,ATL,1.5,41.5,10.0,24.0,-14.0,34.0,1.2734398962594045,1.8752144725490676,2.7734398962594042,43.37521447254907,23.074327184404236,20.300887288144832,ATL,NO,WFS_CORE_IMPACT_REPLACEMENT_RESIDUAL
2025_12_ATL_NO,2025,12,2025-11-23,NO,ATL,1.5,41.5,10.0,24.0,-14.0,34.0,1.427179151707634,1.0882631776952412,2.9271791517076338,42.58826317769524,22.757721164701437,19.830542012993803,ATL,NO,WFS_CORE_IMPACT_RESIDUAL
2025_12_ATL_NO,2025,12,2025-11-23,NO,ATL,1.5,41.5,10.0,24.0,-14.0,34.0,-0.6151735341217593,0.4825280743143273,0.8848264658782407,41.982528074314324,21.433677270096283,20.54885080421804,ATL,NO,WFS_CORE_RESIDUAL
2025_12_CLE_LV,2025,12,2025-11-23,LV,CLE,3.0,35.5,10.0,24.0,-14.0,34.0,0.0,0.0,3.0,35.5,19.25,16.25,CLE,LV,MARKET
2025_12_CLE_LV,2025,12,2025-11-23,LV,CLE,3.0,35.5,10.0,24.0,-14.0,34.0,2.522724573516711,1.8920984190132049,5.522724573516712,37.3920984190132,21.457411496264957,15.934686922748245,CLE,LV,WFS_CORE_IMPACT_REPLACEMENT_RESIDUAL
2025_12_CLE_LV,2025,12,2025-11-23,LV,CLE,3.0,35.5,10.0,24.0,-14.0,34.0,2.680886474915435,1.9124743370231372,5.680886474915435,37.412474337023134,21.546680405969283,15.86579393105385,CLE,LV,WFS_CORE_IMPACT_RESIDUAL
2025_12_CLE_LV,2025,12,2025-11-23,LV,CLE,3.0,35.5,10.0,24.0,-14.0,34.0,0.13098623907820922,1.1841722739381462,3.1309862390782093,36.684172273938145,19.90757925650818,16.776593017429967,CLE,LV,WFS_CORE_RESIDUAL
2025_12_IND_KC,2025,12,2025-11-23,KC,IND,3.5,50.5,23.0,20.0,3.0,43.0,0.0,0.0,3.5,50.5,27.0,23.5,KC,KC,MARKET
2025_12_IND_KC,2025,12,2025-11-23,KC,IND,3.5,50.5,23.0,20.0,3.0,43.0,0.610999716427018,1.9298799031060452,4.110999716427018,52.42987990310605,28.270439809766533,24.159440093339516,KC,KC,WFS_CORE_IMPACT_REPLACEMENT_RESIDUAL
2025_12_IND_KC,2025,12,2025-11-23,KC,IND,3.5,50.5,23.0,20.0,3.0,43.0,0.5752866062206654,1.6723465941368767,4.075286606220665,52.172346594136876,28.12381660017877,24.048529993958105,KC,KC,WFS_CORE_IMPACT_RESIDUAL
2025_12_IND_KC,2025,12,2025-11-23,KC,IND,3.5,50.5,23.0,20.0,3.0,43.0,0.9569073255297963,2.341101821379861,4.456907325529796,52.84110182137986,28.649004573454828,24.19209724792503,KC,KC,WFS_CORE_RESIDUAL
2025_12_JAX_ARI,2025,12,2025-11-23,ARI,JAX,-2.5,47.5,24.0,27.0,-3.0,51.0,0.0,0.0,-2.5,47.5,22.5,25.0,JAX,JAX,MARKET
2025_12_JAX_ARI,2025,12,2025-11-23,ARI,JAX,-2.5,47.5,24.0,27.0,-3.0,51.0,-0.2623015229386908,-0.08477052709406706,-2.762301522938691,47.415229472905935,22.32646397498362,25.088765497922314,JAX,JAX,WFS_CORE_IMPACT_REPLACEMENT_RESIDUAL
2025_12_JAX_ARI,2025,12,2025-11-23,ARI,JAX,-2.5,47.5,24.0,27.0,-3.0,51.0,1.0457026852426041,0.13446068316072385,-1.4542973147573959,47.634460683160725,23.090081684201664,24.54437899895906,JAX,JAX,WFS_CORE_IMPACT_RESIDUAL
2025_12_JAX_ARI,2025,12,2025-11-23,ARI,JAX,-2.5,47.5,24.0,27.0,-3.0,51.0,-0.7399638257859287,1.064380866160817,-3.239963825785929,48.56438086616082,22.662208520187445,25.902172345973373,JAX,JAX,WFS_CORE_RESIDUAL
2025_12_MIN_GB,2025,12,2025-11-23,GB,MIN,6.5,41.5,23.0,6.0,17.0,29.0,0.0,0.0,6.5,41.5,24.0,17.5,GB,GB,MARKET
2025_12_MIN_GB,2025,12,2025-11-23,GB,MIN,6.5,41.5,23.0,6.0,17.0,29.0,0.6449775226007719,2.22425249012875,7.144977522600772,43.72425249012875,25.43461500636476,18.28963748376399,GB,GB,WFS_CORE_IMPACT_REPLACEMENT_RESIDUAL
2025_12_MIN_GB,2025,12,2025-11-23,GB,MIN,6.5,41.5,23.0,6.0,17.0,29.0,0.48055504606781985,0.9722597442397445,6.98055504606782,42.47225974423974,24.72640739515378,17.74585234908596,GB,GB,WFS_CORE_IMPACT_RESIDUAL
2025_12_MIN_GB,2025,12,2025-11-23,GB,MIN,6.5,41.5,23.0,6.0,17.0,29.0,1.005502412808751,2.135035195549193,7.505502412808751,43.63503519554919,25.570268804178973,18.06476639137022,GB,GB,WFS_CORE_RESIDUAL
2025_12_NE_CIN,2025,12,2025-11-23,CIN,NE,-7.5,50.5,20.0,26.0,-6.0,46.0,0.0,0.0,-7.5,50.5,21.5,29.0,NE,NE,MARKET
2025_12_NE_CIN,2025,12,2025-11-23,CIN,NE,-7.5,50.5,20.0,26.0,-6.0,46.0,-1.427224080028573,2.047917315605022,-8.927224080028573,52.54791731560502,21.810346617788223,30.737570697816796,NE,NE,WFS_CORE_IMPACT_REPLACEMENT_RESIDUAL
2025_12_NE_CIN,2025,12,2025-11-23,CIN,NE,-7.5,50.5,20.0,26.0,-6.0,46.0,-0.6868039773441672,0.9817864763017083,-8.186803977344168,51.48178647630171,21.64749124947877,29.834295226822938,NE,NE,WFS_CORE_IMPACT_RESIDUAL
2025_12_NE_CIN,2025,12,2025-11-23,CIN,NE,-7.5,50.5,20.0,26.0,-6.0,46.0,0.09870392858543885,0.5150434199448358,-7.401296071414561,51.01504341994484,21.806873674265137,29.2081697456797,NE,NE,WFS_CORE_RESIDUAL
2025_12_NYG_DET,2025,12,2025-11-23,DET,NYG,14.0,50.5,34.0,27.0,7.0,61.0,0.0,0.0,14.0,50.5,32.25,18.25,DET,DET,MARKET
2025_12_NYG_DET,2025,12,2025-11-23,DET,NYG,14.0,50.5,34.0,27.0,7.0,61.0,2.8876814822246644,4.683090160890667,16.887681482224664,55.183090160890664,36.03538582155767,19.147704339333,DET,DET,WFS_CORE_IMPACT_REPLACEMENT_RESIDUAL
2025_12_NYG_DET,2025,12,2025-11-23,DET,NYG,14.0,50.5,34.0,27.0,7.0,61.0,2.9878765261255147,3.9496160491166585,16.987876526125515,54.449616049116656,35.71874628762109,18.73086976149557,DET,DET,WFS_CORE_IMPACT_RESIDUAL
2025_12_NYG_DET,2025,12,2025-11-23,DET,NYG,14.0,50.5,34.0,27.0,7.0,61.0,1.346789504513902,2.705820076730796,15.346789504513902,53.205820076730795,34.27630479062235,18.929515286108447,DET,DET,WFS_CORE_RESIDUAL
2025_12_NYJ_BAL,2025,12,2025-11-23,BAL,NYJ,14.0,44.5,23.0,10.0,13.0,33.0,0.0,0.0,14.0,44.5,29.25,15.25,BAL,BAL,MARKET
2025_12_NYJ_BAL,2025,12,2025-11-23,BAL,NYJ,14.0,44.5,23.0,10.0,13.0,33.0,-1.455640492834191,0.8693491063720896,12.544359507165808,45.36934910637209,28.95685430676895,16.41249479960314,BAL,BAL,WFS_CORE_IMPACT_REPLACEMENT_RESIDUAL
2025_12_NYJ_BAL,2025,12,2025-11-23,BAL,NYJ,14.0,44.5,23.0,10.0,13.0,33.0,0.8034017263386161,1.1491686871745204,14.803401726338617,45.64916868717452,30.22628520675657,15.422883480417953,BAL,BAL,WFS_CORE_IMPACT_RESIDUAL
2025_12_NYJ_BAL,2025,12,2025-11-23,BAL,NYJ,14.0,44.5,23.0,10.0,13.0,33.0,1.7841277061336696,2.247437810384576,15.78412770613367,46.747437810384575,31.26578275825912,15.481655052125452,BAL,BAL,WFS_CORE_RESIDUAL
2025_12_PHI_DAL,2025,12,2025-11-23,DAL,PHI,-3.0,47.5,24.0,21.0,3.0,45.0,0.0,0.0,-3.0,47.5,22.25,25.25,DAL,PHI,MARKET
2025_12_PHI_DAL,2025,12,2025-11-23,DAL,PHI,-3.0,47.5,24.0,21.0,3.0,45.0,0.7098748458794318,0.8914532653709054,-2.290125154120568,48.391453265370906,23.05066405562517,25.340789209745736,DAL,PHI,WFS_CORE_IMPACT_REPLACEMENT_RESIDUAL
2025_12_PHI_DAL,2025,12,2025-11-23,DAL,PHI,-3.0,47.5,24.0,21.0,3.0,45.0,0.8303801915087491,0.897755767603191,-2.169619808491251,48.39775576760319,23.114067979555973,25.28368778804722,DAL,PHI,WFS_CORE_IMPACT_RESIDUAL
2025_12_PHI_DAL,2025,12,2025-11-23,DAL,PHI,-3.0,47.5,24.0,21.0,3.0,45.0,0.7332287793743185,1.551610266235794,-2.2667712206256816,49.05161026623579,23.392419522805056,25.659190743430734,DAL,PHI,WFS_CORE_RESIDUAL
2025_12_PIT_CHI,2025,12,2025-11-23,CHI,PIT,3.0,46.5,31.0,28.0,3.0,59.0,0.0,0.0,3.0,46.5,24.75,21.75,CHI,CHI,MARKET
2025_12_PIT_CHI,2025,12,2025-11-23,CHI,PIT,3.0,46.5,31.0,28.0,3.0,59.0,0.7692448006514211,2.095375931437227,3.769244800651421,48.595375931437225,26.182310366044323,22.413065565392902,CHI,CHI,WFS_CORE_IMPACT_REPLACEMENT_RESIDUAL
2025_12_PIT_CHI,2025,12,2025-11-23,CHI,PIT,3.0,46.5,31.0,28.0,3.0,59.0,1.1931213563840861,1.7654843256083124,4.193121356384086,48.26548432560831,26.229302840996198,22.036181484612115,CHI,CHI,WFS_CORE_IMPACT_RESIDUAL
2025_12_PIT_CHI,2025,12,2025-11-23,CHI,PIT,3.0,46.5,31.0,28.0,3.0,59.0,1.6508025965918693,2.5183880788643718,4.65080259659187,49.01838807886437,26.834595337728118,22.18379274113625,CHI,CHI,WFS_CORE_RESIDUAL
2025_12_SEA_TEN,2025,12,2025-11-23,TEN,SEA,-12.5,41.5,24.0,30.0,-6.0,54.0,0.0,0.0,-12.5,41.5,14.5,27.0,SEA,SEA,MARKET
2025_12_SEA_TEN,2025,12,2025-11-23,TEN,SEA,-12.5,41.5,24.0,30.0,-6.0,54.0,-1.6481342699075856,0.29141299726636327,-14.148134269907585,41.79141299726636,13.821639363679388,27.969773633586975,SEA,SEA,WFS_CORE_IMPACT_REPLACEMENT_RESIDUAL
2025_12_SEA_TEN,2025,12,2025-11-23,TEN,SEA,-12.5,41.5,24.0,30.0,-6.0,54.0,-0.19641825217115158,0.21080911525540533,-12.696418252171151,41.71080911525541,14.50719543154213,27.20361368371328,SEA,SEA,WFS_CORE_IMPACT_RESIDUAL
2025_12_SEA_TEN,2025,12,2025-11-23,TEN,SEA,-12.5,41.5,24.0,30.0,-6.0,54.0,0.17309661195993298,0.09135513378943563,-12.326903388040067,41.591355133789435,14.632225872874685,26.95912926091475,SEA,SEA,WFS_CORE_RESIDUAL
2025_12_TB_LA,2025,12,2025-11-23,LA,TB,7.0,49.5,34.0,7.0,27.0,41.0,0.0,0.0,7.0,49.5,28.25,21.25,LA,LA,MARKET
2025_12_TB_LA,2025,12,2025-11-23,LA,TB,7.0,49.5,34.0,7.0,27.0,41.0,3.544910580148484,3.934683112487254,10.544910580148484,53.43468311248726,31.98979684631787,21.444886266169387,LA,LA,WFS_CORE_IMPACT_REPLACEMENT_RESIDUAL
2025_12_TB_LA,2025,12,2025-11-23,LA,TB,7.0,49.5,34.0,7.0,27.0,41.0,4.007743524828813,3.973173006328149,11.007743524828813,53.473173006328146,32.24045826557848,21.232714740749667,LA,LA,WFS_CORE_IMPACT_RESIDUAL
2025_12_TB_LA,2025,12,2025-11-23,LA,TB,7.0,49.5,34.0,7.0,27.0,41.0,1.6646764882789227,2.318305341758353,8.664676488278923,51.818305341758354,30.241490915018638,21.576814426739716,LA,LA,WFS_CORE_RESIDUAL
2025_12_CAR_SF,2025,12,2025-11-24,SF,CAR,7.5,48.5,20.0,9.0,11.0,29.0,0.0,0.0,7.5,48.5,28.0,20.5,SF,SF,MARKET
2025_12_CAR_SF,2025,12,2025-11-24,SF,CAR,7.5,48.5,20.0,9.0,11.0,29.0,0.7736614761924037,2.8815602370949183,8.273661476192403,51.38156023709492,29.82761085664366,21.553949380451257,SF,SF,WFS_CORE_IMPACT_REPLACEMENT_RESIDUAL
2025_12_CAR_SF,2025,12,2025-11-24,SF,CAR,7.5,48.5,20.0,9.0,11.0,29.0,0.9684475482298979,2.567073424000385,8.468447548229898,51.067073424000384,29.76776048611514,21.299312937885244,SF,SF,WFS_CORE_IMPACT_RESIDUAL
2025_12_CAR_SF,2025,12,2025-11-24,SF,CAR,7.5,48.5,20.0,9.0,11.0,29.0,1.4097885902076972,2.0108072856762953,8.909788590207697,50.51080728567629,29.710297937941995,20.800509347734298,SF,SF,WFS_CORE_RESIDUAL
2025_13_CIN_BAL,2025,13,2025-11-27,BAL,CIN,7.0,52.5,14.0,32.0,-18.0,46.0,0.0,0.0,7.0,52.5,29.75,22.75,CIN,BAL,MARKET
2025_13_CIN_BAL,2025,13,2025-11-27,BAL,CIN,7.0,52.5,14.0,32.0,-18.0,46.0,5.698547623523921,3.9407782774176203,12.698547623523922,56.44077827741762,34.56966295047077,21.87111532694685,CIN,BAL,WFS_CORE_IMPACT_REPLACEMENT_RESIDUAL
2025_13_CIN_BAL,2025,13,2025-11-27,BAL,CIN,7.0,52.5,14.0,32.0,-18.0,46.0,5.274009141381481,3.37128828217095,12.27400914138148,55.87128828217095,34.07264871177622,21.798639570394734,CIN,BAL,WFS_CORE_IMPACT_RESIDUAL
2025_13_CIN_BAL,2025,13,2025-11-27,BAL,CIN,7.0,52.5,14.0,32.0,-18.0,46.0,3.1027903014059137,2.7674820991017013,10.102790301405914,55.2674820991017,32.68513620025381,22.58234589884789,CIN,BAL,WFS_CORE_RESIDUAL
2025_13_GB_DET,2025,13,2025-11-27,DET,GB,2.5,48.5,24.0,31.0,-7.0,55.0,0.0,0.0,2.5,48.5,25.5,23.0,GB,DET,MARKET
2025_13_GB_DET,2025,13,2025-11-27,DET,GB,2.5,48.5,24.0,31.0,-7.0,55.0,-0.0310577190337432,4.097565310489781,2.4689422809662567,52.597565310489784,27.533253795728022,25.064311514761762,GB,DET,WFS_CORE_IMPACT_REPLACEMENT_RESIDUAL
2025_13_GB_DET,2025,13,2025-11-27,DET,GB,2.5,48.5,24.0,31.0,-7.0,55.0,1.262409655891618,4.3184794644321185,3.7624096558916182,52.818479464432116,28.290444560161866,24.52803490427025,GB,DET,WFS_CORE_IMPACT_RESIDUAL
2025_13_GB_DET,2025,13,2025-11-27,DET,GB,2.5,48.5,24.0,31.0,-7.0,55.0,1.9970397691196042,3.228837593058312,4.4970397691196045,51.728837593058316,28.11293868108896,23.615898911969357,GB,DET,WFS_CORE_RESIDUAL
2025_13_KC_DAL,2025,13,2025-11-27,DAL,KC,-3.5,53.5,31.0,28.0,3.0,59.0,0.0,0.0,-3.5,53.5,25.0,28.5,DAL,KC,MARKET
2025_13_KC_DAL,2025,13,2025-11-27,DAL,KC,-3.5,53.5,31.0,28.0,3.0,59.0,2.341397901840661,1.8978832519443782,-1.158602098159339,55.39788325194438,27.119640576892518,28.27824267505186,DAL,KC,WFS_CORE_IMPACT_REPLACEMENT_RESIDUAL
2025_13_KC_DAL,2025,13,2025-11-27,DAL,KC,-3.5,53.5,31.0,28.0,3.0,59.0,2.727099492041223,1.9770668644514302,-0.7729005079587772,55.47706686445143,27.352083178246325,28.124983686205105,DAL,KC,WFS_CORE_IMPACT_RESIDUAL
2025_13_KC_DAL,2025,13,2025-11-27,DAL,KC,-3.5,53.5,31.0,28.0,3.0,59.0,2.1160804377121365,2.575527847807756,-1.3839195622878635,56.075527847807756,27.345804142759945,28.72972370504781,DAL,KC,WFS_CORE_RESIDUAL
2025_13_CHI_PHI,2025,13,2025-11-28,PHI,CHI,7.0,43.5,15.0,24.0,-9.0,39.0,0.0,0.0,7.0,43.5,25.25,18.25,CHI,PHI,MARKET
2025_13_CHI_PHI,2025,13,2025-11-28,PHI,CHI,7.0,43.5,15.0,24.0,-9.0,39.0,2.3846199868203124,3.088192917641846,9.384619986820312,46.58819291764185,27.98640645223108,18.60178646541077,CHI,PHI,WFS_CORE_IMPACT_REPLACEMENT_RESIDUAL
2025_13_CHI_PHI,2025,13,2025-11-28,PHI,CHI,7.0,43.5,15.0,24.0,-9.0,39.0,2.72924501614206,2.3875068838442703,9.729245016142059,45.88750688384427,27.808375949993163,18.079130933851104,CHI,PHI,WFS_CORE_IMPACT_RESIDUAL
2025_13_CHI_PHI,2025,13,2025-11-28,PHI,CHI,7.0,43.5,15.0,24.0,-9.0,39.0,2.6202440636467133,2.4514179532320517,9.620244063646712,45.95141795323205,27.78583100843938,18.165586944792672,CHI,PHI,WFS_CORE_RESIDUAL
2025_13_ARI_TB,2025,13,2025-11-30,TB,ARI,4.5,44.5,20.0,17.0,3.0,37.0,0.0,0.0,4.5,44.5,24.5,20.0,TB,TB,MARKET
2025_13_ARI_TB,2025,13,2025-11-30,TB,ARI,4.5,44.5,20.0,17.0,3.0,37.0,3.331459625962751,3.433187263440882,7.831459625962751,47.933187263440885,27.882323444701818,20.050863818739067,TB,TB,WFS_CORE_IMPACT_REPLACEMENT_RESIDUAL
2025_13_ARI_TB,2025,13,2025-11-30,TB,ARI,4.5,44.5,20.0,17.0,3.0,37.0,3.6061823164079154,2.646453824258969,8.106182316407915,47.14645382425897,27.626318070333443,19.520135753925526,TB,TB,WFS_CORE_IMPACT_RESIDUAL
2025_13_ARI_TB,2025,13,2025-11-30,TB,ARI,4.5,44.5,20.0,17.0,3.0,37.0,1.5027616869845624,1.2488532296862882,6.002761686984562,45.74885322968629,25.875807458335427,19.873045771350863,TB,TB,WFS_CORE_RESIDUAL
2025_13_ATL_NYJ,2025,13,2025-11-30,NYJ,ATL,-3.0,38.5,27.0,24.0,3.0,51.0,0.0,0.0,-3.0,38.5,17.75,20.75,NYJ,ATL,MARKET
2025_13_ATL_NYJ,2025,13,2025-11-30,NYJ,ATL,-3.0,38.5,27.0,24.0,3.0,51.0,3.6333468265526747,0.17232497146747885,0.6333468265526747,38.67232497146748,19.65283589901008,19.019489072457404,NYJ,NYJ,WFS_CORE_IMPACT_REPLACEMENT_RESIDUAL
2025_13_ATL_NYJ,2025,13,2025-11-30,NYJ,ATL,-3.0,38.5,27.0,24.0,3.0,51.0,3.7543328753282186,0.1453855553983987,0.7543328753282186,38.6453855553984,19.699859215363308,18.94552634003509,NYJ,NYJ,WFS_CORE_IMPACT_RESIDUAL
2025_13_ATL_NYJ,2025,13,2025-11-30,NYJ,ATL,-3.0,38.5,27.0,24.0,3.0,51.0,0.844095370189037,0.2211664878722546,-2.155904629810963,38.72116648787225,18.282630929030645,20.438535558841608,NYJ,ATL,WFS_CORE_RESIDUAL
2025_13_BUF_PIT,2025,13,2025-11-30,PIT,BUF,-3.0,44.5,7.0,26.0,-19.0,33.0,0.0,0.0,-3.0,44.5,20.75,23.75,BUF,BUF,MARKET
2025_13_BUF_PIT,2025,13,2025-11-30,PIT,BUF,-3.0,44.5,7.0,26.0,-19.0,33.0,2.8474602189416296,1.853260178686205,-0.1525397810583704,46.353260178686206,23.100360198813917,23.25289997987229,BUF,BUF,WFS_CORE_IMPACT_REPLACEMENT_RESIDUAL
2025_13_BUF_PIT,2025,13,2025-11-30,PIT,BUF,-3.0,44.5,7.0,26.0,-19.0,33.0,2.9783156974953346,1.0330213343150678,-0.021684302504665354,45.533021334315066,22.7556685159052,22.777352818409867,BUF,BUF,WFS_CORE_IMPACT_RESIDUAL
2025_13_BUF_PIT,2025,13,2025-11-30,PIT,BUF,-3.0,44.5,7.0,26.0,-19.0,33.0,2.0884371608424543,0.6088162297163422,-0.9115628391575457,45.10881622971634,22.098626695279396,23.010189534436943,BUF,BUF,WFS_CORE_RESIDUAL
2025_13_DEN_WAS,2025,13,2025-11-30,WAS,DEN,-6.5,43.5,26.0,27.0,-1.0,53.0,0.0,0.0,-6.5,43.5,18.5,25.0,DEN,DEN,MARKET
2025_13_DEN_WAS,2025,13,2025-11-30,WAS,DEN,-6.5,43.5,26.0,27.0,-1.0,53.0,1.2637256350334694,0.8589397906110801,-5.236274364966531,44.35893979061108,19.561332712822274,24.797607077788808,DEN,DEN,WFS_CORE_IMPACT_REPLACEMENT_RESIDUAL
2025_13_DEN_WAS,2025,13,2025-11-30,WAS,DEN,-6.5,43.5,26.0,27.0,-1.0,53.0,1.4896059157975607,-0.10785685670924675,-5.0103940842024395,43.39214314329075,19.190874529544157,24.201268613746596,DEN,DEN,WFS_CORE_IMPACT_RESIDUAL
2025_13_DEN_WAS,2025,13,2025-11-30,WAS,DEN,-6.5,43.5,26.0,27.0,-1.0,53.0,1.5332484610300812,0.24174510611233435,-4.966751538969919,43.74174510611233,19.38749678357121,24.354248322541125,DEN,DEN,WFS_CORE_RESIDUAL
2025_13_HOU_IND,2025,13,2025-11-30,IND,HOU,3.0,44.5,16.0,20.0,-4.0,36.0,0.0,0.0,3.0,44.5,23.75,20.75,HOU,IND,MARKET
2025_13_HOU_IND,2025,13,2025-11-30,IND,HOU,3.0,44.5,16.0,20.0,-4.0,36.0,0.8185619013435984,1.5042053573174547,3.8185619013435983,46.00420535731745,24.911383629330526,21.092821727986927,HOU,IND,WFS_CORE_IMPACT_REPLACEMENT_RESIDUAL
2025_13_HOU_IND,2025,13,2025-11-30,IND,HOU,3.0,44.5,16.0,20.0,-4.0,36.0,0.9742370108409824,1.097328982760658,3.9742370108409824,45.59732898276066,24.78578299680082,20.81154598595984,HOU,IND,WFS_CORE_IMPACT_RESIDUAL
2025_13_HOU_IND,2025,13,2025-11-30,IND,HOU,3.0,44.5,16.0,20.0,-4.0,36.0,1.3373337287654323,1.836323912519731,4.337333728765432,46.33632391251973,25.33682882064258,20.99949509187715,HOU,IND,WFS_CORE_RESIDUAL
2025_13_JAX_TEN,2025,13,2025-11-30,TEN,JAX,-6.0,42.5,3.0,25.0,-22.0,28.0,0.0,0.0,-6.0,42.5,18.25,24.25,JAX,JAX,MARKET
2025_13_JAX_TEN,2025,13,2025-11-30,TEN,JAX,-6.0,42.5,3.0,25.0,-22.0,28.0,-0.3982688324984206,1.9494950688509727,-6.39826883249842,44.44949506885097,19.025613118176274,25.423881950674698,JAX,JAX,WFS_CORE_IMPACT_REPLACEMENT_RESIDUAL
2025_13_JAX_TEN,2025,13,2025-11-30,TEN,JAX,-6.0,42.5,3.0,25.0,-22.0,28.0,-0.48020610146488785,1.1358132922529338,-6.480206101464888,43.635813292252934,18.577803595394023,25.05800969685891,JAX,JAX,WFS_CORE_IMPACT_RESIDUAL
2025_13_JAX_TEN,2025,13,2025-11-30,TEN,JAX,-6.0,42.5,3.0,25.0,-22.0,28.0,-0.3028605841970185,0.6172600134150495,-6.302860584197019,43.11726001341505,18.407199714609014,24.710060298806034,JAX,JAX,WFS_CORE_RESIDUAL
2025_13_LA_CAR,2025,13,2025-11-30,CAR,LA,-10.0,44.5,31.0,28.0,3.0,59.0,0.0,0.0,-10.0,44.5,17.25,27.25,CAR,LA,MARKET
2025_13_LA_CAR,2025,13,2025-11-30,CAR,LA,-10.0,44.5,31.0,28.0,3.0,59.0,-0.9127740012778796,0.8089187896892993,-10.91277400127788,45.3089187896893,17.19807239420571,28.11084639548359,CAR,LA,WFS_CORE_IMPACT_REPLACEMENT_RESIDUAL
2025_13_LA_CAR,2025,13,2025-11-30,CAR,LA,-10.0,44.5,31.0,28.0,3.0,59.0,-0.6121284025788949,0.9739763429938113,-10.612128402578895,45.47397634299381,17.430923970207456,28.043052372786352,CAR,LA,WFS_CORE_IMPACT_RESIDUAL
2025_13_LA_CAR,2025,13,2025-11-30,CAR,LA,-10.0,44.5,31.0,28.0,3.0,59.0,0.7000011466303518,1.7546824635765426,-9.299998853369647,46.25468246357654,18.47734180510345,27.777340658473094,CAR,LA,WFS_CORE_RESIDUAL
2025_13_LV_LAC,2025,13,2025-11-30,LAC,LV,10.0,40.5,31.0,14.0,17.0,45.0,0.0,0.0,10.0,40.5,25.25,15.25,LAC,LAC,MARKET
2025_13_LV_LAC,2025,13,2025-11-30,LAC,LV,10.0,40.5,31.0,14.0,17.0,45.0,-5.585061603995709,-0.929263865710124,4.414938396004291,39.570736134289874,21.99283726514708,17.577898869142793,LAC,LAC,WFS_CORE_IMPACT_REPLACEMENT_RESIDUAL
2025_13_LV_LAC,2025,13,2025-11-30,LAC,LV,10.0,40.5,31.0,14.0,17.0,45.0,0.678112835645938,0.4181996956462558,10.678112835645939,40.91819969564626,25.7981562656461,15.120043430000159,LAC,LAC,WFS_CORE_IMPACT_RESIDUAL
2025_13_LV_LAC,2025,13,2025-11-30,LAC,LV,10.0,40.5,31.0,14.0,17.0,45.0,0.633698643370858,1.7704288604229694,10.633698643370858,42.27042886042297,26.45206375189691,15.818365108526056,LAC,LAC,WFS_CORE_RESIDUAL
2025_13_MIN_SEA,2025,13,2025-11-30,SEA,MIN,12.5,42.5,26.0,0.0,26.0,26.0,0.0,0.0,12.5,42.5,27.5,15.0,SEA,SEA,MARKET
2025_13_MIN_SEA,2025,13,2025-11-30,SEA,MIN,12.5,42.5,26.0,0.0,26.0,26.0,5.258983817163429,2.2224585488600117,17.75898381716343,44.72245854886001,31.240721183011722,13.481737365848291,SEA,SEA,WFS_CORE_IMPACT_REPLACEMENT_RESIDUAL
2025_13_MIN_SEA,2025,13,2025-11-30,SEA,MIN,12.5,42.5,26.0,0.0,26.0,26.0,4.95947066839441,1.768416308135508,17.45947066839441,44.26841630813551,30.863943488264958,13.404472819870549,SEA,SEA,WFS_CORE_IMPACT_RESIDUAL
2025_13_MIN_SEA,2025,13,2025-11-30,SEA,MIN,12.5,42.5,26.0,0.0,26.0,26.0,2.519870945670621,2.2826461893454373,15.019870945670622,44.782646189345435,29.90125856750803,14.881387621837407,SEA,SEA,WFS_CORE_RESIDUAL
2025_13_NO_MIA,2025,13,2025-11-30,MIA,NO,5.5,41.5,21.0,17.0,4.0,38.0,0.0,0.0,5.5,41.5,23.5,18.0,MIA,MIA,MARKET
2025_13_NO_MIA,2025,13,2025-11-30,MIA,NO,5.5,41.5,21.0,17.0,4.0,38.0,1.6001857183578452,2.2345950082834953,7.100185718357845,43.73459500828349,25.417390363320667,18.317204644962825,MIA,MIA,WFS_CORE_IMPACT_REPLACEMENT_RESIDUAL
2025_13_NO_MIA,2025,13,2025-11-30,MIA,NO,5.5,41.5,21.0,17.0,4.0,38.0,1.9027818702644697,2.279595027605397,7.402781870264469,43.779595027605396,25.591188448934933,18.188406578670463,MIA,MIA,WFS_CORE_IMPACT_RESIDUAL
2025_13_NO_MIA,2025,13,2025-11-30,MIA,NO,5.5,41.5,21.0,17.0,4.0,38.0,1.2479513200158672,2.162629902936814,6.747951320015867,43.662629902936814,25.20529061147634,18.457339291460475,MIA,MIA,WFS_CORE_RESIDUAL
2025_13_SF_CLE,2025,13,2025-11-30,CLE,SF,-5.5,35.5,8.0,26.0,-18.0,34.0,0.0,0.0,-5.5,35.5,15.0,20.5,SF,SF,MARKET
2025_13_SF_CLE,2025,13,2025-11-30,CLE,SF,-5.5,35.5,8.0,26.0,-18.0,34.0,0.18137224599099422,2.6745770772299506,-5.318627754009006,38.17457707722995,16.42797466161047,21.746602415619478,SF,SF,WFS_CORE_IMPACT_REPLACEMENT_RESIDUAL
2025_13_SF_CLE,2025,13,2025-11-30,CLE,SF,-5.5,35.5,8.0,26.0,-18.0,34.0,0.30635147574717225,1.8909890334952424,-5.193648524252827,37.390989033495245,16.098670254621208,21.292318778874037,SF,SF,WFS_CORE_IMPACT_RESIDUAL
2025_13_SF_CLE,2025,13,2025-11-30,CLE,SF,-5.5,35.5,8.0,26.0,-18.0,34.0,1.3725378919780131,1.0464628628217532,-4.127462108021987,36.546462862821755,16.209500377399884,20.33696248542187,SF,SF,WFS_CORE_RESIDUAL
2025_13_NYG_NE,2025,13,2025-12-01,NE,NYG,7.0,46.5,33.0,15.0,18.0,48.0,0.0,0.0,7.0,46.5,26.75,19.75,NE,NE,MARKET
2025_13_NYG_NE,2025,13,2025-12-01,NE,NYG,7.0,46.5,33.0,15.0,18.0,48.0,1.2252670851936984,2.5168627287728453,8.225267085193698,49.01686272877284,28.62106490698327,20.39579782178957,NE,NE,WFS_CORE_IMPACT_REPLACEMENT_RESIDUAL
2025_13_NYG_NE,2025,13,2025-12-01,NE,NYG,7.0,46.5,33.0,15.0,18.0,48.0,1.4391515903461651,2.173377543775321,8.439151590346166,48.673377543775324,28.556264567060744,20.11711297671458,NE,NE,WFS_CORE_IMPACT_RESIDUAL
2025_13_NYG_NE,2025,13,2025-12-01,NE,NYG,7.0,46.5,33.0,15.0,18.0,48.0,1.8214660158131055,2.6892286402094596,8.821466015813105,49.18922864020946,29.005347328011283,20.183881312198174,NE,NE,WFS_CORE_RESIDUAL
2025_14_DAL_DET,2025,14,2025-12-04,DET,DAL,3.5,55.5,44.0,30.0,14.0,74.0,0.0,0.0,3.5,55.5,29.5,26.0,DET,DET,MARKET
2025_14_DAL_DET,2025,14,2025-12-04,DET,DAL,3.5,55.5,44.0,30.0,14.0,74.0,-1.5254147884363094,3.3640001321991355,1.9745852115636906,58.86400013219914,30.419292671881415,28.444707460317723,DET,DET,WFS_CORE_IMPACT_REPLACEMENT_RESIDUAL
2025_14_DAL_DET,2025,14,2025-12-04,DET,DAL,3.5,55.5,44.0,30.0,14.0,74.0,-1.2584422955974481,3.728837434538459,2.2415577044025516,59.22883743453846,30.735197569470508,28.493639865067955,DET,DET,WFS_CORE_IMPACT_RESIDUAL
2025_14_DAL_DET,2025,14,2025-12-04,DET,DAL,3.5,55.5,44.0,30.0,14.0,74.0,0.6353761101135531,2.559747144512257,4.135376110113553,58.05974714451226,31.097561627312906,26.96218551719935,DET,DET,WFS_CORE_RESIDUAL
2025_14_CHI_GB,2025,14,2025-12-07,GB,CHI,6.5,44.5,28.0,21.0,7.0,49.0,0.0,0.0,6.5,44.5,25.5,19.0,GB,GB,MARKET
2025_14_CHI_GB,2025,14,2025-12-07,GB,CHI,6.5,44.5,28.0,21.0,7.0,49.0,3.355165655234225,2.5483965762823573,9.855165655234225,47.04839657628236,28.45178111575829,18.596615460524067,GB,GB,WFS_CORE_IMPACT_REPLACEMENT_RESIDUAL
2025_14_CHI_GB,2025,14,2025-12-07,GB,CHI,6.5,44.5,28.0,21.0,7.0,49.0,3.600035967764716,1.000693748062103,10.100035967764716,45.500693748062105,27.80036485791341,17.700328890148693,GB,GB,WFS_CORE_IMPACT_RESIDUAL
2025_14_CHI_GB,2025,14,2025-12-07,GB,CHI,6.5,44.5,28.0,21.0,7.0,49.0,2.7760867979169723,1.1640138708933803,9.276086797916973,45.66401387089338,27.470050334405176,18.1939635364882,GB,GB,WFS_CORE_RESIDUAL
2025_14_CIN_BUF,2025,14,2025-12-07,BUF,CIN,6.0,54.5,39.0,34.0,5.0,73.0,0.0,0.0,6.0,54.5,30.25,24.25,BUF,BUF,MARKET
2025_14_CIN_BUF,2025,14,2025-12-07,BUF,CIN,6.0,54.5,39.0,34.0,5.0,73.0,1.0368750477625093,2.579679134025239,7.036875047762509,57.07967913402524,32.058277090893874,25.021402043131367,BUF,BUF,WFS_CORE_IMPACT_REPLACEMENT_RESIDUAL
2025_14_CIN_BUF,2025,14,2025-12-07,BUF,CIN,6.0,54.5,39.0,34.0,5.0,73.0,1.3115822936369512,2.5416703942314145,7.311582293636951,57.04167039423142,32.17662634393418,24.865044050297232,BUF,BUF,WFS_CORE_IMPACT_RESIDUAL
2025_14_CIN_BUF,2025,14,2025-12-07,BUF,CIN,6.0,54.5,39.0,34.0,5.0,73.0,2.3753822596817433,2.248785760437034,8.375382259681743,56.74878576043703,32.56208401005939,24.186701750377644,BUF,BUF,WFS_CORE_RESIDUAL
2025_14_DEN_LV,2025,14,2025-12-07,LV,DEN,-8.5,40.5,17.0,24.0,-7.0,41.0,0.0,0.0,-8.5,40.5,16.0,24.5,DEN,DEN,MARKET
2025_14_DEN_LV,2025,14,2025-12-07,LV,DEN,-8.5,40.5,17.0,24.0,-7.0,41.0,-1.9157372031594175,0.935182679591568,-10.415737203159418,41.43518267959157,15.509722738216077,25.925459941375493,DEN,DEN,WFS_CORE_IMPACT_REPLACEMENT_RESIDUAL
2025_14_DEN_LV,2025,14,2025-12-07,LV,DEN,-8.5,40.5,17.0,24.0,-7.0,41.0,-0.6456996843378516,0.8419705970290752,-9.14569968433785,41.341970597029075,16.098135456345613,25.243835140683462,DEN,DEN,WFS_CORE_IMPACT_RESIDUAL
2025_14_DEN_LV,2025,14,2025-12-07,LV,DEN,-8.5,40.5,17.0,24.0,-7.0,41.0,-0.01679975077475404,1.171615031327777,-8.516799750774753,41.671615031327775,16.577407640276512,25.094207391051263,DEN,DEN,WFS_CORE_RESIDUAL
2025_14_HOU_KC,2025,14,2025-12-07,KC,HOU,4.5,41.5,10.0,20.0,-10.0,30.0,0.0,0.0,4.5,41.5,23.0,18.5,HOU,KC,MARKET
2025_14_HOU_KC,2025,14,2025-12-07,KC,HOU,4.5,41.5,10.0,20.0,-10.0,30.0,0.5733354244917583,2.7042429394213205,5.073335424491758,44.20424293942132,24.63878918195654,19.56545375746478,HOU,KC,WFS_CORE_IMPACT_REPLACEMENT_RESIDUAL
2025_14_HOU_KC,2025,14,2025-12-07,KC,HOU,4.5,41.5,10.0,20.0,-10.0,30.0,0.7854491952363162,1.9545814505812764,5.285449195236316,43.45458145058127,24.370015322908795,19.084566127672478,HOU,KC,WFS_CORE_IMPACT_RESIDUAL
2025_14_HOU_KC,2025,14,2025-12-07,KC,HOU,4.5,41.5,10.0,20.0,-10.0,30.0,1.5322964283935292,2.3492776774221964,6.032296428393529,43.849277677422194,24.94078705290786,18.908490624514332,HOU,KC,WFS_CORE_RESIDUAL
2025_14_IND_JAX,2025,14,2025-12-07,JAX,IND,-2.5,44.5,36.0,19.0,17.0,55.0,0.0,0.0,-2.5,44.5,21.0,23.5,JAX,IND,MARKET
2025_14_IND_JAX,2025,14,2025-12-07,JAX,IND,-2.5,44.5,36.0,19.0,17.0,55.0,1.0044108840952697,2.524234038902734,-1.4955891159047303,47.02423403890273,22.764322461499003,24.25991157740373,JAX,IND,WFS_CORE_IMPACT_REPLACEMENT_RESIDUAL
2025_14_IND_JAX,2025,14,2025-12-07,JAX,IND,-2.5,44.5,36.0,19.0,17.0,55.0,1.4077696121697307,2.6193102478511134,-1.0922303878302693,47.11931024785111,23.01353993001042,24.10577031784069,JAX,IND,WFS_CORE_IMPACT_RESIDUAL
2025_14_IND_JAX,2025,14,2025-12-07,JAX,IND,-2.5,44.5,36.0,19.0,17.0,55.0,2.391339873346866,2.7911951468890335,-0.10866012665313418,47.29119514688903,23.591267510117948,23.699927636771083,JAX,IND,WFS_CORE_RESIDUAL
2025_14_LA_ARI,2025,14,2025-12-07,ARI,LA,-9.5,49.5,17.0,45.0,-28.0,62.0,0.0,0.0,-9.5,49.5,20.0,29.5,LA,LA,MARKET
2025_14_LA_ARI,2025,14,2025-12-07,ARI,LA,-9.5,49.5,17.0,45.0,-28.0,62.0,-2.879925908028293,-1.1052236482991438,-12.379925908028293,48.394776351700855,18.007425221836282,30.387351129864573,LA,LA,WFS_CORE_IMPACT_REPLACEMENT_RESIDUAL
2025_14_LA_ARI,2025,14,2025-12-07,ARI,LA,-9.5,49.5,17.0,45.0,-28.0,62.0,-1.808691009171496,-1.3832556352734147,-11.308691009171497,48.116744364726586,18.404026677777544,29.71271768694904,LA,LA,WFS_CORE_IMPACT_RESIDUAL
2025_14_LA_ARI,2025,14,2025-12-07,ARI,LA,-9.5,49.5,17.0,45.0,-28.0,62.0,0.15042928639601433,1.6469950809808154,-9.349570713603987,51.146995080980815,20.898712183688414,30.248282897292402,LA,LA,WFS_CORE_RESIDUAL
2025_14_MIA_NYJ,2025,14,2025-12-07,NYJ,MIA,-2.5,41.5,10.0,34.0,-24.0,44.0,0.0,0.0,-2.5,41.5,19.5,22.0,MIA,MIA,MARKET
2025_14_MIA_NYJ,2025,14,2025-12-07,NYJ,MIA,-2.5,41.5,10.0,34.0,-24.0,44.0,1.2541816082475683,2.88119672628594,-1.2458183917524317,44.38119672628594,21.567689167266757,22.813507559019186,MIA,MIA,WFS_CORE_IMPACT_REPLACEMENT_RESIDUAL
2025_14_MIA_NYJ,2025,14,2025-12-07,NYJ,MIA,-2.5,41.5,10.0,34.0,-24.0,44.0,0.22505725940986193,0.8553707773692599,-2.274942740590138,42.35537077736926,20.040214018389563,22.315156758979697,MIA,MIA,WFS_CORE_IMPACT_RESIDUAL
2025_14_MIA_NYJ,2025,14,2025-12-07,NYJ,MIA,-2.5,41.5,10.0,34.0,-24.0,44.0,0.6984224967533039,1.1393620728782357,-1.801577503246696,42.639362072878235,20.41889228481577,22.220469788062466,MIA,MIA,WFS_CORE_RESIDUAL
2025_14_NO_TB,2025,14,2025-12-07,TB,NO,7.5,41.5,20.0,24.0,-4.0,44.0,0.0,0.0,7.5,41.5,24.5,17.0,NO,TB,MARKET
2025_14_NO_TB,2025,14,2025-12-07,TB,NO,7.5,41.5,20.0,24.0,-4.0,44.0,1.3675421359201942,3.2982923542916236,8.867542135920194,44.798292354291625,26.83291724510591,17.965375109185715,NO,TB,WFS_CORE_IMPACT_REPLACEMENT_RESIDUAL
2025_14_NO_TB,2025,14,2025-12-07,TB,NO,7.5,41.5,20.0,24.0,-4.0,44.0,1.393407781622983,2.468788295865718,8.893407781622983,43.96878829586572,26.431098038744352,17.53769025712137,NO,TB,WFS_CORE_IMPACT_RESIDUAL
2025_14_NO_TB,2025,14,2025-12-07,TB,NO,7.5,41.5,20.0,24.0,-4.0,44.0,1.47272614902071,2.2529949478180957,8.97272614902071,43.752994947818095,26.362860548419402,17.390134399398693,NO,TB,WFS_CORE_RESIDUAL
2025_14_PIT_BAL,2025,14,2025-12-07,BAL,PIT,5.5,43.5,22.0,27.0,-5.0,49.0,0.0,0.0,5.5,43.5,24.5,19.0,PIT,BAL,MARKET
2025_14_PIT_BAL,2025,14,2025-12-07,BAL,PIT,5.5,43.5,22.0,27.0,-5.0,49.0,1.0062544550419745,3.837812754501929,6.506254455041974,47.337812754501925,26.92203360477195,20.415779149729975,PIT,BAL,WFS_CORE_IMPACT_REPLACEMENT_RESIDUAL
2025_14_PIT_BAL,2025,14,2025-12-07,BAL,PIT,5.5,43.5,22.0,27.0,-5.0,49.0,0.9839396937823425,2.984269418687984,6.483939693782342,46.48426941868799,26.484104556235163,20.000164862452824,PIT,BAL,WFS_CORE_IMPACT_RESIDUAL
2025_14_PIT_BAL,2025,14,2025-12-07,BAL,PIT,5.5,43.5,22.0,27.0,-5.0,49.0,1.8090692230264782,2.302547415622421,7.309069223026478,45.80254741562242,26.55580831932445,19.246739096297972,PIT,BAL,WFS_CORE_RESIDUAL
2025_14_SEA_ATL,2025,14,2025-12-07,ATL,SEA,-7.0,44.5,9.0,37.0,-28.0,46.0,0.0,0.0,-7.0,44.5,18.75,25.75,SEA,SEA,MARKET
2025_14_SEA_ATL,2025,14,2025-12-07,ATL,SEA,-7.0,44.5,9.0,37.0,-28.0,46.0,-4.366287839301659,-0.5569471230134411,-11.366287839301659,43.943052876986556,16.288382518842447,27.65467035814411,SEA,SEA,WFS_CORE_IMPACT_REPLACEMENT_RESIDUAL
2025_14_SEA_ATL,2025,14,2025-12-07,ATL,SEA,-7.0,44.5,9.0,37.0,-28.0,46.0,1.2217497707082579,0.3643591047883853,-5.778250229291742,44.864359104788385,19.54305443774832,25.321304667040064,SEA,SEA,WFS_CORE_IMPACT_RESIDUAL
2025_14_SEA_ATL,2025,14,2025-12-07,ATL,SEA,-7.0,44.5,9.0,37.0,-28.0,46.0,2.2799856287923275,1.370136771612167,-4.7200143712076725,45.87013677161217,20.575061200202246,25.29507557140992,SEA,SEA,WFS_CORE_RESIDUAL
2025_14_TEN_CLE,2025,14,2025-12-07,CLE,TEN,4.5,33.5,29.0,31.0,-2.0,60.0,0.0,0.0,4.5,33.5,19.0,14.5,TEN,CLE,MARKET
2025_14_TEN_CLE,2025,14,2025-12-07,CLE,TEN,4.5,33.5,29.0,31.0,-2.0,60.0,1.0223673219281157,3.9129915648766,5.522367321928115,37.4129915648766,21.467679443402357,15.945312121474242,TEN,CLE,WFS_CORE_IMPACT_REPLACEMENT_RESIDUAL
2025_14_TEN_CLE,2025,14,2025-12-07,CLE,TEN,4.5,33.5,29.0,31.0,-2.0,60.0,0.6691686922680123,2.3904270314722553,5.169168692268013,35.89042703147226,20.529797861870136,15.360629169602122,TEN,CLE,WFS_CORE_IMPACT_RESIDUAL
2025_14_TEN_CLE,2025,14,2025-12-07,CLE,TEN,4.5,33.5,29.0,31.0,-2.0,60.0,1.399812308247357,1.4817416579476186,5.899812308247357,34.981741657947616,20.440776983097486,14.54096467485013,TEN,CLE,WFS_CORE_RESIDUAL
2025_14_WAS_MIN,2025,14,2025-12-07,MIN,WAS,-1.5,43.5,31.0,0.0,31.0,31.0,0.0,0.0,-1.5,43.5,21.0,22.5,MIN,WAS,MARKET
2025_14_WAS_MIN,2025,14,2025-12-07,MIN,WAS,-1.5,43.5,31.0,0.0,31.0,31.0,-0.2032469958239979,1.821039675407429,-1.703246995823998,45.32103967540743,21.808896339791715,23.51214333561571,MIN,WAS,WFS_CORE_IMPACT_REPLACEMENT_RESIDUAL
2025_14_WAS_MIN,2025,14,2025-12-07,MIN,WAS,-1.5,43.5,31.0,0.0,31.0,31.0,-0.22354093232397487,1.00266184580145,-1.7235409323239748,44.50266184580145,21.389560456738735,23.113101389062713,MIN,WAS,WFS_CORE_IMPACT_RESIDUAL
2025_14_WAS_MIN,2025,14,2025-12-07,MIN,WAS,-1.5,43.5,31.0,0.0,31.0,31.0,0.32379029128975967,1.3274495090994256,-1.1762097087102403,44.827449509099424,21.825619900194592,23.00182960890483,MIN,WAS,WFS_CORE_RESIDUAL
2025_14_PHI_LAC,2025,14,2025-12-08,LAC,PHI,-1.5,41.5,22.0,19.0,3.0,41.0,0.0,0.0,-1.5,41.5,20.0,21.5,LAC,PHI,MARKET
2025_14_PHI_LAC,2025,14,2025-12-08,LAC,PHI,-1.5,41.5,22.0,19.0,3.0,41.0,1.5469361954368732,2.587786813489833,0.04693619543687322,44.087786813489835,22.067361504463353,22.020425309026482,LAC,LAC,WFS_CORE_IMPACT_REPLACEMENT_RESIDUAL
2025_14_PHI_LAC,2025,14,2025-12-08,LAC,PHI,-1.5,41.5,22.0,19.0,3.0,41.0,1.6833189170151217,2.5133694190477973,0.1833189170151217,44.0133694190478,22.09834416803146,21.91502525101634,LAC,LAC,WFS_CORE_IMPACT_RESIDUAL
2025_14_PHI_LAC,2025,14,2025-12-08,LAC,PHI,-1.5,41.5,22.0,19.0,3.0,41.0,2.249644188439187,1.8146350332717835,0.7496441884391869,43.314635033271784,22.032139610855484,21.2824954224163,LAC,LAC,WFS_CORE_RESIDUAL
2025_15_ATL_TB,2025,15,2025-12-11,TB,ATL,6.0,43.5,28.0,29.0,-1.0,57.0,0.0,0.0,6.0,43.5,24.75,18.75,ATL,TB,MARKET
2025_15_ATL_TB,2025,15,2025-12-11,TB,ATL,6.0,43.5,28.0,29.0,-1.0,57.0,2.6272714327771376,2.5877254549422113,8.627271432777137,46.08772545494221,27.357498443859672,18.730227011082537,ATL,TB,WFS_CORE_IMPACT_REPLACEMENT_RESIDUAL
2025_15_ATL_TB,2025,15,2025-12-11,TB,ATL,6.0,43.5,28.0,29.0,-1.0,57.0,3.4064389302411384,2.4103331444890674,9.406438930241139,45.910333144489066,27.6583860373651,18.251947107123964,ATL,TB,WFS_CORE_IMPACT_RESIDUAL
2025_15_ATL_TB,2025,15,2025-12-11,TB,ATL,6.0,43.5,28.0,29.0,-1.0,57.0,1.7609768043039224,2.122727682267727,7.7609768043039224,45.62272768226773,26.691852243285826,18.930875438981904,ATL,TB,WFS_CORE_RESIDUAL
2025_15_ARI_HOU,2025,15,2025-12-14,HOU,ARI,10.5,42.5,40.0,20.0,20.0,60.0,0.0,0.0,10.5,42.5,26.5,16.0,HOU,HOU,MARKET
2025_15_ARI_HOU,2025,15,2025-12-14,HOU,ARI,10.5,42.5,40.0,20.0,20.0,60.0,4.619406140278015,4.221122371465977,15.119406140278015,46.72112237146598,30.920264255872,15.800858115593982,HOU,HOU,WFS_CORE_IMPACT_REPLACEMENT_RESIDUAL
2025_15_ARI_HOU,2025,15,2025-12-14,HOU,ARI,10.5,42.5,40.0,20.0,20.0,60.0,4.9296288044269065,4.172070251022532,15.429628804426907,46.67207025102253,31.05084952772472,15.621220723297814,HOU,HOU,WFS_CORE_IMPACT_RESIDUAL
2025_15_ARI_HOU,2025,15,2025-12-14,HOU,ARI,10.5,42.5,40.0,20.0,20.0,60.0,1.9190603583499568,2.494476298558702,12.419060358349956,44.9944762985587,28.70676832845433,16.28770797010437,HOU,HOU,WFS_CORE_RESIDUAL
2025_15_BAL_CIN,2025,15,2025-12-14,CIN,BAL,-2.5,51.5,0.0,24.0,-24.0,24.0,0.0,0.0,-2.5,51.5,24.5,27.0,BAL,BAL,MARKET
2025_15_BAL_CIN,2025,15,2025-12-14,CIN,BAL,-2.5,51.5,0.0,24.0,-24.0,24.0,-3.115808327070904,-0.4515738015825538,-5.615808327070904,51.048426198417445,22.716308935673272,28.332117262744173,BAL,BAL,WFS_CORE_IMPACT_REPLACEMENT_RESIDUAL
2025_15_BAL_CIN,2025,15,2025-12-14,CIN,BAL,-2.5,51.5,0.0,24.0,-24.0,24.0,-0.39934281824563683,0.07165661292079487,-2.899342818245637,51.5716566129208,24.33615689733758,27.235499715583217,BAL,BAL,WFS_CORE_IMPACT_RESIDUAL
2025_15_BAL_CIN,2025,15,2025-12-14,CIN,BAL,-2.5,51.5,0.0,24.0,-24.0,24.0,1.0469949710140178,1.1089692874260781,-1.4530050289859822,52.60896928742608,25.577982129220047,27.03098715820603,BAL,BAL,WFS_CORE_RESIDUAL
2025_15_BUF_NE,2025,15,2025-12-14,NE,BUF,-2.5,49.5,31.0,35.0,-4.0,66.0,0.0,0.0,-2.5,49.5,23.5,26.0,BUF,BUF,MARKET
2025_15_BUF_NE,2025,15,2025-12-14,NE,BUF,-2.5,49.5,31.0,35.0,-4.0,66.0,3.0017050362880644,1.5167429704129782,0.5017050362880644,51.01674297041298,25.75922400335052,25.257518967062456,BUF,NE,WFS_CORE_IMPACT_REPLACEMENT_RESIDUAL
2025_15_BUF_NE,2025,15,2025-12-14,NE,BUF,-2.5,49.5,31.0,35.0,-4.0,66.0,1.068661821275007,0.9477132792629671,-1.431338178724993,50.44771327926297,24.50818755026899,25.93952572899398,BUF,BUF,WFS_CORE_IMPACT_RESIDUAL
2025_15_BUF_NE,2025,15,2025-12-14,NE,BUF,-2.5,49.5,31.0,35.0,-4.0,66.0,1.2081240226958725,2.0616039669218966,-1.2918759773041275,51.56160396692189,25.13486399480888,26.426739972113012,BUF,BUF,WFS_CORE_RESIDUAL
2025_15_CAR_NO,2025,15,2025-12-14,NO,CAR,-2.5,41.5,20.0,17.0,3.0,37.0,0.0,0.0,-2.5,41.5,19.5,22.0,NO,CAR,MARKET
2025_15_CAR_NO,2025,15,2025-12-14,NO,CAR,-2.5,41.5,20.0,17.0,3.0,37.0,0.8286745375082626,-0.20398980656521346,-1.6713254624917373,41.29601019343479,19.812342365471526,21.483667827963263,NO,CAR,WFS_CORE_IMPACT_REPLACEMENT_RESIDUAL
2025_15_CAR_NO,2025,15,2025-12-14,NO,CAR,-2.5,41.5,20.0,17.0,3.0,37.0,0.03740446992359904,-0.3647007129083751,-2.462595530076401,41.13529928709163,19.336351878507614,21.798947408584013,NO,CAR,WFS_CORE_IMPACT_RESIDUAL
2025_15_CAR_NO,2025,15,2025-12-14,NO,CAR,-2.5,41.5,20.0,17.0,3.0,37.0,0.4364111621995517,1.0618760806527556,-2.0635888378004483,42.56187608065276,20.249143621426157,22.312732459226602,NO,CAR,WFS_CORE_RESIDUAL
2025_15_CLE_CHI,2025,15,2025-12-14,CHI,CLE,7.5,38.5,31.0,3.0,28.0,34.0,0.0,0.0,7.5,38.5,23.0,15.5,CHI,CHI,MARKET
2025_15_CLE_CHI,2025,15,2025-12-14,CHI,CLE,7.5,38.5,31.0,3.0,28.0,34.0,7.203546088822458,4.861309309960075,14.703546088822458,43.36130930996008,29.032427699391267,14.32888161056881,CHI,CHI,WFS_CORE_IMPACT_REPLACEMENT_RESIDUAL
2025_15_CLE_CHI,2025,15,2025-12-14,CHI,CLE,7.5,38.5,31.0,3.0,28.0,34.0,5.6003509291038,4.067189586433138,13.1003509291038,42.56718958643314,27.83377025776847,14.733419328664668,CHI,CHI,WFS_CORE_IMPACT_RESIDUAL
2025_15_CLE_CHI,2025,15,2025-12-14,CHI,CLE,7.5,38.5,31.0,3.0,28.0,34.0,1.8048101258528653,2.4025948562793116,9.304810125852866,40.902594856279315,25.10370249106609,15.798892365213224,CHI,CHI,WFS_CORE_RESIDUAL
2025_15_DET_LA,2025,15,2025-12-14,LA,DET,5.5,54.5,41.0,34.0,7.0,75.0,0.0,0.0,5.5,54.5,30.0,24.5,LA,LA,MARKET
2025_15_DET_LA,2025,15,2025-12-14,LA,DET,5.5,54.5,41.0,34.0,7.0,75.0,0.8806295000861856,2.8999376457416886,6.380629500086186,57.39993764574169,31.890283572913937,25.50965407282775,LA,LA,WFS_CORE_IMPACT_REPLACEMENT_RESIDUAL
2025_15_DET_LA,2025,15,2025-12-14,LA,DET,5.5,54.5,41.0,34.0,7.0,75.0,1.1827629165401874,2.8506130295733314,6.682762916540187,57.35061302957333,32.01668797305676,25.333925056516573,LA,LA,WFS_CORE_IMPACT_RESIDUAL
2025_15_DET_LA,2025,15,2025-12-14,LA,DET,5.5,54.5,41.0,34.0,7.0,75.0,1.0698004506480878,2.126042270218306,6.569800450648088,56.626042270218306,31.597921360433197,25.02812090978511,LA,LA,WFS_CORE_RESIDUAL
2025_15_GB_DEN,2025,15,2025-12-14,DEN,GB,-1.5,42.5,34.0,26.0,8.0,60.0,0.0,0.0,-1.5,42.5,20.5,22.0,DEN,GB,MARKET
2025_15_GB_DEN,2025,15,2025-12-14,DEN,GB,-1.5,42.5,34.0,26.0,8.0,60.0,-1.177714095913608,1.4754075886423292,-2.677714095913608,43.97540758864233,20.64884674636436,23.326560842277967,DEN,GB,WFS_CORE_IMPACT_REPLACEMENT_RESIDUAL
2025_15_GB_DEN,2025,15,2025-12-14,DEN,GB,-1.5,42.5,34.0,26.0,8.0,60.0,0.6507979553754989,1.8955196209109737,-0.8492020446245011,44.395519620910974,21.77315878814324,22.622360832767736,DEN,GB,WFS_CORE_IMPACT_RESIDUAL
2025_15_GB_DEN,2025,15,2025-12-14,DEN,GB,-1.5,42.5,34.0,26.0,8.0,60.0,0.7020148612234822,2.4051923930443575,-0.7979851387765178,44.90519239304436,22.05360362713392,22.85158876591044,DEN,GB,WFS_CORE_RESIDUAL
2025_15_IND_SEA,2025,15,2025-12-14,SEA,IND,13.5,41.5,18.0,16.0,2.0,34.0,0.0,0.0,13.5,41.5,27.5,14.0,SEA,SEA,MARKET
2025_15_IND_SEA,2025,15,2025-12-14,SEA,IND,13.5,41.5,18.0,16.0,2.0,34.0,1.4781548086881975,4.753065708333683,14.978154808688197,46.25306570833368,30.615610258510937,15.637455449822742,SEA,SEA,WFS_CORE_IMPACT_REPLACEMENT_RESIDUAL
2025_15_IND_SEA,2025,15,2025-12-14,SEA,IND,13.5,41.5,18.0,16.0,2.0,34.0,1.802861447860341,3.976160327202722,15.30286144786034,45.47616032720272,30.38951088753153,15.08664943967119,SEA,SEA,WFS_CORE_IMPACT_RESIDUAL
2025_15_IND_SEA,2025,15,2025-12-14,SEA,IND,13.5,41.5,18.0,16.0,2.0,34.0,2.3913158116672704,3.3604658121011397,15.89131581166727,44.86046581210114,30.375890811884204,14.484575000216935,SEA,SEA,WFS_CORE_RESIDUAL
2025_15_LAC_KC,2025,15,2025-12-14,KC,LAC,5.5,41.5,13.0,16.0,-3.0,29.0,0.0,0.0,5.5,41.5,23.5,18.0,LAC,KC,MARKET
2025_15_LAC_KC,2025,15,2025-12-14,KC,LAC,5.5,41.5,13.0,16.0,-3.0,29.0,-0.919530825523145,-0.6045236192887734,4.580469174476855,40.89547638071123,22.73797277759404,18.15750360311719,LAC,KC,WFS_CORE_IMPACT_REPLACEMENT_RESIDUAL
2025_15_LAC_KC,2025,15,2025-12-14,KC,LAC,5.5,41.5,13.0,16.0,-3.0,29.0,1.7959990075134817,0.1311779891850966,7.2959990075134815,41.6311779891851,24.46358849834929,17.16758949083581,LAC,KC,WFS_CORE_IMPACT_RESIDUAL
2025_15_LAC_KC,2025,15,2025-12-14,KC,LAC,5.5,41.5,13.0,16.0,-3.0,29.0,1.6666760199241182,1.547937052792272,7.166676019924118,43.04793705279227,25.107306536358195,17.940630516434076,LAC,KC,WFS_CORE_RESIDUAL
2025_15_LV_PHI,2025,15,2025-12-14,PHI,LV,12.5,37.5,31.0,0.0,31.0,31.0,0.0,0.0,12.5,37.5,25.0,12.5,PHI,PHI,MARKET
2025_15_LV_PHI,2025,15,2025-12-14,PHI,LV,12.5,37.5,31.0,0.0,31.0,31.0,2.9548160225252946,3.3657927994459067,15.454816022525295,40.865792799445906,28.1603044109856,12.705488388460306,PHI,PHI,WFS_CORE_IMPACT_REPLACEMENT_RESIDUAL
2025_15_LV_PHI,2025,15,2025-12-14,PHI,LV,12.5,37.5,31.0,0.0,31.0,31.0,2.96653106651928,2.9926453328509024,15.46653106651928,40.492645332850906,27.979588199685093,12.513057133165812,PHI,PHI,WFS_CORE_IMPACT_RESIDUAL
2025_15_LV_PHI,2025,15,2025-12-14,PHI,LV,12.5,37.5,31.0,0.0,31.0,31.0,0.9499631252863578,2.666362932818097,13.449963125286358,40.166362932818096,26.808163029052228,13.358199903765868,PHI,PHI,WFS_CORE_RESIDUAL
2025_15_MIN_DAL,2025,15,2025-12-14,DAL,MIN,5.5,47.5,26.0,34.0,-8.0,60.0,0.0,0.0,5.5,47.5,26.5,21.0,MIN,DAL,MARKET
2025_15_MIN_DAL,2025,15,2025-12-14,DAL,MIN,5.5,47.5,26.0,34.0,-8.0,60.0,0.17878301649962064,0.44154143244154287,5.6787830164996205,47.94154143244154,26.81016222447058,21.13137920797096,MIN,DAL,WFS_CORE_IMPACT_REPLACEMENT_RESIDUAL
2025_15_MIN_DAL,2025,15,2025-12-14,DAL,MIN,5.5,47.5,26.0,34.0,-8.0,60.0,0.3700753054760822,0.5011127758798137,5.870075305476083,48.00111277587981,26.935594040677948,21.065518735201863,MIN,DAL,WFS_CORE_IMPACT_RESIDUAL
2025_15_MIN_DAL,2025,15,2025-12-14,DAL,MIN,5.5,47.5,26.0,34.0,-8.0,60.0,0.6384276177232312,1.4416566375069966,6.138427617723231,48.941656637506995,27.540042127615113,21.401614509891882,MIN,DAL,WFS_CORE_RESIDUAL
2025_15_NYJ_JAX,2025,15,2025-12-14,JAX,NYJ,13.5,40.5,48.0,20.0,28.0,68.0,0.0,0.0,13.5,40.5,27.0,13.5,JAX,JAX,MARKET
2025_15_NYJ_JAX,2025,15,2025-12-14,JAX,NYJ,13.5,40.5,48.0,20.0,28.0,68.0,7.760873890929368,4.9198637628845034,21.260873890929368,45.4198637628845,33.34036882690694,12.079494935977568,JAX,JAX,WFS_CORE_IMPACT_REPLACEMENT_RESIDUAL
2025_15_NYJ_JAX,2025,15,2025-12-14,JAX,NYJ,13.5,40.5,48.0,20.0,28.0,68.0,8.239274688700297,4.98307425298816,21.7392746887003,45.48307425298816,33.61117447084423,11.871899782143931,JAX,JAX,WFS_CORE_IMPACT_RESIDUAL
2025_15_NYJ_JAX,2025,15,2025-12-14,JAX,NYJ,13.5,40.5,48.0,20.0,28.0,68.0,2.578723330503589,2.9100205569437367,16.07872333050359,43.410020556943735,29.744371943723664,13.665648613220073,JAX,JAX,WFS_CORE_RESIDUAL
2025_15_TEN_SF,2025,15,2025-12-14,SF,TEN,12.5,44.5,37.0,24.0,13.0,61.0,0.0,0.0,12.5,44.5,28.5,16.0,SF,SF,MARKET
2025_15_TEN_SF,2025,15,2025-12-14,SF,TEN,12.5,44.5,37.0,24.0,13.0,61.0,0.8210008278168266,4.227464914350079,13.321000827816826,48.72746491435008,31.024232871083452,17.703232043266627,SF,SF,WFS_CORE_IMPACT_REPLACEMENT_RESIDUAL
2025_15_TEN_SF,2025,15,2025-12-14,SF,TEN,12.5,44.5,37.0,24.0,13.0,61.0,0.8586089679769395,3.2133869498940517,13.35860896797694,47.71338694989405,30.535997958935496,17.177388990958555,SF,SF,WFS_CORE_IMPACT_RESIDUAL
2025_15_TEN_SF,2025,15,2025-12-14,SF,TEN,12.5,44.5,37.0,24.0,13.0,61.0,1.5791086440882494,2.870763851174275,14.07910864408825,47.370763851174274,30.724936247631263,16.64582760354301,SF,SF,WFS_CORE_RESIDUAL
2025_15_WAS_NYG,2025,15,2025-12-14,NYG,WAS,2.5,46.5,21.0,29.0,-8.0,50.0,0.0,0.0,2.5,46.5,24.5,22.0,WAS,NYG,MARKET
2025_15_WAS_NYG,2025,15,2025-12-14,NYG,WAS,2.5,46.5,21.0,29.0,-8.0,50.0,3.1126096431202575,2.3758798167339368,5.6126096431202575,48.875879816733935,27.244244729927097,21.63163508680684,WAS,NYG,WFS_CORE_IMPACT_REPLACEMENT_RESIDUAL
2025_15_WAS_NYG,2025,15,2025-12-14,NYG,WAS,2.5,46.5,21.0,29.0,-8.0,50.0,3.4494676987580606,1.565604698006629,5.949467698758061,48.06560469800663,27.007536198382347,21.058068499624284,WAS,NYG,WFS_CORE_IMPACT_RESIDUAL
2025_15_WAS_NYG,2025,15,2025-12-14,NYG,WAS,2.5,46.5,21.0,29.0,-8.0,50.0,2.044906648511669,0.557393684755803,4.5449066485116685,47.0573936847558,25.801150166633736,21.256243518122066,WAS,NYG,WFS_CORE_RESIDUAL
2025_15_MIA_PIT,2025,15,2025-12-15,PIT,MIA,3.0,42.5,28.0,15.0,13.0,43.0,0.0,0.0,3.0,42.5,22.75,19.75,PIT,PIT,MARKET
2025_15_MIA_PIT,2025,15,2025-12-15,PIT,MIA,3.0,42.5,28.0,15.0,13.0,43.0,0.011041033797736535,0.6473925285201213,3.0110410337977367,43.14739252852012,23.07921678115893,20.06817574736119,PIT,PIT,WFS_CORE_IMPACT_REPLACEMENT_RESIDUAL
2025_15_MIA_PIT,2025,15,2025-12-15,PIT,MIA,3.0,42.5,28.0,15.0,13.0,43.0,-0.0035464814308743264,0.2852638345450952,2.9964535185691257,42.7852638345451,22.890858676557112,19.894405157987986,PIT,PIT,WFS_CORE_IMPACT_RESIDUAL
2025_15_MIA_PIT,2025,15,2025-12-15,PIT,MIA,3.0,42.5,28.0,15.0,13.0,43.0,0.5242620517720187,1.139771864558522,3.524262051772019,43.63977186455852,23.58201695816527,20.05775490639325,PIT,PIT,WFS_CORE_RESIDUAL
2025_16_LA_SEA,2025,16,2025-12-18,SEA,LA,1.5,42.5,38.0,37.0,1.0,75.0,0.0,0.0,1.5,42.5,22.0,20.5,SEA,SEA,MARKET
2025_16_LA_SEA,2025,16,2025-12-18,SEA,LA,1.5,42.5,38.0,37.0,1.0,75.0,0.06449949146086195,1.3284837278096102,1.5644994914608619,43.82848372780961,22.69649160963524,21.131992118174374,SEA,SEA,WFS_CORE_IMPACT_REPLACEMENT_RESIDUAL
2025_16_LA_SEA,2025,16,2025-12-18,SEA,LA,1.5,42.5,38.0,37.0,1.0,75.0,0.31531815957694537,1.3618998397689122,1.8153181595769454,43.86189983976891,22.83860899967293,21.02329084009598,SEA,SEA,WFS_CORE_IMPACT_RESIDUAL
2025_16_LA_SEA,2025,16,2025-12-18,SEA,LA,1.5,42.5,38.0,37.0,1.0,75.0,0.9962578975817427,2.352262533614142,2.4962578975817427,44.852262533614145,23.674260215597943,21.1780023180162,SEA,SEA,WFS_CORE_RESIDUAL
2025_16_GB_CHI,2025,16,2025-12-20,CHI,GB,1.5,45.5,22.0,16.0,6.0,38.0,0.0,0.0,1.5,45.5,23.5,22.0,CHI,CHI,MARKET
2025_16_GB_CHI,2025,16,2025-12-20,CHI,GB,1.5,45.5,22.0,16.0,6.0,38.0,-0.5684158348435895,0.9474573528327561,0.9315841651564105,46.44745735283276,23.689520758994583,22.757936593838174,CHI,CHI,WFS_CORE_IMPACT_REPLACEMENT_RESIDUAL
2025_16_GB_CHI,2025,16,2025-12-20,CHI,GB,1.5,45.5,22.0,16.0,6.0,38.0,2.4567528085594823,1.2937048386432268,3.9567528085594823,46.79370483864323,25.375228823601354,21.418476015041875,CHI,CHI,WFS_CORE_IMPACT_RESIDUAL
2025_16_GB_CHI,2025,16,2025-12-20,CHI,GB,1.5,45.5,22.0,16.0,6.0,38.0,2.2583903290219154,2.5301692294334592,3.7583903290219154,48.03016922943346,25.894279779227688,22.135889450205774,CHI,CHI,WFS_CORE_RESIDUAL
2025_16_PHI_WAS,2025,16,2025-12-20,WAS,PHI,-7.0,43.5,18.0,29.0,-11.0,47.0,0.0,0.0,-7.0,43.5,18.25,25.25,PHI,PHI,MARKET
2025_16_PHI_WAS,2025,16,2025-12-20,WAS,PHI,-7.0,43.5,18.0,29.0,-11.0,47.0,2.0382112736749884,3.661594473164424,-4.961788726325011,47.16159447316443,21.09990287341971,26.06169159974472,PHI,PHI,WFS_CORE_IMPACT_REPLACEMENT_RESIDUAL
2025_16_PHI_WAS,2025,16,2025-12-20,WAS,PHI,-7.0,43.5,18.0,29.0,-11.0,47.0,1.6373604494539113,2.8110552654203573,-5.362639550546088,46.31105526542036,20.474207857437136,25.83684740798322,PHI,PHI,WFS_CORE_IMPACT_RESIDUAL
2025_16_PHI_WAS,2025,16,2025-12-20,WAS,PHI,-7.0,43.5,18.0,29.0,-11.0,47.0,2.1533660760181865,1.795155130421856,-4.8466339239818135,45.295155130421854,20.22426060322002,25.070894527201833,PHI,PHI,WFS_CORE_RESIDUAL
2025_16_ATL_ARI,2025,16,2025-12-21,ARI,ATL,-2.5,48.5,19.0,26.0,-7.0,45.0,0.0,0.0,-2.5,48.5,23.0,25.5,ATL,ATL,MARKET
2025_16_ATL_ARI,2025,16,2025-12-21,ARI,ATL,-2.5,48.5,19.0,26.0,-7.0,45.0,-0.7515786283389371,0.5948933652803264,-3.251578628338937,49.09489336528033,22.921657368470694,26.173235996809634,ATL,ATL,WFS_CORE_IMPACT_REPLACEMENT_RESIDUAL
2025_16_ATL_ARI,2025,16,2025-12-21,ARI,ATL,-2.5,48.5,19.0,26.0,-7.0,45.0,-0.4826806554384879,0.7427130278979686,-2.9826806554384877,49.24271302789797,23.130016186229742,26.112696841668228,ATL,ATL,WFS_CORE_IMPACT_RESIDUAL
2025_16_ATL_ARI,2025,16,2025-12-21,ARI,ATL,-2.5,48.5,19.0,26.0,-7.0,45.0,-0.5386398230910712,0.4460591871292467,-3.038639823091071,48.946059187129244,22.953709682019085,25.99234950511016,ATL,ATL,WFS_CORE_RESIDUAL
2025_16_BUF_CLE,2025,16,2025-12-21,CLE,BUF,-10.5,41.5,20.0,23.0,-3.0,43.0,0.0,0.0,-10.5,41.5,15.5,26.0,BUF,BUF,MARKET
2025_16_BUF_CLE,2025,16,2025-12-21,CLE,BUF,-10.5,41.5,20.0,23.0,-3.0,43.0,-1.7246308750537576,1.483103895910653,-12.224630875053757,42.98310389591065,15.379236510428449,27.603867385482204,BUF,BUF,WFS_CORE_IMPACT_REPLACEMENT_RESIDUAL
2025_16_BUF_CLE,2025,16,2025-12-21,CLE,BUF,-10.5,41.5,20.0,23.0,-3.0,43.0,-0.3625043883011399,0.7864501094134027,-10.86250438830114,42.2864501094134,15.71197286055613,26.57447724885727,BUF,BUF,WFS_CORE_IMPACT_RESIDUAL
2025_16_BUF_CLE,2025,16,2025-12-21,CLE,BUF,-10.5,41.5,20.0,23.0,-3.0,43.0,0.48304415567325676,0.5851295763835314,-10.016955844326743,42.08512957638353,16.034086866028392,26.051042710355137,BUF,BUF,WFS_CORE_RESIDUAL
2025_16_CIN_MIA,2025,16,2025-12-21,MIA,CIN,-3.5,48.5,21.0,45.0,-24.0,66.0,0.0,0.0,-3.5,48.5,22.5,26.0,CIN,CIN,MARKET
2025_16_CIN_MIA,2025,16,2025-12-21,MIA,CIN,-3.5,48.5,21.0,45.0,-24.0,66.0,2.3687525142060473,3.143501411285857,-1.1312474857939527,51.643501411285854,25.256126962745952,26.3873744485399,CIN,CIN,WFS_CORE_IMPACT_REPLACEMENT_RESIDUAL
2025_16_CIN_MIA,2025,16,2025-12-21,MIA,CIN,-3.5,48.5,21.0,45.0,-24.0,66.0,2.5356195670695953,2.4107999847243557,-0.9643804329304047,50.910799984724356,24.973209775896976,25.93759020882738,CIN,CIN,WFS_CORE_IMPACT_RESIDUAL
2025_16_CIN_MIA,2025,16,2025-12-21,MIA,CIN,-3.5,48.5,21.0,45.0,-24.0,66.0,2.387884386411835,2.6224131803044104,-1.112115613588165,51.12241318030441,25.005148783358123,26.11726439694629,CIN,CIN,WFS_CORE_RESIDUAL
2025_16_JAX_DEN,2025,16,2025-12-21,DEN,JAX,3.5,46.5,20.0,34.0,-14.0,54.0,0.0,0.0,3.5,46.5,25.0,21.5,JAX,DEN,MARKET
2025_16_JAX_DEN,2025,16,2025-12-21,DEN,JAX,3.5,46.5,20.0,34.0,-14.0,54.0,1.570858909460511,2.4219294041836816,5.070858909460511,48.92192940418368,26.996394156822095,21.925535247361584,JAX,DEN,WFS_CORE_IMPACT_REPLACEMENT_RESIDUAL
2025_16_JAX_DEN,2025,16,2025-12-21,DEN,JAX,3.5,46.5,20.0,34.0,-14.0,54.0,2.0059783054658666,2.5393818466711764,5.505978305465867,49.039381846671176,27.27268007606852,21.766701770602655,JAX,DEN,WFS_CORE_IMPACT_RESIDUAL
2025_16_JAX_DEN,2025,16,2025-12-21,DEN,JAX,3.5,46.5,20.0,34.0,-14.0,54.0,1.5936742040384093,2.537560158310366,5.093674204038409,49.03756015831036,27.065617181174385,21.971942977135978,JAX,DEN,WFS_CORE_RESIDUAL
2025_16_KC_TEN,2025,16,2025-12-21,TEN,KC,-3.5,37.5,26.0,9.0,17.0,35.0,0.0,0.0,-3.5,37.5,17.0,20.5,TEN,KC,MARKET
2025_16_KC_TEN,2025,16,2025-12-21,TEN,KC,-3.5,37.5,26.0,9.0,17.0,35.0,3.2793593992063577,2.932158166303102,-0.22064060079364234,40.432158166303104,20.10575878275473,20.326399383548374,TEN,KC,WFS_CORE_IMPACT_REPLACEMENT_RESIDUAL
2025_16_KC_TEN,2025,16,2025-12-21,TEN,KC,-3.5,37.5,26.0,9.0,17.0,35.0,3.3972566885917086,1.7487878992301598,-0.1027433114082914,39.24878789923016,19.573022293910935,19.675765605319224,TEN,KC,WFS_CORE_IMPACT_RESIDUAL
2025_16_KC_TEN,2025,16,2025-12-21,TEN,KC,-3.5,37.5,26.0,9.0,17.0,35.0,0.7333018019758877,0.7099888459817415,-2.7666981980241125,38.20998884598174,17.721645323978812,20.48834352200293,TEN,KC,WFS_CORE_RESIDUAL
2025_16_LAC_DAL,2025,16,2025-12-21,DAL,LAC,1.5,50.5,17.0,34.0,-17.0,51.0,0.0,0.0,1.5,50.5,26.0,24.5,LAC,DAL,MARKET
2025_16_LAC_DAL,2025,16,2025-12-21,DAL,LAC,1.5,50.5,17.0,34.0,-17.0,51.0,-0.03204121487835594,1.8877653200116347,1.467958785121644,52.38776532001163,26.92786205256664,25.459903267444993,LAC,DAL,WFS_CORE_IMPACT_REPLACEMENT_RESIDUAL
2025_16_LAC_DAL,2025,16,2025-12-21,DAL,LAC,1.5,50.5,17.0,34.0,-17.0,51.0,-0.05238344083915111,1.4820874423167192,1.447616559160849,51.98208744231672,26.714852000738784,25.267235441577935,LAC,DAL,WFS_CORE_IMPACT_RESIDUAL
2025_16_LAC_DAL,2025,16,2025-12-21,DAL,LAC,1.5,50.5,17.0,34.0,-17.0,51.0,0.2910054536516049,1.576611461272262,1.791005453651605,52.076611461272265,26.933808457461936,25.14280300381033,LAC,DAL,WFS_CORE_RESIDUAL
2025_16_LV_HOU,2025,16,2025-12-21,HOU,LV,14.5,39.5,23.0,21.0,2.0,44.0,0.0,0.0,14.5,39.5,27.0,12.5,HOU,HOU,MARKET
2025_16_LV_HOU,2025,16,2025-12-21,HOU,LV,14.5,39.5,23.0,21.0,2.0,44.0,1.5215169563953495,1.4735660498690013,16.02151695639535,40.973566049869,28.497541503132176,12.476024546736825,HOU,HOU,WFS_CORE_IMPACT_REPLACEMENT_RESIDUAL
2025_16_LV_HOU,2025,16,2025-12-21,HOU,LV,14.5,39.5,23.0,21.0,2.0,44.0,1.7561446319542482,1.4830753997437016,16.25614463195425,40.983075399743704,28.619610015848977,12.363465383894727,HOU,HOU,WFS_CORE_IMPACT_RESIDUAL
2025_16_LV_HOU,2025,16,2025-12-21,HOU,LV,14.5,39.5,23.0,21.0,2.0,44.0,2.0614249805484146,2.2607810167433344,16.561424980548416,41.76078101674334,29.161102998645877,12.59967801809746,HOU,HOU,WFS_CORE_RESIDUAL
2025_16_MIN_NYG,2025,16,2025-12-21,NYG,MIN,-2.5,41.5,13.0,16.0,-3.0,29.0,0.0,0.0,-2.5,41.5,19.5,22.0,MIN,MIN,MARKET
2025_16_MIN_NYG,2025,16,2025-12-21,NYG,MIN,-2.5,41.5,13.0,16.0,-3.0,29.0,1.1624035427858443,1.8423541498288305,-1.3375964572141557,43.34235414982883,21.002378846307337,22.33997530352149,MIN,MIN,WFS_CORE_IMPACT_REPLACEMENT_RESIDUAL
2025_16_MIN_NYG,2025,16,2025-12-21,NYG,MIN,-2.5,41.5,13.0,16.0,-3.0,29.0,1.2033271604926374,0.6484301568858263,-1.2966728395073626,42.14843015688582,20.42587865868923,21.722551498196594,MIN,MIN,WFS_CORE_IMPACT_RESIDUAL
2025_16_MIN_NYG,2025,16,2025-12-21,NYG,MIN,-2.5,41.5,13.0,16.0,-3.0,29.0,1.1899069565181954,1.1888922718979806,-1.3100930434818046,42.688892271897984,20.68939961420809,21.999492657689895,MIN,MIN,WFS_CORE_RESIDUAL
2025_16_NE_BAL,2025,16,2025-12-21,BAL,NE,3.5,48.5,24.0,28.0,-4.0,52.0,0.0,0.0,3.5,48.5,26.0,22.5,NE,BAL,MARKET
2025_16_NE_BAL,2025,16,2025-12-21,BAL,NE,3.5,48.5,24.0,28.0,-4.0,52.0,1.7118963000350869,3.22802834542389,5.211896300035087,51.72802834542389,28.469962322729486,23.2580660226944,NE,BAL,WFS_CORE_IMPACT_REPLACEMENT_RESIDUAL
2025_16_NE_BAL,2025,16,2025-12-21,BAL,NE,3.5,48.5,24.0,28.0,-4.0,52.0,1.8851641183653736,2.47977466610707,5.385164118365374,50.97977466610707,28.18246939223622,22.797305273870847,NE,BAL,WFS_CORE_IMPACT_RESIDUAL
2025_16_NE_BAL,2025,16,2025-12-21,BAL,NE,3.5,48.5,24.0,28.0,-4.0,52.0,2.4005784914849224,2.436284151558458,5.900578491484922,50.93628415155846,28.41843132152169,22.51785283003677,NE,BAL,WFS_CORE_RESIDUAL
2025_16_NYJ_NO,2025,16,2025-12-21,NO,NYJ,6.5,39.5,29.0,6.0,23.0,35.0,0.0,0.0,6.5,39.5,23.0,16.5,NO,NO,MARKET
2025_16_NYJ_NO,2025,16,2025-12-21,NO,NYJ,6.5,39.5,29.0,6.0,23.0,35.0,0.3423944598462938,0.10207507096109501,6.842394459846294,39.60207507096109,23.222234765403694,16.379840305557398,NO,NO,WFS_CORE_IMPACT_REPLACEMENT_RESIDUAL
2025_16_NYJ_NO,2025,16,2025-12-21,NO,NYJ,6.5,39.5,29.0,6.0,23.0,35.0,1.985129756837347,0.3067136962760755,8.485129756837347,39.80671369627608,24.14592172655671,15.660791969719366,NO,NO,WFS_CORE_IMPACT_RESIDUAL
2025_16_NYJ_NO,2025,16,2025-12-21,NO,NYJ,6.5,39.5,29.0,6.0,23.0,35.0,0.9525353958613492,1.4847267752233488,7.452535395861349,40.98472677522335,24.21863108554235,16.766095689681002,NO,NO,WFS_CORE_RESIDUAL
2025_16_PIT_DET,2025,16,2025-12-21,DET,PIT,7.5,52.5,24.0,29.0,-5.0,53.0,0.0,0.0,7.5,52.5,30.0,22.5,PIT,DET,MARKET
2025_16_PIT_DET,2025,16,2025-12-21,DET,PIT,7.5,52.5,24.0,29.0,-5.0,53.0,1.4989687370375777,2.681714515328237,8.998968737037577,55.18171451532824,32.090341626182905,23.09137288914533,PIT,DET,WFS_CORE_IMPACT_REPLACEMENT_RESIDUAL
2025_16_PIT_DET,2025,16,2025-12-21,DET,PIT,7.5,52.5,24.0,29.0,-5.0,53.0,1.4255033681923006,1.80953248104816,8.9255033681923,54.30953248104816,31.61751792462023,22.692014556427928,PIT,DET,WFS_CORE_IMPACT_RESIDUAL
2025_16_PIT_DET,2025,16,2025-12-21,DET,PIT,7.5,52.5,24.0,29.0,-5.0,53.0,1.5625596242081303,1.563544561117439,9.06255962420813,54.06354456111744,31.563052092662787,22.500492468454652,PIT,DET,WFS_CORE_RESIDUAL
2025_16_TB_CAR,2025,16,2025-12-21,CAR,TB,-3.0,44.5,23.0,20.0,3.0,43.0,0.0,0.0,-3.0,44.5,20.75,23.75,CAR,TB,MARKET
2025_16_TB_CAR,2025,16,2025-12-21,CAR,TB,-3.0,44.5,23.0,20.0,3.0,43.0,-0.28558802800156685,0.9774755988617165,-3.285588028001567,45.477475598861716,21.095943785430073,24.381531813431643,CAR,TB,WFS_CORE_IMPACT_REPLACEMENT_RESIDUAL
2025_16_TB_CAR,2025,16,2025-12-21,CAR,TB,-3.0,44.5,23.0,20.0,3.0,43.0,-0.20672297620651758,0.5600688890172677,-3.2067229762065175,45.060068889017266,20.926672956405376,24.13339593261189,CAR,TB,WFS_CORE_IMPACT_RESIDUAL
2025_16_TB_CAR,2025,16,2025-12-21,CAR,TB,-3.0,44.5,23.0,20.0,3.0,43.0,1.086585015401721,1.0897744997647527,-1.913414984598279,45.58977449976475,21.838179757583237,23.751594742181513,CAR,TB,WFS_CORE_RESIDUAL
2025_16_SF_IND,2025,16,2025-12-22,IND,SF,-4.5,46.5,27.0,48.0,-21.0,75.0,0.0,0.0,-4.5,46.5,21.0,25.5,SF,SF,MARKET
2025_16_SF_IND,2025,16,2025-12-22,IND,SF,-4.5,46.5,27.0,48.0,-21.0,75.0,4.404642509267083,4.141184460048151,-0.09535749073291733,50.64118446004815,25.272913484657618,25.368270975390534,SF,SF,WFS_CORE_IMPACT_REPLACEMENT_RESIDUAL
2025_16_SF_IND,2025,16,2025-12-22,IND,SF,-4.5,46.5,27.0,48.0,-21.0,75.0,3.8048389444379493,2.3443605970541777,-0.6951610555620507,48.84436059705418,24.07459977074606,24.769760826308115,SF,SF,WFS_CORE_IMPACT_RESIDUAL
2025_16_SF_IND,2025,16,2025-12-22,IND,SF,-4.5,46.5,27.0,48.0,-21.0,75.0,1.3477879073192132,1.6599093249609111,-3.152212092680787,48.159909324960914,22.503848616140065,25.65606070882085,SF,SF,WFS_CORE_RESIDUAL
2025_17_DAL_WAS,2025,17,2025-12-25,WAS,DAL,-8.5,50.5,23.0,30.0,-7.0,53.0,0.0,0.0,-8.5,50.5,21.0,29.5,DAL,DAL,MARKET
2025_17_DAL_WAS,2025,17,2025-12-25,WAS,DAL,-8.5,50.5,23.0,30.0,-7.0,53.0,1.5572969262273908,4.120380853135397,-6.942703073772609,54.620380853135394,23.83883888968139,30.781541963454004,DAL,DAL,WFS_CORE_IMPACT_REPLACEMENT_RESIDUAL
2025_17_DAL_WAS,2025,17,2025-12-25,WAS,DAL,-8.5,50.5,23.0,30.0,-7.0,53.0,1.794975849605358,2.7402379047999625,-6.705024150394642,53.24023790479996,23.26760687720266,29.972631027597302,DAL,DAL,WFS_CORE_IMPACT_RESIDUAL
2025_17_DAL_WAS,2025,17,2025-12-25,WAS,DAL,-8.5,50.5,23.0,30.0,-7.0,53.0,1.7699125476658886,1.4534392819191888,-6.730087452334112,51.95343928191919,22.61167591479254,29.34176336712665,DAL,DAL,WFS_CORE_RESIDUAL
2025_17_DEN_KC,2025,17,2025-12-25,KC,DEN,-13.5,37.5,13.0,20.0,-7.0,33.0,0.0,0.0,-13.5,37.5,12.0,25.5,DEN,DEN,MARKET
2025_17_DEN_KC,2025,17,2025-12-25,KC,DEN,-13.5,37.5,13.0,20.0,-7.0,33.0,2.139154855117193,3.8310192296760937,-11.360845144882807,41.331019229676095,14.985087042396643,26.345932187279452,DEN,DEN,WFS_CORE_IMPACT_REPLACEMENT_RESIDUAL
2025_17_DEN_KC,2025,17,2025-12-25,KC,DEN,-13.5,37.5,13.0,20.0,-7.0,33.0,2.3576663779753,3.443081199039466,-11.142333622024701,40.94308119903947,14.900373788507384,26.042707410532085,DEN,DEN,WFS_CORE_IMPACT_RESIDUAL
2025_17_DEN_KC,2025,17,2025-12-25,KC,DEN,-13.5,37.5,13.0,20.0,-7.0,33.0,0.8899697674393392,2.667873253629133,-12.61003023256066,40.16787325362913,13.778921510534236,26.388951743094896,DEN,DEN,WFS_CORE_RESIDUAL
2025_17_DET_MIN,2025,17,2025-12-25,MIN,DET,-7.0,45.5,23.0,10.0,13.0,33.0,0.0,0.0,-7.0,45.5,19.25,26.25,MIN,DET,MARKET
2025_17_DET_MIN,2025,17,2025-12-25,MIN,DET,-7.0,45.5,23.0,10.0,13.0,33.0,-0.3700426687091923,3.0917403429912036,-7.370042668709193,48.5917403429912,20.610848837141006,27.980891505850195,MIN,DET,WFS_CORE_IMPACT_REPLACEMENT_RESIDUAL
2025_17_DET_MIN,2025,17,2025-12-25,MIN,DET,-7.0,45.5,23.0,10.0,13.0,33.0,1.5897701957671615,2.832897048838319,-5.410229804232839,48.33289704883832,21.46133362230274,26.87156342653558,MIN,DET,WFS_CORE_IMPACT_RESIDUAL
2025_17_DET_MIN,2025,17,2025-12-25,MIN,DET,-7.0,45.5,23.0,10.0,13.0,33.0,2.604825150751774,2.2502579421911126,-4.395174849248226,47.75025794219111,21.677541546471442,26.07271639571967,MIN,DET,WFS_CORE_RESIDUAL
2025_17_BAL_GB,2025,17,2025-12-27,GB,BAL,2.5,38.5,24.0,41.0,-17.0,65.0,0.0,0.0,2.5,38.5,20.5,18.0,BAL,GB,MARKET
2025_17_BAL_GB,2025,17,2025-12-27,GB,BAL,2.5,38.5,24.0,41.0,-17.0,65.0,-0.07147508858521455,1.7837118573415711,2.4285249114147853,40.28371185734157,21.356118384378178,18.927593472963395,BAL,GB,WFS_CORE_IMPACT_REPLACEMENT_RESIDUAL
2025_17_BAL_GB,2025,17,2025-12-27,GB,BAL,2.5,38.5,24.0,41.0,-17.0,65.0,1.0643005286096454,1.547276652287402,3.564300528609645,40.0472766522874,21.805788590448522,18.24148806183888,BAL,GB,WFS_CORE_IMPACT_RESIDUAL
2025_17_BAL_GB,2025,17,2025-12-27,GB,BAL,2.5,38.5,24.0,41.0,-17.0,65.0,1.5563119828982195,2.184215344397079,4.05631198289822,40.68421534439708,22.370263663647652,18.31395168074943,BAL,GB,WFS_CORE_RESIDUAL
2025_17_HOU_LAC,2025,17,2025-12-27,LAC,HOU,1.5,40.5,16.0,20.0,-4.0,36.0,0.0,0.0,1.5,40.5,21.0,19.5,HOU,LAC,MARKET
2025_17_HOU_LAC,2025,17,2025-12-27,LAC,HOU,1.5,40.5,16.0,20.0,-4.0,36.0,2.6478890010678824,3.09678585081067,4.147889001067883,43.59678585081067,23.872337425939275,19.724448424871394,HOU,LAC,WFS_CORE_IMPACT_REPLACEMENT_RESIDUAL
2025_17_HOU_LAC,2025,17,2025-12-27,LAC,HOU,1.5,40.5,16.0,20.0,-4.0,36.0,2.843309630667551,1.9259683328143313,4.343309630667552,42.42596833281433,23.38463898174094,19.041329351073387,HOU,LAC,WFS_CORE_IMPACT_RESIDUAL
2025_17_HOU_LAC,2025,17,2025-12-27,LAC,HOU,1.5,40.5,16.0,20.0,-4.0,36.0,2.44006067349685,2.5545231524108996,3.94006067349685,43.0545231524109,23.497291912953877,19.557231239457025,HOU,LAC,WFS_CORE_RESIDUAL
2025_17_ARI_CIN,2025,17,2025-12-28,CIN,ARI,7.0,52.5,37.0,14.0,23.0,51.0,0.0,0.0,7.0,52.5,29.75,22.75,CIN,CIN,MARKET
2025_17_ARI_CIN,2025,17,2025-12-28,CIN,ARI,7.0,52.5,37.0,14.0,23.0,51.0,0.29119052117066013,3.1602902684666088,7.29119052117066,55.66029026846661,31.475740394818637,24.184549873647974,CIN,CIN,WFS_CORE_IMPACT_REPLACEMENT_RESIDUAL
2025_17_ARI_CIN,2025,17,2025-12-28,CIN,ARI,7.0,52.5,37.0,14.0,23.0,51.0,0.1761724218718806,2.233632135288084,7.176172421871881,54.73363213528808,30.954902278579983,23.7787298567081,CIN,CIN,WFS_CORE_IMPACT_RESIDUAL
2025_17_ARI_CIN,2025,17,2025-12-28,CIN,ARI,7.0,52.5,37.0,14.0,23.0,51.0,1.0029387111798926,1.674382959520699,8.002938711179892,54.1743829595207,31.088660835350296,23.085722124170402,CIN,CIN,WFS_CORE_RESIDUAL
2025_17_CHI_SF,2025,17,2025-12-28,SF,CHI,3.5,51.5,42.0,38.0,4.0,80.0,0.0,0.0,3.5,51.5,27.5,24.0,SF,SF,MARKET
2025_17_CHI_SF,2025,17,2025-12-28,SF,CHI,3.5,51.5,42.0,38.0,4.0,80.0,4.047104082448545,3.8005493995762323,7.547104082448545,55.300549399576234,31.42382674101239,23.876722658563843,SF,SF,WFS_CORE_IMPACT_REPLACEMENT_RESIDUAL
2025_17_CHI_SF,2025,17,2025-12-28,SF,CHI,3.5,51.5,42.0,38.0,4.0,80.0,4.037751265554782,3.0762123914281916,7.537751265554782,54.57621239142819,31.056981828491487,23.519230562936706,SF,SF,WFS_CORE_IMPACT_RESIDUAL
2025_17_CHI_SF,2025,17,2025-12-28,SF,CHI,3.5,51.5,42.0,38.0,4.0,80.0,2.817903005437468,2.523674972837255,6.3179030054374685,54.023674972837256,30.170788989137364,23.852885983699892,SF,SF,WFS_CORE_RESIDUAL
2025_17_JAX_IND,2025,17,2025-12-28,IND,JAX,-3.5,48.5,17.0,23.0,-6.0,40.0,0.0,0.0,-3.5,48.5,22.5,26.0,JAX,JAX,MARKET
2025_17_JAX_IND,2025,17,2025-12-28,IND,JAX,-3.5,48.5,17.0,23.0,-6.0,40.0,0.9823293874850342,4.969493517824818,-2.5176706125149657,53.469493517824816,25.475911452654927,27.99358206516989,JAX,JAX,WFS_CORE_IMPACT_REPLACEMENT_RESIDUAL
2025_17_JAX_IND,2025,17,2025-12-28,IND,JAX,-3.5,48.5,17.0,23.0,-6.0,40.0,0.052141740073813614,1.538706400330159,-3.4478582599261864,50.038706400330156,23.295424070201985,26.74328233012817,JAX,JAX,WFS_CORE_IMPACT_RESIDUAL
2025_17_JAX_IND,2025,17,2025-12-28,IND,JAX,-3.5,48.5,17.0,23.0,-6.0,40.0,0.6864448156737829,1.1178623271342925,-2.813555184326217,49.61786232713429,23.402153571404035,26.215708755730255,JAX,JAX,WFS_CORE_RESIDUAL
2025_17_NE_NYJ,2025,17,2025-12-28,NYJ,NE,-12.5,42.5,10.0,42.0,-32.0,52.0,0.0,0.0,-12.5,42.5,15.0,27.5,NE,NE,MARKET
2025_17_NE_NYJ,2025,17,2025-12-28,NYJ,NE,-12.5,42.5,10.0,42.0,-32.0,52.0,1.4757479578937933,4.032759001499602,-11.024252042106207,46.5327590014996,17.754253479696697,28.778505521802902,NE,NE,WFS_CORE_IMPACT_REPLACEMENT_RESIDUAL
2025_17_NE_NYJ,2025,17,2025-12-28,NYJ,NE,-12.5,42.5,10.0,42.0,-32.0,52.0,1.8872015955787902,3.212377595302193,-10.61279840442121,45.71237759530219,17.549789595440494,28.1625879998617,NE,NE,WFS_CORE_IMPACT_RESIDUAL
2025_17_NE_NYJ,2025,17,2025-12-28,NYJ,NE,-12.5,42.5,10.0,42.0,-32.0,52.0,0.528880737202844,0.4381774519656494,-11.971119262797156,42.93817745196565,15.483529094584247,27.4546483573814,NE,NE,WFS_CORE_RESIDUAL
2025_17_NO_TEN,2025,17,2025-12-28,TEN,NO,-1.5,39.5,26.0,34.0,-8.0,60.0,0.0,0.0,-1.5,39.5,19.0,20.5,NO,NO,MARKET
2025_17_NO_TEN,2025,17,2025-12-28,TEN,NO,-1.5,39.5,26.0,34.0,-8.0,60.0,2.3593985148686385,3.188753682291862,0.8593985148686385,42.68875368229186,21.77407609858025,20.91467758371161,NO,TEN,WFS_CORE_IMPACT_REPLACEMENT_RESIDUAL
2025_17_NO_TEN,2025,17,2025-12-28,TEN,NO,-1.5,39.5,26.0,34.0,-8.0,60.0,2.470760055205073,1.9793893899753952,0.9707600552050728,41.479389389975395,21.225074722590236,20.25431466738516,NO,TEN,WFS_CORE_IMPACT_RESIDUAL
2025_17_NO_TEN,2025,17,2025-12-28,TEN,NO,-1.5,39.5,26.0,34.0,-8.0,60.0,1.7492404495550686,1.3459163543013368,0.24924044955506863,40.84591635430134,20.547578401928202,20.298337952373135,NO,TEN,WFS_CORE_RESIDUAL
2025_17_NYG_LV,2025,17,2025-12-28,LV,NYG,-3.0,40.5,10.0,34.0,-24.0,44.0,0.0,0.0,-3.0,40.5,18.75,21.75,NYG,NYG,MARKET
2025_17_NYG_LV,2025,17,2025-12-28,LV,NYG,-3.0,40.5,10.0,34.0,-24.0,44.0,1.9633301239052794,2.5666451885067127,-1.0366698760947206,43.06664518850671,21.014987656205996,22.051657532300716,NYG,NYG,WFS_CORE_IMPACT_REPLACEMENT_RESIDUAL
2025_17_NYG_LV,2025,17,2025-12-28,LV,NYG,-3.0,40.5,10.0,34.0,-24.0,44.0,1.8990697310907811,1.7192253526680497,-1.1009302689092189,42.21922535266805,20.559147541879415,21.660077810788632,NYG,NYG,WFS_CORE_IMPACT_RESIDUAL
2025_17_NYG_LV,2025,17,2025-12-28,LV,NYG,-3.0,40.5,10.0,34.0,-24.0,44.0,0.23538631897327253,1.0683757601060253,-2.7646136810267277,41.56837576010602,19.401881039539646,22.166494720566376,NYG,NYG,WFS_CORE_RESIDUAL
2025_17_PHI_BUF,2025,17,2025-12-28,BUF,PHI,3.0,45.5,12.0,13.0,-1.0,25.0,0.0,0.0,3.0,45.5,24.25,21.25,PHI,BUF,MARKET
2025_17_PHI_BUF,2025,17,2025-12-28,BUF,PHI,3.0,45.5,12.0,13.0,-1.0,25.0,1.1569604714633899,2.49194370461523,4.15696047146339,47.99194370461523,26.074452088039312,21.91749161657592,PHI,BUF,WFS_CORE_IMPACT_REPLACEMENT_RESIDUAL
2025_17_PHI_BUF,2025,17,2025-12-28,BUF,PHI,3.0,45.5,12.0,13.0,-1.0,25.0,1.5060493935679173,2.6603929042505707,4.506049393567917,48.16039290425057,26.333221148909246,21.827171755341325,PHI,BUF,WFS_CORE_IMPACT_RESIDUAL
2025_17_PHI_BUF,2025,17,2025-12-28,BUF,PHI,3.0,45.5,12.0,13.0,-1.0,25.0,2.2802199928855247,2.4226898384725675,5.280219992885525,47.922689838472564,26.601454915679046,21.32123492279352,PHI,BUF,WFS_CORE_RESIDUAL
2025_17_PIT_CLE,2025,17,2025-12-28,CLE,PIT,-4.5,35.5,13.0,6.0,7.0,19.0,0.0,0.0,-4.5,35.5,15.5,20.0,CLE,PIT,MARKET
2025_17_PIT_CLE,2025,17,2025-12-28,CLE,PIT,-4.5,35.5,13.0,6.0,7.0,19.0,-2.2283632097522657,2.587428295864944,-6.728363209752265,38.087428295864946,15.67953254305634,22.407895752808606,CLE,PIT,WFS_CORE_IMPACT_REPLACEMENT_RESIDUAL
2025_17_PIT_CLE,2025,17,2025-12-28,CLE,PIT,-4.5,35.5,13.0,6.0,7.0,19.0,-0.17971357244661842,2.9089893617068627,-4.679713572446619,38.408989361706865,16.864637894630125,21.54435146707674,CLE,PIT,WFS_CORE_IMPACT_RESIDUAL
2025_17_PIT_CLE,2025,17,2025-12-28,CLE,PIT,-4.5,35.5,13.0,6.0,7.0,19.0,0.20375491515962324,1.5034521998506085,-4.296245084840376,37.00345219985061,16.353603557505114,20.649848642345493,CLE,PIT,WFS_CORE_RESIDUAL
2025_17_SEA_CAR,2025,17,2025-12-28,CAR,SEA,-6.5,42.5,10.0,27.0,-17.0,37.0,0.0,0.0,-6.5,42.5,18.0,24.5,SEA,SEA,MARKET
2025_17_SEA_CAR,2025,17,2025-12-28,CAR,SEA,-6.5,42.5,10.0,27.0,-17.0,37.0,0.4333243429809238,1.7874798887267562,-6.0666756570190765,44.28747988872676,19.11040211585384,25.177077772872916,SEA,SEA,WFS_CORE_IMPACT_REPLACEMENT_RESIDUAL
2025_17_SEA_CAR,2025,17,2025-12-28,CAR,SEA,-6.5,42.5,10.0,27.0,-17.0,37.0,0.39047999600485767,0.9015105908445271,-6.109520003995143,43.401510590844524,18.64599529342469,24.755515297419834,SEA,SEA,WFS_CORE_IMPACT_RESIDUAL
2025_17_SEA_CAR,2025,17,2025-12-28,CAR,SEA,-6.5,42.5,10.0,27.0,-17.0,37.0,1.1538922063929735,0.4611067199645754,-5.346107793607026,42.961106719964576,18.807499463178775,24.1536072567858,SEA,SEA,WFS_CORE_RESIDUAL
2025_17_TB_MIA,2025,17,2025-12-28,MIA,TB,-5.5,44.5,20.0,17.0,3.0,37.0,0.0,0.0,-5.5,44.5,19.5,25.0,MIA,TB,MARKET
2025_17_TB_MIA,2025,17,2025-12-28,MIA,TB,-5.5,44.5,20.0,17.0,3.0,37.0,0.5328100739985387,3.431837575543786,-4.967189926001462,47.93183757554379,21.482323824771164,26.449513750772624,MIA,TB,WFS_CORE_IMPACT_REPLACEMENT_RESIDUAL
2025_17_TB_MIA,2025,17,2025-12-28,MIA,TB,-5.5,44.5,20.0,17.0,3.0,37.0,0.5612518084063453,2.278341949840647,-4.938748191593655,46.778341949840645,20.919796879123496,25.85854507071715,MIA,TB,WFS_CORE_IMPACT_RESIDUAL
2025_17_TB_MIA,2025,17,2025-12-28,MIA,TB,-5.5,44.5,20.0,17.0,3.0,37.0,1.3052722136928294,2.2187405197048813,-4.194727786307171,46.71874051970488,21.262006366698856,25.456734153006025,MIA,TB,WFS_CORE_RESIDUAL
2025_17_LA_ATL,2025,17,2025-12-29,ATL,LA,-7.5,48.5,27.0,24.0,3.0,51.0,0.0,0.0,-7.5,48.5,20.5,28.0,ATL,LA,MARKET
2025_17_LA_ATL,2025,17,2025-12-29,ATL,LA,-7.5,48.5,27.0,24.0,3.0,51.0,-0.155576354855485,2.5210283733037,-7.655576354855485,51.0210283733037,21.68272600922411,29.338302364079592,ATL,LA,WFS_CORE_IMPACT_REPLACEMENT_RESIDUAL
2025_17_LA_ATL,2025,17,2025-12-29,ATL,LA,-7.5,48.5,27.0,24.0,3.0,51.0,-0.04589400489353365,1.7409916948232615,-7.545894004893533,50.240991694823265,21.347548844964866,28.8934428498584,ATL,LA,WFS_CORE_IMPACT_RESIDUAL
2025_17_LA_ATL,2025,17,2025-12-29,ATL,LA,-7.5,48.5,27.0,24.0,3.0,51.0,0.7230765518244335,1.5061323094129566,-6.776923448175566,50.006132309412955,21.614604430618694,28.39152787879426,ATL,LA,WFS_CORE_RESIDUAL
2025_18_CAR_TB,2025,18,2026-01-03,TB,CAR,3.0,43.5,16.0,14.0,2.0,30.0,0.0,0.0,3.0,43.5,23.25,20.25,TB,TB,MARKET
2025_18_CAR_TB,2025,18,2026-01-03,TB,CAR,3.0,43.5,16.0,14.0,2.0,30.0,0.07610039855130163,2.3524939686904704,3.0761003985513016,45.85249396869047,24.464297183620886,21.38819678506958,TB,TB,WFS_CORE_IMPACT_REPLACEMENT_RESIDUAL
2025_18_CAR_TB,2025,18,2026-01-03,TB,CAR,3.0,43.5,16.0,14.0,2.0,30.0,0.3144794763869132,2.4398483584283728,3.3144794763869134,45.93984835842837,24.627163917407643,21.31268444102073,TB,TB,WFS_CORE_IMPACT_RESIDUAL
2025_18_CAR_TB,2025,18,2026-01-03,TB,CAR,3.0,43.5,16.0,14.0,2.0,30.0,1.3013482551570132,2.5141795830627434,4.301348255157013,46.01417958306274,25.157763919109875,20.856415663952866,TB,TB,WFS_CORE_RESIDUAL
2025_18_SEA_SF,2025,18,2026-01-03,SF,SEA,-2.5,47.5,3.0,13.0,-10.0,16.0,0.0,0.0,-2.5,47.5,22.5,25.0,SEA,SEA,MARKET
2025_18_SEA_SF,2025,18,2026-01-03,SF,SEA,-2.5,47.5,3.0,13.0,-10.0,16.0,3.159219723220835,1.3149125869135951,0.659219723220835,48.81491258691359,24.737066155067215,24.07784643184638,SEA,SF,WFS_CORE_IMPACT_REPLACEMENT_RESIDUAL
2025_18_SEA_SF,2025,18,2026-01-03,SF,SEA,-2.5,47.5,3.0,13.0,-10.0,16.0,3.434751738757533,1.3322549297093524,0.9347517387575328,48.83225492970935,24.883503334233442,23.94875159547591,SEA,SF,WFS_CORE_IMPACT_RESIDUAL
2025_18_SEA_SF,2025,18,2026-01-03,SF,SEA,-2.5,47.5,3.0,13.0,-10.0,16.0,2.8443197997035967,2.0286474345847663,0.3443197997035967,49.52864743458477,24.936483617144184,24.592163817440586,SEA,SF,WFS_CORE_RESIDUAL
2025_18_ARI_LA,2025,18,2026-01-04,LA,ARI,14.5,49.5,37.0,20.0,17.0,57.0,0.0,0.0,14.5,49.5,32.0,17.5,LA,LA,MARKET
2025_18_ARI_LA,2025,18,2026-01-04,LA,ARI,14.5,49.5,37.0,20.0,17.0,57.0,-0.34386118247282876,2.436094868459373,14.156138817527172,51.93609486845937,33.04611684299327,18.8899780254661,LA,LA,WFS_CORE_IMPACT_REPLACEMENT_RESIDUAL
2025_18_ARI_LA,2025,18,2026-01-04,LA,ARI,14.5,49.5,37.0,20.0,17.0,57.0,-0.19923520041962298,1.8776311073457852,14.300764799580376,51.377631107345785,32.83919795346308,18.538433153882703,LA,LA,WFS_CORE_IMPACT_RESIDUAL
2025_18_ARI_LA,2025,18,2026-01-04,LA,ARI,14.5,49.5,37.0,20.0,17.0,57.0,1.1712670056771775,2.464524981374118,15.671267005677178,51.96452498137412,33.817895993525646,18.14662898784847,LA,LA,WFS_CORE_RESIDUAL
2025_18_BAL_PIT,2025,18,2026-01-04,PIT,BAL,-4.5,41.5,26.0,24.0,2.0,50.0,0.0,0.0,-4.5,41.5,18.5,23.0,PIT,BAL,MARKET
2025_18_BAL_PIT,2025,18,2026-01-04,PIT,BAL,-4.5,41.5,26.0,24.0,2.0,50.0,0.2532552264704072,1.0239248705924462,-4.246744773529593,42.523924870592445,19.138590048531427,23.38533482206102,PIT,BAL,WFS_CORE_IMPACT_REPLACEMENT_RESIDUAL
2025_18_BAL_PIT,2025,18,2026-01-04,PIT,BAL,-4.5,41.5,26.0,24.0,2.0,50.0,0.48810383176190825,1.0308632912981863,-4.011896168238092,42.53086329129819,19.259483561530047,23.271379729768142,PIT,BAL,WFS_CORE_IMPACT_RESIDUAL
2025_18_BAL_PIT,2025,18,2026-01-04,PIT,BAL,-4.5,41.5,26.0,24.0,2.0,50.0,0.8702785073609272,1.9549959076160162,-3.6297214926390726,43.454995907616016,19.912637207488473,23.542358700127544,PIT,BAL,WFS_CORE_RESIDUAL
2025_18_CLE_CIN,2025,18,2026-01-04,CIN,CLE,9.5,47.5,18.0,20.0,-2.0,38.0,0.0,0.0,9.5,47.5,28.5,19.0,CLE,CIN,MARKET
2025_18_CLE_CIN,2025,18,2026-01-04,CIN,CLE,9.5,47.5,18.0,20.0,-2.0,38.0,3.264494685193194,3.7096192340716643,12.764494685193194,51.20961923407167,31.98705695963243,19.222562274439237,CLE,CIN,WFS_CORE_IMPACT_REPLACEMENT_RESIDUAL
2025_18_CLE_CIN,2025,18,2026-01-04,CIN,CLE,9.5,47.5,18.0,20.0,-2.0,38.0,3.700703265776806,3.0482596671606492,13.200703265776806,50.54825966716065,31.87448146646873,18.67377820069192,CLE,CIN,WFS_CORE_IMPACT_RESIDUAL
2025_18_CLE_CIN,2025,18,2026-01-04,CIN,CLE,9.5,47.5,18.0,20.0,-2.0,38.0,2.256397535026963,2.888885307497956,11.756397535026963,50.38888530749796,31.07264142126246,19.316243886235497,CLE,CIN,WFS_CORE_RESIDUAL
2025_18_DAL_NYG,2025,18,2026-01-04,NYG,DAL,-3.0,50.5,34.0,17.0,17.0,51.0,0.0,0.0,-3.0,50.5,23.75,26.75,NYG,DAL,MARKET
2025_18_DAL_NYG,2025,18,2026-01-04,NYG,DAL,-3.0,50.5,34.0,17.0,17.0,51.0,1.2675264694670065,5.505686174512729,-1.7324735305329935,56.00568617451273,27.13660632198987,28.869079852522862,NYG,DAL,WFS_CORE_IMPACT_REPLACEMENT_RESIDUAL
2025_18_DAL_NYG,2025,18,2026-01-04,NYG,DAL,-3.0,50.5,34.0,17.0,17.0,51.0,1.7243403401750457,4.404329633174172,-1.2756596598249543,54.90432963317417,26.81433498667461,28.089994646499562,NYG,DAL,WFS_CORE_IMPACT_RESIDUAL
2025_18_DAL_NYG,2025,18,2026-01-04,NYG,DAL,-3.0,50.5,34.0,17.0,17.0,51.0,2.2291808076411406,1.6621019451900216,-0.7708191923588594,52.162101945190024,25.695641376415583,26.46646056877444,NYG,DAL,WFS_CORE_RESIDUAL
2025_18_DET_CHI,2025,18,2026-01-04,CHI,DET,3.5,51.5,16.0,19.0,-3.0,35.0,0.0,0.0,3.5,51.5,27.5,24.0,DET,CHI,MARKET
2025_18_DET_CHI,2025,18,2026-01-04,CHI,DET,3.5,51.5,16.0,19.0,-3.0,35.0,2.934094913080562,3.4305377377074717,6.434094913080562,54.930537737707475,30.68231632539402,24.248221412313455,DET,CHI,WFS_CORE_IMPACT_REPLACEMENT_RESIDUAL
2025_18_DET_CHI,2025,18,2026-01-04,CHI,DET,3.5,51.5,16.0,19.0,-3.0,35.0,3.1332632648403087,2.9980220360715757,6.633263264840309,54.498022036071575,30.565642650455942,23.932379385615633,DET,CHI,WFS_CORE_IMPACT_RESIDUAL
2025_18_DET_CHI,2025,18,2026-01-04,CHI,DET,3.5,51.5,16.0,19.0,-3.0,35.0,2.520537865322642,2.5016294742533223,6.020537865322642,54.00162947425332,30.011083669787983,23.990545804465338,DET,CHI,WFS_CORE_RESIDUAL
2025_18_GB_MIN,2025,18,2026-01-04,MIN,GB,12.5,37.5,16.0,3.0,13.0,19.0,0.0,0.0,12.5,37.5,25.0,12.5,MIN,MIN,MARKET
2025_18_GB_MIN,2025,18,2026-01-04,MIN,GB,12.5,37.5,16.0,3.0,13.0,19.0,-1.1384362385879159,1.1899184046013984,11.361563761412084,38.6899184046014,25.025741083006743,13.664177321594657,MIN,MIN,WFS_CORE_IMPACT_REPLACEMENT_RESIDUAL
2025_18_GB_MIN,2025,18,2026-01-04,MIN,GB,12.5,37.5,16.0,3.0,13.0,19.0,1.537106457960701,0.6780308964657058,14.0371064579607,38.17803089646571,26.1075686772132,12.070462219252503,MIN,MIN,WFS_CORE_IMPACT_RESIDUAL
2025_18_GB_MIN,2025,18,2026-01-04,MIN,GB,12.5,37.5,16.0,3.0,13.0,19.0,2.3508766343267604,1.3508559248582428,14.85087663432676,38.850855924858244,26.850866279592502,11.999989645265742,MIN,MIN,WFS_CORE_RESIDUAL
2025_18_IND_HOU,2025,18,2026-01-04,HOU,IND,9.5,37.5,38.0,30.0,8.0,68.0,0.0,0.0,9.5,37.5,23.5,14.0,HOU,HOU,MARKET
2025_18_IND_HOU,2025,18,2026-01-04,HOU,IND,9.5,37.5,38.0,30.0,8.0,68.0,2.4020208824143485,2.6445474422976174,11.902020882414348,40.144547442297615,26.02328416235598,14.121263279941633,HOU,HOU,WFS_CORE_IMPACT_REPLACEMENT_RESIDUAL
2025_18_IND_HOU,2025,18,2026-01-04,HOU,IND,9.5,37.5,38.0,30.0,8.0,68.0,2.8067938046946486,2.7420803503241973,12.30679380469465,40.242080350324194,26.274437077509422,13.967643272814772,HOU,HOU,WFS_CORE_IMPACT_RESIDUAL
2025_18_IND_HOU,2025,18,2026-01-04,HOU,IND,9.5,37.5,38.0,30.0,8.0,68.0,1.8636004097357448,2.2247771595699555,11.363600409735746,39.72477715956995,25.54418878465285,14.180588374917104,HOU,HOU,WFS_CORE_RESIDUAL
2025_18_KC_LV,2025,18,2026-01-04,LV,KC,-3.5,36.5,14.0,12.0,2.0,26.0,0.0,0.0,-3.5,36.5,16.5,20.0,LV,KC,MARKET
2025_18_KC_LV,2025,18,2026-01-04,LV,KC,-3.5,36.5,14.0,12.0,2.0,26.0,-0.6374131297471485,0.09527230494321977,-4.137413129747149,36.59527230494322,16.22892958759804,20.366342717345184,LV,KC,WFS_CORE_IMPACT_REPLACEMENT_RESIDUAL
2025_18_KC_LV,2025,18,2026-01-04,LV,KC,-3.5,36.5,14.0,12.0,2.0,26.0,-0.29763621958536923,-0.07693203540060012,-3.7976362195853692,36.4230679645994,16.312715872507013,20.110352092092384,LV,KC,WFS_CORE_IMPACT_RESIDUAL
2025_18_KC_LV,2025,18,2026-01-04,LV,KC,-3.5,36.5,14.0,12.0,2.0,26.0,0.08990434579824935,0.15006677507326677,-3.4100956542017506,36.65006677507327,16.619985560435758,20.030081214637512,LV,KC,WFS_CORE_RESIDUAL
2025_18_LAC_DEN,2025,18,2026-01-04,DEN,LAC,14.5,37.5,19.0,3.0,16.0,22.0,0.0,0.0,14.5,37.5,26.0,11.5,DEN,DEN,MARKET
2025_18_LAC_DEN,2025,18,2026-01-04,DEN,LAC,14.5,37.5,19.0,3.0,16.0,22.0,1.9851375329027292,3.4237731816840453,16.48513753290273,40.92377318168405,28.70445535729339,12.219317824390659,DEN,DEN,WFS_CORE_IMPACT_REPLACEMENT_RESIDUAL
2025_18_LAC_DEN,2025,18,2026-01-04,DEN,LAC,14.5,37.5,19.0,3.0,16.0,22.0,2.3124760163676856,3.075210076644697,16.812476016367686,40.575210076644694,28.69384304650619,11.881367030138504,DEN,DEN,WFS_CORE_IMPACT_RESIDUAL
2025_18_LAC_DEN,2025,18,2026-01-04,DEN,LAC,14.5,37.5,19.0,3.0,16.0,22.0,1.4212526224104491,2.1778872267822473,15.92125262241045,39.677887226782246,27.799569924596348,11.878317302185899,DEN,DEN,WFS_CORE_RESIDUAL
2025_18_MIA_NE,2025,18,2026-01-04,NE,MIA,14.0,44.5,38.0,10.0,28.0,48.0,0.0,0.0,14.0,44.5,29.25,15.25,NE,NE,MARKET
2025_18_MIA_NE,2025,18,2026-01-04,NE,MIA,14.0,44.5,38.0,10.0,28.0,48.0,-0.24536813341481695,2.3095177084983076,13.754631866585184,46.809517708498305,30.282074787541745,16.52744292095656,NE,NE,WFS_CORE_IMPACT_REPLACEMENT_RESIDUAL
2025_18_MIA_NE,2025,18,2026-01-04,NE,MIA,14.0,44.5,38.0,10.0,28.0,48.0,0.1064309770794292,2.43090544141825,14.106430977079429,46.93090544141825,30.518668209248837,16.41223723216941,NE,NE,WFS_CORE_IMPACT_RESIDUAL
2025_18_MIA_NE,2025,18,2026-01-04,NE,MIA,14.0,44.5,38.0,10.0,28.0,48.0,1.9940712088786245,1.9258077804824671,15.994071208878625,46.425807780482465,31.209939494680544,15.215868285801921,NE,NE,WFS_CORE_RESIDUAL
2025_18_NO_ATL,2025,18,2026-01-04,ATL,NO,4.5,43.5,19.0,17.0,2.0,36.0,0.0,0.0,4.5,43.5,24.0,19.5,ATL,ATL,MARKET
2025_18_NO_ATL,2025,18,2026-01-04,ATL,NO,4.5,43.5,19.0,17.0,2.0,36.0,4.162716337880449,5.832068592826812,8.662716337880449,49.332068592826815,28.99739246535363,20.334676127473184,ATL,ATL,WFS_CORE_IMPACT_REPLACEMENT_RESIDUAL
2025_18_NO_ATL,2025,18,2026-01-04,ATL,NO,4.5,43.5,19.0,17.0,2.0,36.0,4.40225045408757,4.720648157083346,8.90225045408757,48.220648157083346,28.56144930558546,19.659198851497887,ATL,ATL,WFS_CORE_IMPACT_RESIDUAL
2025_18_NO_ATL,2025,18,2026-01-04,ATL,NO,4.5,43.5,19.0,17.0,2.0,36.0,1.7561812096227096,2.7039812291726046,6.25618120962271,46.203981229172605,26.230081219397658,19.973900009774948,ATL,ATL,WFS_CORE_RESIDUAL
2025_18_NYJ_BUF,2025,18,2026-01-04,BUF,NYJ,12.5,39.5,35.0,8.0,27.0,43.0,0.0,0.0,12.5,39.5,26.0,13.5,BUF,BUF,MARKET
2025_18_NYJ_BUF,2025,18,2026-01-04,BUF,NYJ,12.5,39.5,35.0,8.0,27.0,43.0,4.088807333050638,5.218953836597548,16.58880733305064,44.71895383659755,30.653880584824094,14.065073251773455,BUF,BUF,WFS_CORE_IMPACT_REPLACEMENT_RESIDUAL
2025_18_NYJ_BUF,2025,18,2026-01-04,BUF,NYJ,12.5,39.5,35.0,8.0,27.0,43.0,4.54363310849814,4.879855508468467,17.043633108498142,44.37985550846847,30.711744308483304,13.668111199985162,BUF,BUF,WFS_CORE_IMPACT_RESIDUAL
2025_18_NYJ_BUF,2025,18,2026-01-04,BUF,NYJ,12.5,39.5,35.0,8.0,27.0,43.0,1.7791959716134598,2.0649656407961885,14.27919597161346,41.56496564079619,27.922080806204825,13.642884834591364,BUF,BUF,WFS_CORE_RESIDUAL
2025_18_TEN_JAX,2025,18,2026-01-04,JAX,TEN,12.5,46.5,41.0,7.0,34.0,48.0,0.0,0.0,12.5,46.5,29.5,17.0,JAX,JAX,MARKET
2025_18_TEN_JAX,2025,18,2026-01-04,JAX,TEN,12.5,46.5,41.0,7.0,34.0,48.0,2.728520238154117,3.512236026258046,15.228520238154116,50.012236026258044,32.62037813220608,17.391857894051963,JAX,JAX,WFS_CORE_IMPACT_REPLACEMENT_RESIDUAL
2025_18_TEN_JAX,2025,18,2026-01-04,JAX,TEN,12.5,46.5,41.0,7.0,34.0,48.0,3.045014104138491,3.193223651929533,15.545014104138492,49.693223651929536,32.619118878034016,17.07410477389552,JAX,JAX,WFS_CORE_IMPACT_RESIDUAL
2025_18_TEN_JAX,2025,18,2026-01-04,JAX,TEN,12.5,46.5,41.0,7.0,34.0,48.0,1.1122454834143176,3.0405576276869852,13.612245483414318,49.54055762768699,31.576401555550653,17.964156072136333,JAX,JAX,WFS_CORE_RESIDUAL
2025_18_WAS_PHI,2025,18,2026-01-04,PHI,WAS,3.0,38.5,17.0,24.0,-7.0,41.0,0.0,0.0,3.0,38.5,20.75,17.75,WAS,PHI,MARKET
2025_18_WAS_PHI,2025,18,2026-01-04,PHI,WAS,3.0,38.5,17.0,24.0,-7.0,41.0,2.5931737778421042,2.915289888351837,5.593173777842104,41.415289888351836,23.50423183309697,17.911058055254866,WAS,PHI,WFS_CORE_IMPACT_REPLACEMENT_RESIDUAL
2025_18_WAS_PHI,2025,18,2026-01-04,PHI,WAS,3.0,38.5,17.0,24.0,-7.0,41.0,3.600858628097445,3.0133721949679275,6.600858628097445,41.51337219496793,24.057115411532685,17.456256783435244,WAS,PHI,WFS_CORE_IMPACT_RESIDUAL
2025_18_WAS_PHI,2025,18,2026-01-04,PHI,WAS,3.0,38.5,17.0,24.0,-7.0,41.0,2.1657607620347905,1.2473490612848668,5.1657607620347905,39.747349061284865,22.45655491165983,17.290794149625036,WAS,PHI,WFS_CORE_RESIDUAL
2025_19_GB_CHI,2025,19,2026-01-10,CHI,GB,-2.5,45.5,31.0,27.0,4.0,58.0,0.0,0.0,-2.5,45.5,21.5,24.0,CHI,GB,MARKET
2025_19_GB_CHI,2025,19,2026-01-10,CHI,GB,-2.5,45.5,31.0,27.0,4.0,58.0,1.3103132844430445,2.284489769497345,-1.1896867155569555,47.78448976949735,23.297401526970198,24.48708824252715,CHI,GB,WFS_CORE_IMPACT_REPLACEMENT_RESIDUAL
2025_19_GB_CHI,2025,19,2026-01-10,CHI,GB,-2.5,45.5,31.0,27.0,4.0,58.0,1.2992121866008133,1.4994143769410961,-1.2007878133991867,46.9994143769411,22.899313281770954,24.100101095170142,CHI,GB,WFS_CORE_IMPACT_RESIDUAL
2025_19_GB_CHI,2025,19,2026-01-10,CHI,GB,-2.5,45.5,31.0,27.0,4.0,58.0,1.631223204625059,1.86049663314044,-0.868776795374941,47.36049663314044,23.24585991888275,24.114636714257692,CHI,GB,WFS_CORE_RESIDUAL
2025_19_LA_CAR,2025,19,2026-01-10,CAR,LA,-10.0,44.5,31.0,34.0,-3.0,65.0,0.0,0.0,-10.0,44.5,17.25,27.25,LA,LA,MARKET
2025_19_LA_CAR,2025,19,2026-01-10,CAR,LA,-10.0,44.5,31.0,34.0,-3.0,65.0,1.4947818547321803,1.5729007959202983,-8.50521814526782,46.0729007959203,18.78384132532624,27.289059470594058,LA,LA,WFS_CORE_IMPACT_REPLACEMENT_RESIDUAL
2025_19_LA_CAR,2025,19,2026-01-10,CAR,LA,-10.0,44.5,31.0,34.0,-3.0,65.0,1.7106522021133492,1.5663682940761052,-8.28934779788665,46.066368294076106,18.88851024809473,27.177858045981377,LA,LA,WFS_CORE_IMPACT_RESIDUAL
2025_19_LA_CAR,2025,19,2026-01-10,CAR,LA,-10.0,44.5,31.0,34.0,-3.0,65.0,1.4261630573530568,2.0956786624646657,-8.573836942646944,46.595678662464664,19.01092085990886,27.584757802555803,LA,LA,WFS_CORE_RESIDUAL
2025_19_BUF_JAX,2025,19,2026-01-11,JAX,BUF,1.5,51.5,24.0,27.0,-3.0,51.0,0.0,0.0,1.5,51.5,26.5,25.0,BUF,JAX,MARKET
2025_19_BUF_JAX,2025,19,2026-01-11,JAX,BUF,1.5,51.5,24.0,27.0,-3.0,51.0,3.0858462556164388,3.765715794217397,4.585846255616438,55.2657157942174,29.92578102491692,25.33993476930048,BUF,JAX,WFS_CORE_IMPACT_REPLACEMENT_RESIDUAL
2025_19_BUF_JAX,2025,19,2026-01-11,JAX,BUF,1.5,51.5,24.0,27.0,-3.0,51.0,3.383286731782043,3.7539602992309744,4.883286731782043,55.253960299230975,30.06862351550651,25.185336783724466,BUF,JAX,WFS_CORE_IMPACT_RESIDUAL
2025_19_BUF_JAX,2025,19,2026-01-11,JAX,BUF,1.5,51.5,24.0,27.0,-3.0,51.0,2.2999990795183685,3.2367178888254466,3.7999990795183685,54.736717888825446,29.268358484171905,25.46835940465354,BUF,JAX,WFS_CORE_RESIDUAL
2025_19_LAC_NE,2025,19,2026-01-11,NE,LAC,3.5,45.5,16.0,3.0,13.0,19.0,0.0,0.0,3.5,45.5,24.5,21.0,NE,NE,MARKET
2025_19_LAC_NE,2025,19,2026-01-11,NE,LAC,3.5,45.5,16.0,3.0,13.0,19.0,2.359730612478156,2.242966829468544,5.859730612478156,47.74296682946854,26.80134872097335,20.94161810849519,NE,NE,WFS_CORE_IMPACT_REPLACEMENT_RESIDUAL
2025_19_LAC_NE,2025,19,2026-01-11,NE,LAC,3.5,45.5,16.0,3.0,13.0,19.0,2.788877373751308,2.3539638806008605,6.288877373751308,47.85396388060086,27.07142062717608,20.782543253424777,NE,NE,WFS_CORE_IMPACT_RESIDUAL
2025_19_LAC_NE,2025,19,2026-01-11,NE,LAC,3.5,45.5,16.0,3.0,13.0,19.0,2.877701821345078,2.712766611120779,6.377701821345077,48.21276661112078,27.295234216232927,20.91753239488785,NE,NE,WFS_CORE_RESIDUAL
2025_19_SF_PHI,2025,19,2026-01-11,PHI,SF,6.0,44.5,19.0,23.0,-4.0,42.0,0.0,0.0,6.0,44.5,25.25,19.25,SF,PHI,MARKET
2025_19_SF_PHI,2025,19,2026-01-11,PHI,SF,6.0,44.5,19.0,23.0,-4.0,42.0,1.3004751199479503,0.9719558894004048,7.300475119947951,45.471955889400405,26.386215504674176,19.08574038472623,SF,PHI,WFS_CORE_IMPACT_REPLACEMENT_RESIDUAL
2025_19_SF_PHI,2025,19,2026-01-11,PHI,SF,6.0,44.5,19.0,23.0,-4.0,42.0,1.6425135822565795,1.003958854129241,7.64251358225658,45.50395885412924,26.57323621819291,18.930722635936327,SF,PHI,WFS_CORE_IMPACT_RESIDUAL
2025_19_SF_PHI,2025,19,2026-01-11,PHI,SF,6.0,44.5,19.0,23.0,-4.0,42.0,2.071666973337684,1.8608352762302722,8.071666973337685,46.360835276230276,27.21625112478398,19.144584151446296,SF,PHI,WFS_CORE_RESIDUAL
2025_19_HOU_PIT,2025,19,2026-01-12,PIT,HOU,-3.0,38.5,6.0,30.0,-24.0,36.0,0.0,0.0,-3.0,38.5,17.75,20.75,HOU,HOU,MARKET
2025_19_HOU_PIT,2025,19,2026-01-12,PIT,HOU,-3.0,38.5,6.0,30.0,-24.0,36.0,1.775442378970975,2.1273684135650353,-1.224557621029025,40.62736841356504,19.701405396268004,20.925963017297033,HOU,HOU,WFS_CORE_IMPACT_REPLACEMENT_RESIDUAL
2025_19_HOU_PIT,2025,19,2026-01-12,PIT,HOU,-3.0,38.5,6.0,30.0,-24.0,36.0,2.1356509538522053,2.1579788732641627,-0.8643490461477947,40.65797887326416,19.896814913558185,20.76116395970598,HOU,HOU,WFS_CORE_IMPACT_RESIDUAL
2025_19_HOU_PIT,2025,19,2026-01-12,PIT,HOU,-3.0,38.5,6.0,30.0,-24.0,36.0,1.3935265918797481,2.39541326865459,-1.6064734081202519,40.89541326865459,19.64446993026717,21.250943338387422,HOU,HOU,WFS_CORE_RESIDUAL
2025_20_BUF_DEN,2025,20,2026-01-17,DEN,BUF,1.5,45.5,33.0,30.0,3.0,63.0,0.0,0.0,1.5,45.5,23.5,22.0,DEN,DEN,MARKET
2025_20_BUF_DEN,2025,20,2026-01-17,DEN,BUF,1.5,45.5,33.0,30.0,3.0,63.0,1.886744095417021,4.64163308288397,3.386744095417021,50.14163308288397,26.764188589150496,23.377444493733474,DEN,DEN,WFS_CORE_IMPACT_REPLACEMENT_RESIDUAL
2025_20_BUF_DEN,2025,20,2026-01-17,DEN,BUF,1.5,45.5,33.0,30.0,3.0,63.0,2.0471682782578755,3.826261095557701,3.5471682782578755,49.3262610955577,26.436714686907788,22.88954640864991,DEN,DEN,WFS_CORE_IMPACT_RESIDUAL
2025_20_BUF_DEN,2025,20,2026-01-17,DEN,BUF,1.5,45.5,33.0,30.0,3.0,63.0,2.0734031059848883,2.719938428099022,3.5734031059848883,48.21993842809902,25.896670767041954,22.323267661057066,DEN,DEN,WFS_CORE_RESIDUAL
2025_20_SF_SEA,2025,20,2026-01-17,SEA,SF,6.5,44.5,41.0,6.0,35.0,47.0,0.0,0.0,6.5,44.5,25.5,19.0,SEA,SEA,MARKET
2025_20_SF_SEA,2025,20,2026-01-17,SEA,SF,6.5,44.5,41.0,6.0,35.0,47.0,1.9283545886534001,3.7020776886421856,8.4283545886534,48.202077688642184,28.31521613864779,19.886861549994393,SEA,SEA,WFS_CORE_IMPACT_REPLACEMENT_RESIDUAL
2025_20_SF_SEA,2025,20,2026-01-17,SEA,SF,6.5,44.5,41.0,6.0,35.0,47.0,2.2578435906482284,2.9178826361641605,8.757843590648228,47.41788263616416,28.087863113406193,19.330019522757965,SEA,SEA,WFS_CORE_IMPACT_RESIDUAL
2025_20_SF_SEA,2025,20,2026-01-17,SEA,SF,6.5,44.5,41.0,6.0,35.0,47.0,3.1211923467126454,2.284631889813582,9.621192346712645,46.78463188981358,28.202912118263114,18.581719771550468,SEA,SEA,WFS_CORE_RESIDUAL
2025_20_HOU_NE,2025,20,2026-01-18,NE,HOU,3.0,40.5,28.0,16.0,12.0,44.0,0.0,0.0,3.0,40.5,21.75,18.75,NE,NE,MARKET
2025_20_HOU_NE,2025,20,2026-01-18,NE,HOU,3.0,40.5,28.0,16.0,12.0,44.0,4.369986664734437,3.1679108210195976,7.369986664734437,43.667910821019596,25.518948742877015,18.14896207814258,NE,NE,WFS_CORE_IMPACT_REPLACEMENT_RESIDUAL
2025_20_HOU_NE,2025,20,2026-01-18,NE,HOU,3.0,40.5,28.0,16.0,12.0,44.0,4.706991261635464,3.171073764587203,7.706991261635464,43.671073764587206,25.689032513111336,17.98204125147587,NE,NE,WFS_CORE_IMPACT_RESIDUAL
2025_20_HOU_NE,2025,20,2026-01-18,NE,HOU,3.0,40.5,28.0,16.0,12.0,44.0,3.0195454099707493,3.30073543323987,6.01954540997075,43.80073543323987,24.910140421605313,18.89059501163456,NE,NE,WFS_CORE_RESIDUAL
2025_20_LA_CHI,2025,20,2026-01-18,CHI,LA,-3.5,49.5,17.0,20.0,-3.0,37.0,0.0,0.0,-3.5,49.5,23.0,26.5,LA,LA,MARKET
2025_20_LA_CHI,2025,20,2026-01-18,CHI,LA,-3.5,49.5,17.0,20.0,-3.0,37.0,0.8465063704302671,1.54191024276731,-2.653493629569733,51.04191024276731,24.19420830659879,26.84770193616852,LA,LA,WFS_CORE_IMPACT_REPLACEMENT_RESIDUAL
2025_20_LA_CHI,2025,20,2026-01-18,CHI,LA,-3.5,49.5,17.0,20.0,-3.0,37.0,1.1335966511830295,1.5812256412287846,-2.3664033488169705,51.081225641228784,24.357411146205905,26.72381449502288,LA,LA,WFS_CORE_IMPACT_RESIDUAL
2025_20_LA_CHI,2025,20,2026-01-18,CHI,LA,-3.5,49.5,17.0,20.0,-3.0,37.0,1.580638963872278,2.406968893638294,-1.919361036127722,51.90696889363829,24.993803928755284,26.91316496488301,LA,LA,WFS_CORE_RESIDUAL
2025_21_LA_SEA,2025,21,2026-01-25,SEA,LA,2.5,45.5,31.0,27.0,4.0,58.0,0.0,0.0,2.5,45.5,24.0,21.5,SEA,SEA,MARKET
2025_21_LA_SEA,2025,21,2026-01-25,SEA,LA,2.5,45.5,31.0,27.0,4.0,58.0,2.3256889679369444,3.347979068846163,4.825688967936944,48.847979068846165,26.836834018391556,22.01114505045461,SEA,SEA,WFS_CORE_IMPACT_REPLACEMENT_RESIDUAL
2025_21_LA_SEA,2025,21,2026-01-25,SEA,LA,2.5,45.5,31.0,27.0,4.0,58.0,2.5944260667658736,2.959395934138676,5.094426066765873,48.459395934138676,26.776911000452273,21.682484933686403,SEA,SEA,WFS_CORE_IMPACT_RESIDUAL
2025_21_LA_SEA,2025,21,2026-01-25,SEA,LA,2.5,45.5,31.0,27.0,4.0,58.0,3.3816976990254064,3.294021412400111,5.881697699025406,48.79402141240011,27.33785955571276,21.456161856687352,SEA,SEA,WFS_CORE_RESIDUAL
2025_21_NE_DEN,2025,21,2026-01-25,DEN,NE,-3.5,43.5,7.0,10.0,-3.0,17.0,0.0,0.0,-3.5,43.5,20.0,23.5,NE,NE,MARKET
2025_21_NE_DEN,2025,21,2026-01-25,DEN,NE,-3.5,43.5,7.0,10.0,-3.0,17.0,1.5256634606194457,5.080115893160078,-1.9743365393805543,48.58011589316008,23.302889676889762,25.277226216270314,NE,NE,WFS_CORE_IMPACT_REPLACEMENT_RESIDUAL
2025_21_NE_DEN,2025,21,2026-01-25,DEN,NE,-3.5,43.5,7.0,10.0,-3.0,17.0,0.9069642950348744,2.964941856374265,-2.593035704965126,46.46494185637427,21.93595307570457,24.528988780669696,NE,NE,WFS_CORE_IMPACT_RESIDUAL
2025_21_NE_DEN,2025,21,2026-01-25,DEN,NE,-3.5,43.5,7.0,10.0,-3.0,17.0,1.7988428903260374,2.2711127333050447,-1.7011571096739626,45.771112733305046,22.03497781181554,23.736134921489505,NE,NE,WFS_CORE_RESIDUAL
2025_22_SEA_NE,2025,22,2026-02-08,NE,SEA,-4.5,45.5,13.0,29.0,-16.0,42.0,0.0,0.0,-4.5,45.5,20.5,25.0,SEA,SEA,MARKET
2025_22_SEA_NE,2025,22,2026-02-08,NE,SEA,-4.5,45.5,13.0,29.0,-16.0,42.0,1.3411563582280153,1.8468292450356887,-3.158843641771985,47.346829245035686,22.09399280163185,25.252836443403837,SEA,SEA,WFS_CORE_IMPACT_REPLACEMENT_RESIDUAL
2025_22_SEA_NE,2025,22,2026-02-08,NE,SEA,-4.5,45.5,13.0,29.0,-16.0,42.0,1.683540143316496,1.4840939391100707,-2.8164598566835037,46.98409393911007,22.083817041213283,24.900276897896784,SEA,SEA,WFS_CORE_IMPACT_RESIDUAL
2025_22_SEA_NE,2025,22,2026-02-08,NE,SEA,-4.5,45.5,13.0,29.0,-16.0,42.0,2.1806134490084186,2.1664543360221846,-2.3193865509915814,47.666454336022184,22.6735338925153,24.992920443506883,SEA,SEA,WFS_CORE_RESIDUAL
