game_id,season,week,game_date,home_team,away_team,market_home_spread_raw,market_total,actual_home_points,actual_away_points,actual_home_margin,actual_total_points,pred_margin_residual,pred_total_residual,pred_home_margin,pred_total_points,pred_home_points,pred_away_points,actual_winner,pred_winner,model
2025_01_DAL_PHI,2025,1,2025-09-04,PHI,DAL,8.5,47.5,24.0,20.0,4.0,44.0,0.0,0.0,8.5,47.5,28.0,19.5,PHI,PHI,MARKET
2025_01_DAL_PHI,2025,1,2025-09-04,PHI,DAL,8.5,47.5,24.0,20.0,4.0,44.0,2.5604878695794655,1.7517346186372247,11.060487869579465,49.25173461863722,30.156111244108345,19.095623374528877,PHI,PHI,WFS_CORE_IMPACT_RESIDUAL
2025_01_DAL_PHI,2025,1,2025-09-04,PHI,DAL,8.5,47.5,24.0,20.0,4.0,44.0,2.9640072668839315,1.7942450703162847,11.464007266883932,49.294245070316286,30.37912616860011,18.915118901716177,PHI,PHI,WFS_CORE_RESIDUAL
2025_01_DAL_PHI,2025,1,2025-09-04,PHI,DAL,8.5,47.5,24.0,20.0,4.0,44.0,2.728021723433463,2.0606795952953543,11.228021723433462,49.560679595295355,30.39435065936441,19.166328935930945,PHI,PHI,WFS_TARGET_SPECIFIC_COACHING_RESIDUAL
2025_01_DAL_PHI,2025,1,2025-09-04,PHI,DAL,8.5,47.5,24.0,20.0,4.0,44.0,1.3350527829660046,1.7517346186372247,9.835052782966004,49.25173461863722,29.543393700801612,19.70834091783561,PHI,PHI,WFS_TARGET_SPECIFIC_RESIDUAL
2025_01_KC_LAC,2025,1,2025-09-05,LAC,KC,-3.0,47.5,27.0,21.0,6.0,48.0,0.0,0.0,-3.0,47.5,22.25,25.25,LAC,KC,MARKET
2025_01_KC_LAC,2025,1,2025-09-05,LAC,KC,-3.0,47.5,27.0,21.0,6.0,48.0,0.6330179742552626,0.44691789903779855,-2.366982025744737,47.9469178990378,22.78996793664653,25.15694996239127,LAC,KC,WFS_CORE_IMPACT_RESIDUAL
2025_01_KC_LAC,2025,1,2025-09-05,LAC,KC,-3.0,47.5,27.0,21.0,6.0,48.0,0.4842674140475548,1.3383994362814275,-2.515732585952445,48.83839943628143,23.161333425164493,25.677066011116935,LAC,KC,WFS_CORE_RESIDUAL
2025_01_KC_LAC,2025,1,2025-09-05,LAC,KC,-3.0,47.5,27.0,21.0,6.0,48.0,0.30827184653624057,0.745069411332926,-2.6917281534637594,48.24506941133293,22.776670628934585,25.468398782398342,LAC,KC,WFS_TARGET_SPECIFIC_COACHING_RESIDUAL
2025_01_KC_LAC,2025,1,2025-09-05,LAC,KC,-3.0,47.5,27.0,21.0,6.0,48.0,0.440919159716957,0.44691789903779855,-2.559080840283043,47.9469178990378,22.693918529377378,25.252999369660422,LAC,KC,WFS_TARGET_SPECIFIC_RESIDUAL
2025_01_ARI_NO,2025,1,2025-09-07,NO,ARI,-6.0,44.5,13.0,20.0,-7.0,33.0,0.0,0.0,-6.0,44.5,19.25,25.25,ARI,ARI,MARKET
2025_01_ARI_NO,2025,1,2025-09-07,NO,ARI,-6.0,44.5,13.0,20.0,-7.0,33.0,-0.9368155890100386,0.35713305058093125,-6.936815589010038,44.857133050580934,18.960158730785448,25.896974319795486,ARI,ARI,WFS_CORE_IMPACT_RESIDUAL
2025_01_ARI_NO,2025,1,2025-09-07,NO,ARI,-6.0,44.5,13.0,20.0,-7.0,33.0,-0.6051018147846554,1.025307983396276,-6.605101814784655,45.525307983396274,19.46010308430581,26.065204899090464,ARI,ARI,WFS_CORE_RESIDUAL
2025_01_ARI_NO,2025,1,2025-09-07,NO,ARI,-6.0,44.5,13.0,20.0,-7.0,33.0,-0.19443167490020946,-1.0701560547424196,-6.194431674900209,43.42984394525758,18.617706135178686,24.812137810078895,ARI,ARI,WFS_TARGET_SPECIFIC_COACHING_RESIDUAL
2025_01_ARI_NO,2025,1,2025-09-07,NO,ARI,-6.0,44.5,13.0,20.0,-7.0,33.0,-1.0120884222349653,0.35713305058093125,-7.0120884222349655,44.857133050580934,18.922522314172983,25.93461073640795,ARI,ARI,WFS_TARGET_SPECIFIC_RESIDUAL
2025_01_BAL_BUF,2025,1,2025-09-07,BUF,BAL,-1.5,50.5,41.0,40.0,1.0,81.0,0.0,0.0,-1.5,50.5,24.5,26.0,BUF,BAL,MARKET
2025_01_BAL_BUF,2025,1,2025-09-07,BUF,BAL,-1.5,50.5,41.0,40.0,1.0,81.0,4.143274865783528,1.257613714739191,2.6432748657835283,51.75761371473919,27.20044429026136,24.557169424477834,BUF,BUF,WFS_CORE_IMPACT_RESIDUAL
2025_01_BAL_BUF,2025,1,2025-09-07,BUF,BAL,-1.5,50.5,41.0,40.0,1.0,81.0,2.3815401782350816,1.7143110930139747,0.8815401782350816,52.214311093013976,26.54792563562453,25.666385457389445,BUF,BUF,WFS_CORE_RESIDUAL
2025_01_BAL_BUF,2025,1,2025-09-07,BUF,BAL,-1.5,50.5,41.0,40.0,1.0,81.0,3.7991639606036354,1.5961382390609902,2.2991639606036354,52.09613823906099,27.197651099832314,24.898487139228678,BUF,BUF,WFS_TARGET_SPECIFIC_COACHING_RESIDUAL
2025_01_BAL_BUF,2025,1,2025-09-07,BUF,BAL,-1.5,50.5,41.0,40.0,1.0,81.0,3.7000170825886025,1.257613714739191,2.2000170825886025,51.75761371473919,26.978815398663897,24.778798316075296,BUF,BUF,WFS_TARGET_SPECIFIC_RESIDUAL
2025_01_CAR_JAX,2025,1,2025-09-07,JAX,CAR,4.5,45.5,26.0,10.0,16.0,36.0,0.0,0.0,4.5,45.5,25.0,20.5,JAX,JAX,MARKET
2025_01_CAR_JAX,2025,1,2025-09-07,JAX,CAR,4.5,45.5,26.0,10.0,16.0,36.0,-1.1756340010790034,0.0498358890363407,3.324365998920997,45.54983588903634,24.437100943978667,21.11273494505767,JAX,JAX,WFS_CORE_IMPACT_RESIDUAL
2025_01_CAR_JAX,2025,1,2025-09-07,JAX,CAR,4.5,45.5,26.0,10.0,16.0,36.0,-0.06860856668376214,0.9060239386889487,4.431391433316238,46.406023938688946,25.41870768600259,20.987316252686355,JAX,JAX,WFS_CORE_RESIDUAL
2025_01_CAR_JAX,2025,1,2025-09-07,JAX,CAR,4.5,45.5,26.0,10.0,16.0,36.0,-0.48794676505853196,-1.6079333796115343,4.012053234941468,43.89206662038846,23.952059927664965,19.940006692723497,JAX,JAX,WFS_TARGET_SPECIFIC_COACHING_RESIDUAL
2025_01_CAR_JAX,2025,1,2025-09-07,JAX,CAR,4.5,45.5,26.0,10.0,16.0,36.0,-1.2623713582829859,0.0498358890363407,3.237628641717014,45.54983588903634,24.393732265376677,21.15610362365966,JAX,JAX,WFS_TARGET_SPECIFIC_RESIDUAL
2025_01_CIN_CLE,2025,1,2025-09-07,CLE,CIN,-5.5,47.5,16.0,17.0,-1.0,33.0,0.0,0.0,-5.5,47.5,21.0,26.5,CIN,CIN,MARKET
2025_01_CIN_CLE,2025,1,2025-09-07,CLE,CIN,-5.5,47.5,16.0,17.0,-1.0,33.0,-0.22917686095257153,0.3232866049411435,-5.729176860952571,47.823286604941146,21.047054871994288,26.776231732946858,CIN,CIN,WFS_CORE_IMPACT_RESIDUAL
2025_01_CIN_CLE,2025,1,2025-09-07,CLE,CIN,-5.5,47.5,16.0,17.0,-1.0,33.0,0.2849965875682963,0.8397651468221857,-5.215003412431703,48.33976514682219,21.56238086719524,26.777384279626947,CIN,CIN,WFS_CORE_RESIDUAL
2025_01_CIN_CLE,2025,1,2025-09-07,CLE,CIN,-5.5,47.5,16.0,17.0,-1.0,33.0,-0.293435741691706,0.46663665431838275,-5.793435741691706,47.966636654318386,21.08660045631334,26.880036198005044,CIN,CIN,WFS_TARGET_SPECIFIC_COACHING_RESIDUAL
2025_01_CIN_CLE,2025,1,2025-09-07,CLE,CIN,-5.5,47.5,16.0,17.0,-1.0,33.0,-0.2997903046250509,0.3232866049411435,-5.799790304625051,47.823286604941146,21.01174815015805,26.811538454783097,CIN,CIN,WFS_TARGET_SPECIFIC_RESIDUAL
2025_01_DET_GB,2025,1,2025-09-07,GB,DET,1.5,48.5,27.0,13.0,14.0,40.0,0.0,0.0,1.5,48.5,25.0,23.5,GB,GB,MARKET
2025_01_DET_GB,2025,1,2025-09-07,GB,DET,1.5,48.5,27.0,13.0,14.0,40.0,1.6021413168632679,1.4495221977777974,3.1021413168632677,49.949522197777796,26.525831757320532,23.423690440457264,GB,GB,WFS_CORE_IMPACT_RESIDUAL
2025_01_DET_GB,2025,1,2025-09-07,GB,DET,1.5,48.5,27.0,13.0,14.0,40.0,1.2567890931932015,1.749783344402176,2.7567890931932015,50.249783344402175,26.503286218797687,23.74649712560449,GB,GB,WFS_CORE_RESIDUAL
2025_01_DET_GB,2025,1,2025-09-07,GB,DET,1.5,48.5,27.0,13.0,14.0,40.0,1.3465345872288847,1.60830664296346,2.8465345872288847,50.10830664296346,26.477420615096175,23.630886027867287,GB,GB,WFS_TARGET_SPECIFIC_COACHING_RESIDUAL
2025_01_DET_GB,2025,1,2025-09-07,GB,DET,1.5,48.5,27.0,13.0,14.0,40.0,1.2751327396670677,1.4495221977777974,2.7751327396670677,49.949522197777796,26.36232746872243,23.587194729055366,GB,GB,WFS_TARGET_SPECIFIC_RESIDUAL
2025_01_HOU_LA,2025,1,2025-09-07,LA,HOU,3.5,43.5,14.0,9.0,5.0,23.0,0.0,0.0,3.5,43.5,23.5,20.0,LA,LA,MARKET
2025_01_HOU_LA,2025,1,2025-09-07,LA,HOU,3.5,43.5,14.0,9.0,5.0,23.0,1.3717703001099226,1.8596577221723947,4.871770300109922,45.35965772217239,25.115714011141158,20.243943711031235,LA,LA,WFS_CORE_IMPACT_RESIDUAL
2025_01_HOU_LA,2025,1,2025-09-07,LA,HOU,3.5,43.5,14.0,9.0,5.0,23.0,-0.1774258798981846,1.9331962752523058,3.3225741201018155,45.43319627525231,24.37788519767706,21.055311077575247,LA,LA,WFS_CORE_RESIDUAL
2025_01_HOU_LA,2025,1,2025-09-07,LA,HOU,3.5,43.5,14.0,9.0,5.0,23.0,1.352505217341274,2.213835733289579,4.852505217341274,45.71383573328958,25.283170475315426,20.43066525797415,LA,LA,WFS_TARGET_SPECIFIC_COACHING_RESIDUAL
2025_01_HOU_LA,2025,1,2025-09-07,LA,HOU,3.5,43.5,14.0,9.0,5.0,23.0,1.3034941210323516,1.8596577221723947,4.803494121032352,45.35965772217239,25.081575921602372,20.27808180057002,LA,LA,WFS_TARGET_SPECIFIC_RESIDUAL
2025_01_LV_NE,2025,1,2025-09-07,NE,LV,2.5,44.5,13.0,20.0,-7.0,33.0,0.0,0.0,2.5,44.5,23.5,21.0,LV,NE,MARKET
2025_01_LV_NE,2025,1,2025-09-07,NE,LV,2.5,44.5,13.0,20.0,-7.0,33.0,-0.6291352614349728,0.8249278825842932,1.8708647385650272,45.32492788258429,23.597896310574658,21.727031572009633,LV,NE,WFS_CORE_IMPACT_RESIDUAL
2025_01_LV_NE,2025,1,2025-09-07,NE,LV,2.5,44.5,13.0,20.0,-7.0,33.0,0.2664555594951598,1.3616358390414027,2.7664555594951596,45.861635839041405,24.31404569926828,21.547590139773124,LV,NE,WFS_CORE_RESIDUAL
2025_01_LV_NE,2025,1,2025-09-07,NE,LV,2.5,44.5,13.0,20.0,-7.0,33.0,1.1125406687735715,-0.23406318176578939,3.6125406687735717,44.26593681823421,23.93923874350389,20.32669807473032,LV,NE,WFS_TARGET_SPECIFIC_COACHING_RESIDUAL
2025_01_LV_NE,2025,1,2025-09-07,NE,LV,2.5,44.5,13.0,20.0,-7.0,33.0,-0.8131775135675328,0.8249278825842932,1.6868224864324672,45.32492788258429,23.50587518450838,21.81905269807591,LV,NE,WFS_TARGET_SPECIFIC_RESIDUAL
2025_01_MIA_IND,2025,1,2025-09-07,IND,MIA,1.5,47.5,33.0,8.0,25.0,41.0,0.0,0.0,1.5,47.5,24.5,23.0,IND,IND,MARKET
2025_01_MIA_IND,2025,1,2025-09-07,IND,MIA,1.5,47.5,33.0,8.0,25.0,41.0,3.1857007542406994,0.9704824572487831,4.685700754240699,48.470482457248785,26.578091605744742,21.892390851504043,IND,IND,WFS_CORE_IMPACT_RESIDUAL
2025_01_MIA_IND,2025,1,2025-09-07,IND,MIA,1.5,47.5,33.0,8.0,25.0,41.0,1.567537408294588,1.0965092507404341,3.067537408294588,48.59650925074043,25.83202332951751,22.76448592122292,IND,IND,WFS_CORE_RESIDUAL
2025_01_MIA_IND,2025,1,2025-09-07,IND,MIA,1.5,47.5,33.0,8.0,25.0,41.0,2.853042644807411,0.9332346361684144,4.353042644807411,48.433234636168415,26.393138640487912,22.040095995680502,IND,IND,WFS_TARGET_SPECIFIC_COACHING_RESIDUAL
2025_01_MIA_IND,2025,1,2025-09-07,IND,MIA,1.5,47.5,33.0,8.0,25.0,41.0,2.86198006627918,0.9704824572487831,4.36198006627918,48.470482457248785,26.416231261763983,22.054251195484802,IND,IND,WFS_TARGET_SPECIFIC_RESIDUAL
2025_01_NYG_WAS,2025,1,2025-09-07,WAS,NYG,6.0,45.5,21.0,6.0,15.0,27.0,0.0,0.0,6.0,45.5,25.75,19.75,WAS,WAS,MARKET
2025_01_NYG_WAS,2025,1,2025-09-07,WAS,NYG,6.0,45.5,21.0,6.0,15.0,27.0,-0.24942676698869365,0.3096496643307782,5.750573233011306,45.80964966433078,25.780111448671043,20.029538215659734,WAS,WAS,WFS_CORE_IMPACT_RESIDUAL
2025_01_NYG_WAS,2025,1,2025-09-07,WAS,NYG,6.0,45.5,21.0,6.0,15.0,27.0,0.21208085155325607,1.141414184174417,6.212080851553256,46.641414184174415,26.426747517863834,20.21466666631058,WAS,WAS,WFS_CORE_RESIDUAL
2025_01_NYG_WAS,2025,1,2025-09-07,WAS,NYG,6.0,45.5,21.0,6.0,15.0,27.0,-0.41022408908348745,0.6425821518584016,5.589775910916512,46.1425821518584,25.866179031387457,20.276403120470942,WAS,WAS,WFS_TARGET_SPECIFIC_COACHING_RESIDUAL
2025_01_NYG_WAS,2025,1,2025-09-07,WAS,NYG,6.0,45.5,21.0,6.0,15.0,27.0,-0.3909998365702201,0.3096496643307782,5.60900016342978,45.80964966433078,25.70932491388028,20.100324750450497,WAS,WAS,WFS_TARGET_SPECIFIC_RESIDUAL
2025_01_PIT_NYJ,2025,1,2025-09-07,NYJ,PIT,-3.0,37.5,32.0,34.0,-2.0,66.0,0.0,0.0,-3.0,37.5,17.25,20.25,PIT,PIT,MARKET
2025_01_PIT_NYJ,2025,1,2025-09-07,NYJ,PIT,-3.0,37.5,32.0,34.0,-2.0,66.0,-0.3935220308901224,-0.21108497447889704,-3.3935220308901224,37.288915025521106,16.94769649731549,20.341218528205616,PIT,PIT,WFS_CORE_IMPACT_RESIDUAL
2025_01_PIT_NYJ,2025,1,2025-09-07,NYJ,PIT,-3.0,37.5,32.0,34.0,-2.0,66.0,-0.18792544221029472,1.2830938252251933,-3.187925442210295,38.783093825225194,17.79758419150745,20.985509633717744,PIT,PIT,WFS_CORE_RESIDUAL
2025_01_PIT_NYJ,2025,1,2025-09-07,NYJ,PIT,-3.0,37.5,32.0,34.0,-2.0,66.0,0.3641960771271958,-1.6458073412811114,-2.635803922872804,35.85419265871889,16.609194367923042,19.244998290795845,PIT,PIT,WFS_TARGET_SPECIFIC_COACHING_RESIDUAL
2025_01_PIT_NYJ,2025,1,2025-09-07,NYJ,PIT,-3.0,37.5,32.0,34.0,-2.0,66.0,-0.38910187298683085,-0.21108497447889704,-3.389101872986831,37.288915025521106,16.94990657626714,20.339008449253967,PIT,PIT,WFS_TARGET_SPECIFIC_RESIDUAL
2025_01_SF_SEA,2025,1,2025-09-07,SEA,SF,-2.5,43.5,13.0,17.0,-4.0,30.0,0.0,0.0,-2.5,43.5,20.5,23.0,SF,SF,MARKET
2025_01_SF_SEA,2025,1,2025-09-07,SEA,SF,-2.5,43.5,13.0,17.0,-4.0,30.0,-1.9014297265490079,0.6944426390243749,-4.401429726549008,44.19444263902437,19.89650645623768,24.297936182786692,SF,SF,WFS_CORE_IMPACT_RESIDUAL
2025_01_SF_SEA,2025,1,2025-09-07,SEA,SF,-2.5,43.5,13.0,17.0,-4.0,30.0,0.5859597872765379,1.3053487333801843,-1.9140402127234621,44.805348733380185,21.44565426032836,23.359694473051825,SF,SF,WFS_CORE_RESIDUAL
2025_01_SF_SEA,2025,1,2025-09-07,SEA,SF,-2.5,43.5,13.0,17.0,-4.0,30.0,-2.2998802469887356,0.8052325723702415,-4.799880246988735,44.305232572370244,19.752676162690754,24.55255640967949,SF,SF,WFS_TARGET_SPECIFIC_COACHING_RESIDUAL
2025_01_SF_SEA,2025,1,2025-09-07,SEA,SF,-2.5,43.5,13.0,17.0,-4.0,30.0,-2.1579046389068473,0.6944426390243749,-4.657904638906848,44.19444263902437,19.768269000058762,24.42617363896561,SF,SF,WFS_TARGET_SPECIFIC_RESIDUAL
2025_01_TB_ATL,2025,1,2025-09-07,ATL,TB,-1.5,47.5,20.0,23.0,-3.0,43.0,0.0,0.0,-1.5,47.5,23.0,24.5,TB,TB,MARKET
2025_01_TB_ATL,2025,1,2025-09-07,ATL,TB,-1.5,47.5,20.0,23.0,-3.0,43.0,3.126042803773256,2.144390872258985,1.626042803773256,49.64439087225899,25.63521683801612,24.009174034242868,TB,ATL,WFS_CORE_IMPACT_RESIDUAL
2025_01_TB_ATL,2025,1,2025-09-07,ATL,TB,-1.5,47.5,20.0,23.0,-3.0,43.0,0.8816643548600347,1.508106457457967,-0.6183356451399653,49.00810645745797,24.194885406159003,24.813221051298967,TB,TB,WFS_CORE_RESIDUAL
2025_01_TB_ATL,2025,1,2025-09-07,ATL,TB,-1.5,47.5,20.0,23.0,-3.0,43.0,2.702424895533024,2.012952696363926,1.202424895533024,49.512952696363925,25.357688795948473,24.155263900415452,TB,ATL,WFS_TARGET_SPECIFIC_COACHING_RESIDUAL
2025_01_TB_ATL,2025,1,2025-09-07,ATL,TB,-1.5,47.5,20.0,23.0,-3.0,43.0,2.8886767320796607,2.144390872258985,1.3886767320796607,49.64439087225899,25.516533802169324,24.127857070089664,TB,ATL,WFS_TARGET_SPECIFIC_RESIDUAL
2025_01_TEN_DEN,2025,1,2025-09-07,DEN,TEN,8.5,42.5,20.0,12.0,8.0,32.0,0.0,0.0,8.5,42.5,25.5,17.0,DEN,DEN,MARKET
2025_01_TEN_DEN,2025,1,2025-09-07,DEN,TEN,8.5,42.5,20.0,12.0,8.0,32.0,-0.12338148378035962,1.4631893597405254,8.37661851621964,43.963189359740525,26.16990393798008,17.793285421760444,DEN,DEN,WFS_CORE_IMPACT_RESIDUAL
2025_01_TEN_DEN,2025,1,2025-09-07,DEN,TEN,8.5,42.5,20.0,12.0,8.0,32.0,1.5990124896285491,1.2605510230459331,10.09901248962855,43.760551023045934,26.929781756337242,16.830769266708693,DEN,DEN,WFS_CORE_RESIDUAL
2025_01_TEN_DEN,2025,1,2025-09-07,DEN,TEN,8.5,42.5,20.0,12.0,8.0,32.0,-0.28604353686840794,1.6746942920588765,8.213956463131591,44.174694292058874,26.194325377595234,17.98036891446364,DEN,DEN,WFS_TARGET_SPECIFIC_COACHING_RESIDUAL
2025_01_TEN_DEN,2025,1,2025-09-07,DEN,TEN,8.5,42.5,20.0,12.0,8.0,32.0,-0.41010286216649083,1.4631893597405254,8.089897137833509,43.963189359740525,26.026543248787018,17.936646110953507,DEN,DEN,WFS_TARGET_SPECIFIC_RESIDUAL
2025_01_MIN_CHI,2025,1,2025-09-08,CHI,MIN,-1.5,43.5,24.0,27.0,-3.0,51.0,0.0,0.0,-1.5,43.5,21.0,22.5,MIN,MIN,MARKET
2025_01_MIN_CHI,2025,1,2025-09-08,CHI,MIN,-1.5,43.5,24.0,27.0,-3.0,51.0,1.6481672294042338,1.2781655969333077,0.14816722940423377,44.778165596933306,22.46316641316877,22.314999183764535,MIN,CHI,WFS_CORE_IMPACT_RESIDUAL
2025_01_MIN_CHI,2025,1,2025-09-08,CHI,MIN,-1.5,43.5,24.0,27.0,-3.0,51.0,0.7981230231338134,1.4474134564675853,-0.7018769768661866,44.94741345646759,22.1227682398007,22.824645216666887,MIN,MIN,WFS_CORE_RESIDUAL
2025_01_MIN_CHI,2025,1,2025-09-08,CHI,MIN,-1.5,43.5,24.0,27.0,-3.0,51.0,2.2636297940693835,-0.1590714361824596,0.7636297940693835,43.34092856381754,22.05227917894346,21.28864938487408,MIN,CHI,WFS_TARGET_SPECIFIC_COACHING_RESIDUAL
2025_01_MIN_CHI,2025,1,2025-09-08,CHI,MIN,-1.5,43.5,24.0,27.0,-3.0,51.0,1.4778162215114432,1.2781655969333077,-0.022183778488556793,44.778165596933306,22.377990909222376,22.40017468771093,MIN,MIN,WFS_TARGET_SPECIFIC_RESIDUAL
2025_02_WAS_GB,2025,2,2025-09-11,GB,WAS,3.5,48.5,27.0,18.0,9.0,45.0,0.0,0.0,3.5,48.5,26.0,22.5,GB,GB,MARKET
2025_02_WAS_GB,2025,2,2025-09-11,GB,WAS,3.5,48.5,27.0,18.0,9.0,45.0,1.5892223887572101,1.3575386831727145,5.08922238875721,49.85753868317271,27.47338053596496,22.384158147207753,GB,GB,WFS_CORE_IMPACT_RESIDUAL
2025_02_WAS_GB,2025,2,2025-09-11,GB,WAS,3.5,48.5,27.0,18.0,9.0,45.0,2.240249531272533,2.1273146372689027,5.740249531272533,50.6273146372689,28.183782084270717,22.443532552998185,GB,GB,WFS_CORE_RESIDUAL
2025_02_WAS_GB,2025,2,2025-09-11,GB,WAS,3.5,48.5,27.0,18.0,9.0,45.0,1.606492704508325,1.4563770218610723,5.106492704508325,49.95637702186107,27.5314348631847,22.424942158676373,GB,GB,WFS_TARGET_SPECIFIC_COACHING_RESIDUAL
2025_02_WAS_GB,2025,2,2025-09-11,GB,WAS,3.5,48.5,27.0,18.0,9.0,45.0,1.4725504137154641,1.3575386831727145,4.972550413715464,49.85753868317271,27.415044548444087,22.442494134728626,GB,GB,WFS_TARGET_SPECIFIC_RESIDUAL
2025_02_ATL_MIN,2025,2,2025-09-14,MIN,ATL,3.5,44.5,6.0,22.0,-16.0,28.0,0.0,0.0,3.5,44.5,24.0,20.5,ATL,MIN,MARKET
2025_02_ATL_MIN,2025,2,2025-09-14,MIN,ATL,3.5,44.5,6.0,22.0,-16.0,28.0,1.66590702114226,0.8386170186585373,5.16590702114226,45.33861701865854,25.2522620199004,20.08635499875814,ATL,MIN,WFS_CORE_IMPACT_RESIDUAL
2025_02_ATL_MIN,2025,2,2025-09-14,MIN,ATL,3.5,44.5,6.0,22.0,-16.0,28.0,0.7948148430688599,0.5939336520517009,4.29481484306886,45.0939336520517,24.694374247560283,20.39955940449142,ATL,MIN,WFS_CORE_RESIDUAL
2025_02_ATL_MIN,2025,2,2025-09-14,MIN,ATL,3.5,44.5,6.0,22.0,-16.0,28.0,1.6817609776845666,1.1268399268818952,5.181760977684567,45.62683992688189,25.40430045228323,20.222539474598662,ATL,MIN,WFS_TARGET_SPECIFIC_COACHING_RESIDUAL
2025_02_ATL_MIN,2025,2,2025-09-14,MIN,ATL,3.5,44.5,6.0,22.0,-16.0,28.0,1.473105890519892,0.8386170186585373,4.973105890519892,45.33861701865854,25.155861454589214,20.182755564069325,ATL,MIN,WFS_TARGET_SPECIFIC_RESIDUAL
2025_02_BUF_NYJ,2025,2,2025-09-14,NYJ,BUF,-6.0,47.5,10.0,30.0,-20.0,40.0,0.0,0.0,-6.0,47.5,20.75,26.75,BUF,BUF,MARKET
2025_02_BUF_NYJ,2025,2,2025-09-14,NYJ,BUF,-6.0,47.5,10.0,30.0,-20.0,40.0,0.22989846755671267,-0.22523088418601603,-5.770101532443287,47.27476911581398,20.75233379168535,26.522435324128633,BUF,BUF,WFS_CORE_IMPACT_RESIDUAL
2025_02_BUF_NYJ,2025,2,2025-09-14,NYJ,BUF,-6.0,47.5,10.0,30.0,-20.0,40.0,0.7069413604020374,0.19836184590156755,-5.293058639597962,47.698361845901566,21.2026516031518,26.495710242749766,BUF,BUF,WFS_CORE_RESIDUAL
2025_02_BUF_NYJ,2025,2,2025-09-14,NYJ,BUF,-6.0,47.5,10.0,30.0,-20.0,40.0,-0.125997872414751,-0.6222360262285329,-6.125997872414751,46.877763973771465,20.375883050678357,26.501880923093108,BUF,BUF,WFS_TARGET_SPECIFIC_COACHING_RESIDUAL
2025_02_BUF_NYJ,2025,2,2025-09-14,NYJ,BUF,-6.0,47.5,10.0,30.0,-20.0,40.0,0.28907661400605245,-0.22523088418601603,-5.710923385993947,47.27476911581398,20.781922864910015,26.492846250903966,BUF,BUF,WFS_TARGET_SPECIFIC_RESIDUAL
2025_02_CAR_ARI,2025,2,2025-09-14,ARI,CAR,7.0,45.5,27.0,22.0,5.0,49.0,0.0,0.0,7.0,45.5,26.25,19.25,ARI,ARI,MARKET
2025_02_CAR_ARI,2025,2,2025-09-14,ARI,CAR,7.0,45.5,27.0,22.0,5.0,49.0,0.07272606392065542,1.548029814979424,7.072726063920656,47.04802981497942,27.06037793945004,19.987651875529384,ARI,ARI,WFS_CORE_IMPACT_RESIDUAL
2025_02_CAR_ARI,2025,2,2025-09-14,ARI,CAR,7.0,45.5,27.0,22.0,5.0,49.0,1.1582278414486227,1.3991686588293095,8.158227841448623,46.89916865882931,27.528698250138966,19.370470408690345,ARI,ARI,WFS_CORE_RESIDUAL
2025_02_CAR_ARI,2025,2,2025-09-14,ARI,CAR,7.0,45.5,27.0,22.0,5.0,49.0,-0.3752090184864461,1.4484155285340135,6.624790981513554,46.948415528534014,26.786603255023785,20.16181227351023,ARI,ARI,WFS_TARGET_SPECIFIC_COACHING_RESIDUAL
2025_02_CAR_ARI,2025,2,2025-09-14,ARI,CAR,7.0,45.5,27.0,22.0,5.0,49.0,-0.3804806969279025,1.548029814979424,6.619519303072098,47.04802981497942,26.83377455902576,20.214255255953663,ARI,ARI,WFS_TARGET_SPECIFIC_RESIDUAL
2025_02_CHI_DET,2025,2,2025-09-14,DET,CHI,6.0,46.5,52.0,21.0,31.0,73.0,0.0,0.0,6.0,46.5,26.25,20.25,DET,DET,MARKET
2025_02_CHI_DET,2025,2,2025-09-14,DET,CHI,6.0,46.5,52.0,21.0,31.0,73.0,-0.3143282418829547,2.8509976404311073,5.685671758117046,49.35099764043111,27.518334699274078,21.832662941157032,DET,DET,WFS_CORE_IMPACT_RESIDUAL
2025_02_CHI_DET,2025,2,2025-09-14,DET,CHI,6.0,46.5,52.0,21.0,31.0,73.0,0.7531245051670918,2.504798333262749,6.753124505167092,49.00479833326275,27.87896141921492,21.125836914047827,DET,DET,WFS_CORE_RESIDUAL
2025_02_CHI_DET,2025,2,2025-09-14,DET,CHI,6.0,46.5,52.0,21.0,31.0,73.0,-0.4678613135870398,3.2545568112075673,5.53213868641296,49.754556811207564,27.643347748810264,22.1112090623973,DET,DET,WFS_TARGET_SPECIFIC_COACHING_RESIDUAL
2025_02_CHI_DET,2025,2,2025-09-14,DET,CHI,6.0,46.5,52.0,21.0,31.0,73.0,-0.7849146043615969,2.8509976404311073,5.215085395638403,49.35099764043111,27.283041518034757,22.067956122396353,DET,DET,WFS_TARGET_SPECIFIC_RESIDUAL
2025_02_CLE_BAL,2025,2,2025-09-14,BAL,CLE,12.5,46.5,41.0,17.0,24.0,58.0,0.0,0.0,12.5,46.5,29.5,17.0,BAL,BAL,MARKET
2025_02_CLE_BAL,2025,2,2025-09-14,BAL,CLE,12.5,46.5,41.0,17.0,24.0,58.0,1.387736194673586,3.105175977323987,13.887736194673586,49.60517597732399,31.746456085998787,17.8587198913252,BAL,BAL,WFS_CORE_IMPACT_RESIDUAL
2025_02_CLE_BAL,2025,2,2025-09-14,BAL,CLE,12.5,46.5,41.0,17.0,24.0,58.0,2.8310931085491546,2.770361518837465,15.331093108549155,49.27036151883746,32.30072731369331,16.969634205144153,BAL,BAL,WFS_CORE_RESIDUAL
2025_02_CLE_BAL,2025,2,2025-09-14,BAL,CLE,12.5,46.5,41.0,17.0,24.0,58.0,-1.7002660374094227,3.5067768969032613,10.799733962590578,50.00677689690326,30.40325542974692,19.60352146715634,BAL,BAL,WFS_TARGET_SPECIFIC_COACHING_RESIDUAL
2025_02_CLE_BAL,2025,2,2025-09-14,BAL,CLE,12.5,46.5,41.0,17.0,24.0,58.0,-1.9084736120492767,3.105175977323987,10.591526387950724,49.60517597732399,30.098351182637355,19.506824794686633,BAL,BAL,WFS_TARGET_SPECIFIC_RESIDUAL
2025_02_DEN_IND,2025,2,2025-09-14,IND,DEN,-2.5,43.5,29.0,28.0,1.0,57.0,0.0,0.0,-2.5,43.5,20.5,23.0,IND,DEN,MARKET
2025_02_DEN_IND,2025,2,2025-09-14,IND,DEN,-2.5,43.5,29.0,28.0,1.0,57.0,1.6590723464387773,2.5296448407713177,-0.8409276535612227,46.02964484077132,22.594358593605048,23.43528624716627,IND,DEN,WFS_CORE_IMPACT_RESIDUAL
2025_02_DEN_IND,2025,2,2025-09-14,IND,DEN,-2.5,43.5,29.0,28.0,1.0,57.0,2.043034628172739,2.667606300037007,-0.4569653718272608,46.16760630003701,22.855320464104874,23.312285835932133,IND,DEN,WFS_CORE_RESIDUAL
2025_02_DEN_IND,2025,2,2025-09-14,IND,DEN,-2.5,43.5,29.0,28.0,1.0,57.0,1.4631451296621392,2.598665100837038,-1.0368548703378608,46.09866510083704,22.53090511524959,23.56775998558745,IND,DEN,WFS_TARGET_SPECIFIC_COACHING_RESIDUAL
2025_02_DEN_IND,2025,2,2025-09-14,IND,DEN,-2.5,43.5,29.0,28.0,1.0,57.0,1.4878339261072102,2.5296448407713177,-1.0121660738927898,46.02964484077132,22.508739383439263,23.520905457332056,IND,DEN,WFS_TARGET_SPECIFIC_RESIDUAL
2025_02_JAX_CIN,2025,2,2025-09-14,CIN,JAX,3.5,49.5,31.0,27.0,4.0,58.0,0.0,0.0,3.5,49.5,26.5,23.0,CIN,CIN,MARKET
2025_02_JAX_CIN,2025,2,2025-09-14,CIN,JAX,3.5,49.5,31.0,27.0,4.0,58.0,1.5271137044566632,0.7843440740211403,5.027113704456664,50.28434407402114,27.6557288892389,22.62861518478224,CIN,CIN,WFS_CORE_IMPACT_RESIDUAL
2025_02_JAX_CIN,2025,2,2025-09-14,CIN,JAX,3.5,49.5,31.0,27.0,4.0,58.0,0.7084300091687643,1.5647871614604707,4.208430009168764,51.06478716146047,27.63660858531462,23.428178576145854,CIN,CIN,WFS_CORE_RESIDUAL
2025_02_JAX_CIN,2025,2,2025-09-14,CIN,JAX,3.5,49.5,31.0,27.0,4.0,58.0,1.7096781316181413,0.763370182280554,5.2096781316181415,50.26337018228055,27.736524156949347,22.526846025331206,CIN,CIN,WFS_TARGET_SPECIFIC_COACHING_RESIDUAL
2025_02_JAX_CIN,2025,2,2025-09-14,CIN,JAX,3.5,49.5,31.0,27.0,4.0,58.0,1.3522973571981798,0.7843440740211403,4.85229735719818,50.28434407402114,27.568320715609662,22.71602335841148,CIN,CIN,WFS_TARGET_SPECIFIC_RESIDUAL
2025_02_LA_TEN,2025,2,2025-09-14,TEN,LA,-5.5,41.5,19.0,33.0,-14.0,52.0,0.0,0.0,-5.5,41.5,18.0,23.5,LA,LA,MARKET
2025_02_LA_TEN,2025,2,2025-09-14,TEN,LA,-5.5,41.5,19.0,33.0,-14.0,52.0,-1.0204288914884456,1.2900311542610505,-6.520428891488446,42.79003115426105,18.134801131386304,24.655230022874747,LA,LA,WFS_CORE_IMPACT_RESIDUAL
2025_02_LA_TEN,2025,2,2025-09-14,TEN,LA,-5.5,41.5,19.0,33.0,-14.0,52.0,0.8696432472789006,1.001230463337752,-4.6303567527211,42.501230463337755,18.93543685530833,23.565793608029427,LA,LA,WFS_CORE_RESIDUAL
2025_02_LA_TEN,2025,2,2025-09-14,TEN,LA,-5.5,41.5,19.0,33.0,-14.0,52.0,-1.4227091900197077,1.1403153812168187,-6.922709190019708,42.640315381216816,17.858803095598553,24.781512285618263,LA,LA,WFS_TARGET_SPECIFIC_COACHING_RESIDUAL
2025_02_LA_TEN,2025,2,2025-09-14,TEN,LA,-5.5,41.5,19.0,33.0,-14.0,52.0,-1.1443558483983303,1.2900311542610505,-6.64435584839833,42.79003115426105,18.072837652931362,24.71719350132969,LA,LA,WFS_TARGET_SPECIFIC_RESIDUAL
2025_02_NE_MIA,2025,2,2025-09-14,MIA,NE,1.5,43.5,27.0,33.0,-6.0,60.0,0.0,0.0,1.5,43.5,22.5,21.0,NE,MIA,MARKET
2025_02_NE_MIA,2025,2,2025-09-14,MIA,NE,1.5,43.5,27.0,33.0,-6.0,60.0,-1.765691818089177,2.6455107810900427,-0.26569181808917697,46.145510781090046,22.939909481500436,23.20560129958961,NE,NE,WFS_CORE_IMPACT_RESIDUAL
2025_02_NE_MIA,2025,2,2025-09-14,MIA,NE,1.5,43.5,27.0,33.0,-6.0,60.0,0.11710978231148106,1.7375083671448235,1.617109782311481,45.23750836714483,23.427309074728154,21.810199292416673,NE,MIA,WFS_CORE_RESIDUAL
2025_02_NE_MIA,2025,2,2025-09-14,MIA,NE,1.5,43.5,27.0,33.0,-6.0,60.0,-2.1056079034365665,3.1748879335171107,-0.6056079034365665,46.67488793351711,23.034640015040274,23.640247918476838,NE,NE,WFS_TARGET_SPECIFIC_COACHING_RESIDUAL
2025_02_NE_MIA,2025,2,2025-09-14,MIA,NE,1.5,43.5,27.0,33.0,-6.0,60.0,-2.343811072067086,2.6455107810900427,-0.8438110720670862,46.145510781090046,22.65084985451148,23.494660926578565,NE,NE,WFS_TARGET_SPECIFIC_RESIDUAL
2025_02_NYG_DAL,2025,2,2025-09-14,DAL,NYG,4.5,44.5,40.0,37.0,3.0,77.0,0.0,0.0,4.5,44.5,24.5,20.0,DAL,DAL,MARKET
2025_02_NYG_DAL,2025,2,2025-09-14,DAL,NYG,4.5,44.5,40.0,37.0,3.0,77.0,-0.7441146855406457,0.34670249593671815,3.7558853144593543,44.84670249593672,24.301293905198037,20.54540859073868,DAL,DAL,WFS_CORE_IMPACT_RESIDUAL
2025_02_NYG_DAL,2025,2,2025-09-14,DAL,NYG,4.5,44.5,40.0,37.0,3.0,77.0,0.11958940748889241,0.6236602057280278,4.619589407488893,45.12366020572803,24.871624806608462,20.252035399119567,DAL,DAL,WFS_CORE_RESIDUAL
2025_02_NYG_DAL,2025,2,2025-09-14,DAL,NYG,4.5,44.5,40.0,37.0,3.0,77.0,-0.9520084992549787,0.142365504971666,3.547991500745021,44.642365504971664,24.095178502858342,20.547187002113322,DAL,DAL,WFS_TARGET_SPECIFIC_COACHING_RESIDUAL
2025_02_NYG_DAL,2025,2,2025-09-14,DAL,NYG,4.5,44.5,40.0,37.0,3.0,77.0,-0.7649200217383603,0.34670249593671815,3.7350799782616395,44.84670249593672,24.290891237099178,20.55581125883754,DAL,DAL,WFS_TARGET_SPECIFIC_RESIDUAL
2025_02_PHI_KC,2025,2,2025-09-14,KC,PHI,-1.5,46.5,17.0,20.0,-3.0,37.0,0.0,0.0,-1.5,46.5,22.5,24.0,PHI,PHI,MARKET
2025_02_PHI_KC,2025,2,2025-09-14,KC,PHI,-1.5,46.5,17.0,20.0,-3.0,37.0,1.56793756889288,-0.5847423165595771,0.06793756889288005,45.91525768344042,22.99159762616665,22.92366005727377,PHI,KC,WFS_CORE_IMPACT_RESIDUAL
2025_02_PHI_KC,2025,2,2025-09-14,KC,PHI,-1.5,46.5,17.0,20.0,-3.0,37.0,-0.2790873093411095,0.5217908740362355,-1.7790873093411095,47.021790874036235,22.621351782347563,24.40043909168867,PHI,PHI,WFS_CORE_RESIDUAL
2025_02_PHI_KC,2025,2,2025-09-14,KC,PHI,-1.5,46.5,17.0,20.0,-3.0,37.0,-3.6389926761649787,0.04279725011918424,-5.138992676164978,46.542797250119186,20.701902286977102,25.840894963142084,PHI,PHI,WFS_TARGET_SPECIFIC_COACHING_RESIDUAL
2025_02_PHI_KC,2025,2,2025-09-14,KC,PHI,-1.5,46.5,17.0,20.0,-3.0,37.0,-3.8093059040335944,-0.5847423165595771,-5.309305904033595,45.91525768344042,20.302975889703415,25.612281793737008,PHI,PHI,WFS_TARGET_SPECIFIC_RESIDUAL
2025_02_SEA_PIT,2025,2,2025-09-14,PIT,SEA,3.5,40.5,17.0,31.0,-14.0,48.0,0.0,0.0,3.5,40.5,22.0,18.5,SEA,PIT,MARKET
2025_02_SEA_PIT,2025,2,2025-09-14,PIT,SEA,3.5,40.5,17.0,31.0,-14.0,48.0,-1.2122701960329694,0.8229271538951625,2.2877298039670304,41.322927153895165,21.8053284789311,19.517598674964066,SEA,PIT,WFS_CORE_IMPACT_RESIDUAL
2025_02_SEA_PIT,2025,2,2025-09-14,PIT,SEA,3.5,40.5,17.0,31.0,-14.0,48.0,-0.6828971424320496,1.1549922950117788,2.81710285756795,41.65499229501178,22.236047576289867,19.418944718721914,SEA,PIT,WFS_CORE_RESIDUAL
2025_02_SEA_PIT,2025,2,2025-09-14,PIT,SEA,3.5,40.5,17.0,31.0,-14.0,48.0,-0.9254685951941626,1.1469127733331033,2.574531404805837,41.646912773333106,22.110722089069473,19.536190684263634,SEA,PIT,WFS_TARGET_SPECIFIC_COACHING_RESIDUAL
2025_02_SEA_PIT,2025,2,2025-09-14,PIT,SEA,3.5,40.5,17.0,31.0,-14.0,48.0,-1.1203754785635944,0.8229271538951625,2.379624521436406,41.322927153895165,21.851275837665785,19.47165131622938,SEA,PIT,WFS_TARGET_SPECIFIC_RESIDUAL
2025_02_SF_NO,2025,2,2025-09-14,NO,SF,-3.0,40.5,21.0,26.0,-5.0,47.0,0.0,0.0,-3.0,40.5,18.75,21.75,SF,SF,MARKET
2025_02_SF_NO,2025,2,2025-09-14,NO,SF,-3.0,40.5,21.0,26.0,-5.0,47.0,1.2263213075749984,1.052605661949161,-1.7736786924250016,41.55260566194916,19.88946348476208,21.66314217718708,SF,SF,WFS_CORE_IMPACT_RESIDUAL
2025_02_SF_NO,2025,2,2025-09-14,NO,SF,-3.0,40.5,21.0,26.0,-5.0,47.0,-0.6540156190698734,0.6102111792654414,-3.6540156190698734,41.11021117926544,18.728097780097784,22.382113399167658,SF,SF,WFS_CORE_RESIDUAL
2025_02_SF_NO,2025,2,2025-09-14,NO,SF,-3.0,40.5,21.0,26.0,-5.0,47.0,1.098744496299598,0.7645329072619772,-1.901255503700402,41.26453290726198,19.681638701780788,21.582894205481193,SF,SF,WFS_TARGET_SPECIFIC_COACHING_RESIDUAL
2025_02_SF_NO,2025,2,2025-09-14,NO,SF,-3.0,40.5,21.0,26.0,-5.0,47.0,1.3178317989718935,1.052605661949161,-1.6821682010281065,41.55260566194916,19.935218730460527,21.61738693148863,SF,SF,WFS_TARGET_SPECIFIC_RESIDUAL
2025_02_LAC_LV,2025,2,2025-09-15,LV,LAC,-3.5,46.5,9.0,20.0,-11.0,29.0,0.0,0.0,-3.5,46.5,21.5,25.0,LAC,LAC,MARKET
2025_02_LAC_LV,2025,2,2025-09-15,LV,LAC,-3.5,46.5,9.0,20.0,-11.0,29.0,0.5299003466367487,0.9947136696691744,-2.9700996533632513,47.494713669669174,22.262307008152963,25.23240666151621,LAC,LAC,WFS_CORE_IMPACT_RESIDUAL
2025_02_LAC_LV,2025,2,2025-09-15,LV,LAC,-3.5,46.5,9.0,20.0,-11.0,29.0,0.802982391466363,1.0289049201286427,-2.697017608533637,47.528904920128646,22.415943655797506,25.11296126433114,LAC,LAC,WFS_CORE_RESIDUAL
2025_02_LAC_LV,2025,2,2025-09-15,LV,LAC,-3.5,46.5,9.0,20.0,-11.0,29.0,0.17451313912093716,1.312053014224,-3.325486860879063,47.812053014224,22.24328307667247,25.56876993755153,LAC,LAC,WFS_TARGET_SPECIFIC_COACHING_RESIDUAL
2025_02_LAC_LV,2025,2,2025-09-15,LV,LAC,-3.5,46.5,9.0,20.0,-11.0,29.0,0.22847746503740948,0.9947136696691744,-3.2715225349625907,47.494713669669174,22.11159556735329,25.383118102315883,LAC,LAC,WFS_TARGET_SPECIFIC_RESIDUAL
2025_02_TB_HOU,2025,2,2025-09-15,HOU,TB,2.5,42.5,19.0,20.0,-1.0,39.0,0.0,0.0,2.5,42.5,22.5,20.0,TB,HOU,MARKET
2025_02_TB_HOU,2025,2,2025-09-15,HOU,TB,2.5,42.5,19.0,20.0,-1.0,39.0,2.6328109765327876,0.5137421041026293,5.132810976532788,43.01374210410263,24.07327654031771,18.940465563784922,TB,HOU,WFS_CORE_IMPACT_RESIDUAL
2025_02_TB_HOU,2025,2,2025-09-15,HOU,TB,2.5,42.5,19.0,20.0,-1.0,39.0,1.0914003053341872,1.1020861439762542,3.5914003053341874,43.60208614397625,23.59674322465522,20.00534291932103,TB,HOU,WFS_CORE_RESIDUAL
2025_02_TB_HOU,2025,2,2025-09-15,HOU,TB,2.5,42.5,19.0,20.0,-1.0,39.0,0.5308226902660871,0.8192105903236668,3.030822690266087,43.319210590323664,23.175016640294874,20.14419395002879,TB,HOU,WFS_TARGET_SPECIFIC_COACHING_RESIDUAL
2025_02_TB_HOU,2025,2,2025-09-15,HOU,TB,2.5,42.5,19.0,20.0,-1.0,39.0,0.43853132062157846,0.5137421041026293,2.9385313206215784,43.01374210410263,22.976136712362106,20.037605391740527,TB,HOU,WFS_TARGET_SPECIFIC_RESIDUAL
2025_03_MIA_BUF,2025,3,2025-09-18,BUF,MIA,12.5,50.5,31.0,21.0,10.0,52.0,0.0,0.0,12.5,50.5,31.5,19.0,BUF,BUF,MARKET
2025_03_MIA_BUF,2025,3,2025-09-18,BUF,MIA,12.5,50.5,31.0,21.0,10.0,52.0,2.4508449161600394,3.1321744868052854,14.95084491616004,53.63217448680528,34.29150970148266,19.340664785322623,BUF,BUF,WFS_CORE_IMPACT_RESIDUAL
2025_03_MIA_BUF,2025,3,2025-09-18,BUF,MIA,12.5,50.5,31.0,21.0,10.0,52.0,1.9782235659719636,2.618290803078334,14.478223565971964,53.11829080307833,33.79825718452515,19.320033618553182,BUF,BUF,WFS_CORE_RESIDUAL
2025_03_MIA_BUF,2025,3,2025-09-18,BUF,MIA,12.5,50.5,31.0,21.0,10.0,52.0,2.3011375834154952,3.4969896325783285,14.801137583415496,53.99698963257833,34.39906360799691,19.597926024581415,BUF,BUF,WFS_TARGET_SPECIFIC_COACHING_RESIDUAL
2025_03_MIA_BUF,2025,3,2025-09-18,BUF,MIA,12.5,50.5,31.0,21.0,10.0,52.0,2.063282728993021,3.1321744868052854,14.563282728993022,53.63217448680528,34.09772860789915,19.53444587890613,BUF,BUF,WFS_TARGET_SPECIFIC_RESIDUAL
2025_03_ARI_SF,2025,3,2025-09-21,SF,ARI,1.5,44.5,16.0,15.0,1.0,31.0,0.0,0.0,1.5,44.5,23.0,21.5,SF,SF,MARKET
2025_03_ARI_SF,2025,3,2025-09-21,SF,ARI,1.5,44.5,16.0,15.0,1.0,31.0,0.2609475548588034,-0.057856869396561615,1.7609475548588034,44.44214313060344,23.10154534273112,21.34059778787232,SF,SF,WFS_CORE_IMPACT_RESIDUAL
2025_03_ARI_SF,2025,3,2025-09-21,SF,ARI,1.5,44.5,16.0,15.0,1.0,31.0,0.06550502801286281,1.334254165400278,1.5655050280128628,45.83425416540028,23.699879596706573,22.13437456869371,SF,SF,WFS_CORE_RESIDUAL
2025_03_ARI_SF,2025,3,2025-09-21,SF,ARI,1.5,44.5,16.0,15.0,1.0,31.0,0.12066453640132466,0.2779272936431691,1.6206645364013246,44.77792729364317,23.199295915022244,21.578631378620923,SF,SF,WFS_TARGET_SPECIFIC_COACHING_RESIDUAL
2025_03_ARI_SF,2025,3,2025-09-21,SF,ARI,1.5,44.5,16.0,15.0,1.0,31.0,-0.04673838087528931,-0.057856869396561615,1.4532616191247107,44.44214313060344,22.947702374864075,21.494440755739365,SF,SF,WFS_TARGET_SPECIFIC_RESIDUAL
2025_03_ATL_CAR,2025,3,2025-09-21,CAR,ATL,-5.5,44.5,30.0,0.0,30.0,30.0,0.0,0.0,-5.5,44.5,19.5,25.0,CAR,ATL,MARKET
2025_03_ATL_CAR,2025,3,2025-09-21,CAR,ATL,-5.5,44.5,30.0,0.0,30.0,30.0,1.0505480609002686,1.558102292680068,-4.449451939099731,46.05810229268007,20.80432517679017,25.2537771158899,CAR,ATL,WFS_CORE_IMPACT_RESIDUAL
2025_03_ATL_CAR,2025,3,2025-09-21,CAR,ATL,-5.5,44.5,30.0,0.0,30.0,30.0,0.20882567517943829,0.815392682878852,-5.291174324820561,45.31539268287885,20.012109179029146,25.303283503849705,CAR,ATL,WFS_CORE_RESIDUAL
2025_03_ATL_CAR,2025,3,2025-09-21,CAR,ATL,-5.5,44.5,30.0,0.0,30.0,30.0,0.7811060138428221,1.244255481375447,-4.718893986157178,45.74425548137545,20.512680747609135,25.231574733766312,CAR,ATL,WFS_TARGET_SPECIFIC_COACHING_RESIDUAL
2025_03_ATL_CAR,2025,3,2025-09-21,CAR,ATL,-5.5,44.5,30.0,0.0,30.0,30.0,1.0069083938391326,1.558102292680068,-4.493091606160867,46.05810229268007,20.7825053432596,25.275596949420468,CAR,ATL,WFS_TARGET_SPECIFIC_RESIDUAL
2025_03_CIN_MIN,2025,3,2025-09-21,MIN,CIN,3.0,41.5,48.0,10.0,38.0,58.0,0.0,0.0,3.0,41.5,22.25,19.25,MIN,MIN,MARKET
2025_03_CIN_MIN,2025,3,2025-09-21,MIN,CIN,3.0,41.5,48.0,10.0,38.0,58.0,0.5643675937921724,1.0008820739107056,3.5643675937921726,42.5008820739107,23.032624833851436,19.468257240059266,MIN,MIN,WFS_CORE_IMPACT_RESIDUAL
2025_03_CIN_MIN,2025,3,2025-09-21,MIN,CIN,3.0,41.5,48.0,10.0,38.0,58.0,0.37635011483755804,0.9721260663331874,3.376350114837558,42.47212606633319,22.924238090585373,19.547887975747816,MIN,MIN,WFS_CORE_RESIDUAL
2025_03_CIN_MIN,2025,3,2025-09-21,MIN,CIN,3.0,41.5,48.0,10.0,38.0,58.0,0.3591589960800164,1.3951267630916893,3.3591589960800166,42.89512676309169,23.127142879585854,19.767983883505835,MIN,MIN,WFS_TARGET_SPECIFIC_COACHING_RESIDUAL
2025_03_CIN_MIN,2025,3,2025-09-21,MIN,CIN,3.0,41.5,48.0,10.0,38.0,58.0,0.23779847846391225,1.0008820739107056,3.237798478463912,42.5008820739107,22.86934027618731,19.631541797723393,MIN,MIN,WFS_TARGET_SPECIFIC_RESIDUAL
2025_03_DAL_CHI,2025,3,2025-09-21,CHI,DAL,-1.5,49.5,31.0,14.0,17.0,45.0,0.0,0.0,-1.5,49.5,24.0,25.5,CHI,DAL,MARKET
2025_03_DAL_CHI,2025,3,2025-09-21,CHI,DAL,-1.5,49.5,31.0,14.0,17.0,45.0,-2.025866356563166,0.09194460856264895,-3.525866356563166,49.59194460856265,23.033039125999743,26.558905482562906,CHI,DAL,WFS_CORE_IMPACT_RESIDUAL
2025_03_DAL_CHI,2025,3,2025-09-21,CHI,DAL,-1.5,49.5,31.0,14.0,17.0,45.0,-0.746615363223806,-0.2049751159210468,-2.246615363223806,49.295024884078956,23.524204760427576,25.77082012365138,CHI,DAL,WFS_CORE_RESIDUAL
2025_03_DAL_CHI,2025,3,2025-09-21,CHI,DAL,-1.5,49.5,31.0,14.0,17.0,45.0,-2.275907911117642,-0.7084448497851522,-3.775907911117642,48.79155515021485,22.507823619548603,26.283731530666245,CHI,DAL,WFS_TARGET_SPECIFIC_COACHING_RESIDUAL
2025_03_DAL_CHI,2025,3,2025-09-21,CHI,DAL,-1.5,49.5,31.0,14.0,17.0,45.0,-1.8533279643077973,0.09194460856264895,-3.3533279643077973,49.59194460856265,23.119308322127427,26.472636286435222,CHI,DAL,WFS_TARGET_SPECIFIC_RESIDUAL
2025_03_DEN_LAC,2025,3,2025-09-21,LAC,DEN,2.5,45.5,23.0,20.0,3.0,43.0,0.0,0.0,2.5,45.5,24.0,21.5,LAC,LAC,MARKET
2025_03_DEN_LAC,2025,3,2025-09-21,LAC,DEN,2.5,45.5,23.0,20.0,3.0,43.0,0.6633638836443352,2.1923481200006365,3.163363883644335,47.69234812000064,25.427856001822487,22.26449211817815,LAC,LAC,WFS_CORE_IMPACT_RESIDUAL
2025_03_DEN_LAC,2025,3,2025-09-21,LAC,DEN,2.5,45.5,23.0,20.0,3.0,43.0,1.2822936705815144,1.7483608750521327,3.7822936705815144,47.248360875052136,25.515327272816826,21.73303360223531,LAC,LAC,WFS_CORE_RESIDUAL
2025_03_DEN_LAC,2025,3,2025-09-21,LAC,DEN,2.5,45.5,23.0,20.0,3.0,43.0,1.1758933043426012,2.445390773746126,3.675893304342601,47.94539077374613,25.810642039044364,22.134748734701763,LAC,LAC,WFS_TARGET_SPECIFIC_COACHING_RESIDUAL
2025_03_DEN_LAC,2025,3,2025-09-21,LAC,DEN,2.5,45.5,23.0,20.0,3.0,43.0,1.2415571499437708,2.1923481200006365,3.7415571499437705,47.69234812000064,25.716952634972206,21.975395485028432,LAC,LAC,WFS_TARGET_SPECIFIC_RESIDUAL
2025_03_GB_CLE,2025,3,2025-09-21,CLE,GB,-8.5,41.5,13.0,10.0,3.0,23.0,0.0,0.0,-8.5,41.5,16.5,25.0,CLE,GB,MARKET
2025_03_GB_CLE,2025,3,2025-09-21,CLE,GB,-8.5,41.5,13.0,10.0,3.0,23.0,-0.20026266527452735,0.47040107902049166,-8.700262665274527,41.97040107902049,16.63506920687298,25.33533187214751,CLE,GB,WFS_CORE_IMPACT_RESIDUAL
2025_03_GB_CLE,2025,3,2025-09-21,CLE,GB,-8.5,41.5,13.0,10.0,3.0,23.0,-0.8709215627964177,0.5144737555546391,-9.370921562796418,42.01447375555464,16.32177609637911,25.69269765917553,CLE,GB,WFS_CORE_RESIDUAL
2025_03_GB_CLE,2025,3,2025-09-21,CLE,GB,-8.5,41.5,13.0,10.0,3.0,23.0,-0.26855081356699007,0.6141266165639987,-8.76855081356699,42.114126616564,16.672787901498506,25.441338715065495,CLE,GB,WFS_TARGET_SPECIFIC_COACHING_RESIDUAL
2025_03_GB_CLE,2025,3,2025-09-21,CLE,GB,-8.5,41.5,13.0,10.0,3.0,23.0,-0.2623062621157904,0.47040107902049166,-8.762306262115791,41.97040107902049,16.60404740845235,25.36635367056814,CLE,GB,WFS_TARGET_SPECIFIC_RESIDUAL
2025_03_HOU_JAX,2025,3,2025-09-21,JAX,HOU,1.5,43.5,17.0,10.0,7.0,27.0,0.0,0.0,1.5,43.5,22.5,21.0,JAX,JAX,MARKET
2025_03_HOU_JAX,2025,3,2025-09-21,JAX,HOU,1.5,43.5,17.0,10.0,7.0,27.0,0.927182823361047,0.6224881564530469,2.427182823361047,44.122488156453045,23.274835489907048,20.847652666545997,JAX,JAX,WFS_CORE_IMPACT_RESIDUAL
2025_03_HOU_JAX,2025,3,2025-09-21,JAX,HOU,1.5,43.5,17.0,10.0,7.0,27.0,1.3049569268647545,1.5458924017811684,2.8049569268647545,45.04589240178117,23.92542466432296,21.120467737458206,JAX,JAX,WFS_CORE_RESIDUAL
2025_03_HOU_JAX,2025,3,2025-09-21,JAX,HOU,1.5,43.5,17.0,10.0,7.0,27.0,0.37438199054548665,0.673803796278761,1.8743819905454866,44.17380379627876,23.024092893412124,21.149710902866637,JAX,JAX,WFS_TARGET_SPECIFIC_COACHING_RESIDUAL
2025_03_HOU_JAX,2025,3,2025-09-21,JAX,HOU,1.5,43.5,17.0,10.0,7.0,27.0,0.6681915619073402,0.6224881564530469,2.1681915619073404,44.122488156453045,23.145339859180194,20.97714829727285,JAX,JAX,WFS_TARGET_SPECIFIC_RESIDUAL
2025_03_IND_TEN,2025,3,2025-09-21,TEN,IND,-6.0,43.5,20.0,41.0,-21.0,61.0,0.0,0.0,-6.0,43.5,18.75,24.75,IND,IND,MARKET
2025_03_IND_TEN,2025,3,2025-09-21,TEN,IND,-6.0,43.5,20.0,41.0,-21.0,61.0,-0.30129796605990844,0.30382435000437236,-6.301297966059908,43.80382435000437,18.75126319197223,25.052561158032137,IND,IND,WFS_CORE_IMPACT_RESIDUAL
2025_03_IND_TEN,2025,3,2025-09-21,TEN,IND,-6.0,43.5,20.0,41.0,-21.0,61.0,0.7277316468837867,0.6645664626896981,-5.272268353116213,44.1645664626897,19.446149054786744,24.718417407902955,IND,IND,WFS_CORE_RESIDUAL
2025_03_IND_TEN,2025,3,2025-09-21,TEN,IND,-6.0,43.5,20.0,41.0,-21.0,61.0,-0.5643379600863185,0.09547769543240325,-6.564337960086318,43.5954776954324,18.51556986767304,25.07990782775936,IND,IND,WFS_TARGET_SPECIFIC_COACHING_RESIDUAL
2025_03_IND_TEN,2025,3,2025-09-21,TEN,IND,-6.0,43.5,20.0,41.0,-21.0,61.0,-0.27730632802602434,0.30382435000437236,-6.277306328026024,43.80382435000437,18.763259010989174,25.040565339015195,IND,IND,WFS_TARGET_SPECIFIC_RESIDUAL
2025_03_KC_NYG,2025,3,2025-09-21,NYG,KC,-6.0,44.5,9.0,22.0,-13.0,31.0,0.0,0.0,-6.0,44.5,19.25,25.25,KC,KC,MARKET
2025_03_KC_NYG,2025,3,2025-09-21,NYG,KC,-6.0,44.5,9.0,22.0,-13.0,31.0,-0.21418040498580915,0.7165747444139434,-6.214180404985809,45.21657474441395,19.501197169714068,25.71537757469988,KC,KC,WFS_CORE_IMPACT_RESIDUAL
2025_03_KC_NYG,2025,3,2025-09-21,NYG,KC,-6.0,44.5,9.0,22.0,-13.0,31.0,0.49259408578945174,0.7050219962230878,-5.5074059142105485,45.20502199622309,19.84880804100627,25.35621395521682,KC,KC,WFS_CORE_RESIDUAL
2025_03_KC_NYG,2025,3,2025-09-21,NYG,KC,-6.0,44.5,9.0,22.0,-13.0,31.0,-0.5155464805016764,0.7114959179323886,-6.515546480501676,45.21149591793239,19.347974718715356,25.863521199217033,KC,KC,WFS_TARGET_SPECIFIC_COACHING_RESIDUAL
2025_03_KC_NYG,2025,3,2025-09-21,NYG,KC,-6.0,44.5,9.0,22.0,-13.0,31.0,-0.3657137907475916,0.7165747444139434,-6.365713790747591,45.21657474441395,19.425430476833178,25.79114426758077,KC,KC,WFS_TARGET_SPECIFIC_RESIDUAL
2025_03_LA_PHI,2025,3,2025-09-21,PHI,LA,3.5,45.5,33.0,26.0,7.0,59.0,0.0,0.0,3.5,45.5,24.5,21.0,PHI,PHI,MARKET
2025_03_LA_PHI,2025,3,2025-09-21,PHI,LA,3.5,45.5,33.0,26.0,7.0,59.0,2.596982357424864,1.2456451031450873,6.096982357424864,46.74564510314509,26.421313730284975,20.32433137286011,PHI,PHI,WFS_CORE_IMPACT_RESIDUAL
2025_03_LA_PHI,2025,3,2025-09-21,PHI,LA,3.5,45.5,33.0,26.0,7.0,59.0,2.9083766503650073,2.372654107599426,6.408376650365007,47.87265410759942,27.140515378982215,20.73213872861721,PHI,PHI,WFS_CORE_RESIDUAL
2025_03_LA_PHI,2025,3,2025-09-21,PHI,LA,3.5,45.5,33.0,26.0,7.0,59.0,1.4721923431866217,1.734143333151939,4.972192343186622,47.23414333315194,26.10316783816928,21.13097549498266,PHI,PHI,WFS_TARGET_SPECIFIC_COACHING_RESIDUAL
2025_03_LA_PHI,2025,3,2025-09-21,PHI,LA,3.5,45.5,33.0,26.0,7.0,59.0,1.3212396827549298,1.2456451031450873,4.82123968275493,46.74564510314509,25.783442392950008,20.96220271019508,PHI,PHI,WFS_TARGET_SPECIFIC_RESIDUAL
2025_03_LV_WAS,2025,3,2025-09-21,WAS,LV,2.5,43.5,41.0,24.0,17.0,65.0,0.0,0.0,2.5,43.5,23.0,20.5,WAS,WAS,MARKET
2025_03_LV_WAS,2025,3,2025-09-21,WAS,LV,2.5,43.5,41.0,24.0,17.0,65.0,-0.8458008415696033,1.7053444761261423,1.6541991584303966,45.20534447612614,23.42977181727827,21.775572658847874,WAS,WAS,WFS_CORE_IMPACT_RESIDUAL
2025_03_LV_WAS,2025,3,2025-09-21,WAS,LV,2.5,43.5,41.0,24.0,17.0,65.0,0.6046821675693164,1.780431601813157,3.104682167569316,45.280431601813156,24.192556884691236,21.08787471712192,WAS,WAS,WFS_CORE_RESIDUAL
2025_03_LV_WAS,2025,3,2025-09-21,WAS,LV,2.5,43.5,41.0,24.0,17.0,65.0,-1.929907028794177,2.0622221492486297,0.5700929712058229,45.562222149248626,23.066157560227225,22.4960645890214,WAS,WAS,WFS_TARGET_SPECIFIC_COACHING_RESIDUAL
2025_03_LV_WAS,2025,3,2025-09-21,WAS,LV,2.5,43.5,41.0,24.0,17.0,65.0,-2.0468188426771543,1.7053444761261423,0.4531811573228457,45.20534447612614,22.829262816724494,22.37608165940165,WAS,WAS,WFS_TARGET_SPECIFIC_RESIDUAL
2025_03_NO_SEA,2025,3,2025-09-21,SEA,NO,7.5,41.5,44.0,13.0,31.0,57.0,0.0,0.0,7.5,41.5,24.5,17.0,SEA,SEA,MARKET
2025_03_NO_SEA,2025,3,2025-09-21,SEA,NO,7.5,41.5,44.0,13.0,31.0,57.0,1.1385271055625512,1.4533528876402064,8.63852710556255,42.95335288764021,25.79593999660138,17.157412891038827,SEA,SEA,WFS_CORE_IMPACT_RESIDUAL
2025_03_NO_SEA,2025,3,2025-09-21,SEA,NO,7.5,41.5,44.0,13.0,31.0,57.0,0.715533544171189,1.8572061722646371,8.215533544171189,43.35720617226464,25.786369858217913,17.570836314046726,SEA,SEA,WFS_CORE_RESIDUAL
2025_03_NO_SEA,2025,3,2025-09-21,SEA,NO,7.5,41.5,44.0,13.0,31.0,57.0,-0.475889024469591,1.621199239319014,7.024110975530409,43.12119923931901,25.07265510742471,18.048544131894303,SEA,SEA,WFS_TARGET_SPECIFIC_COACHING_RESIDUAL
2025_03_NO_SEA,2025,3,2025-09-21,SEA,NO,7.5,41.5,44.0,13.0,31.0,57.0,-0.5155074501333161,1.4533528876402064,6.984492549866684,42.95335288764021,24.968922718753447,17.98443016888676,SEA,SEA,WFS_TARGET_SPECIFIC_RESIDUAL
2025_03_NYJ_TB,2025,3,2025-09-21,TB,NYJ,6.5,43.5,29.0,27.0,2.0,56.0,0.0,0.0,6.5,43.5,25.0,18.5,TB,TB,MARKET
2025_03_NYJ_TB,2025,3,2025-09-21,TB,NYJ,6.5,43.5,29.0,27.0,2.0,56.0,2.582727989226978,3.008115666782368,9.082727989226978,46.508115666782366,27.79542182800467,18.712693838777696,TB,TB,WFS_CORE_IMPACT_RESIDUAL
2025_03_NYJ_TB,2025,3,2025-09-21,TB,NYJ,6.5,43.5,29.0,27.0,2.0,56.0,0.7337975500240468,2.088182452484879,7.233797550024047,45.58818245248488,26.41099000125446,19.177192451230418,TB,TB,WFS_CORE_RESIDUAL
2025_03_NYJ_TB,2025,3,2025-09-21,TB,NYJ,6.5,43.5,29.0,27.0,2.0,56.0,-0.3855765358873112,3.1888596173913997,6.114423464112689,46.6888596173914,26.401641540752046,20.287218076639356,TB,TB,WFS_TARGET_SPECIFIC_COACHING_RESIDUAL
2025_03_NYJ_TB,2025,3,2025-09-21,TB,NYJ,6.5,43.5,29.0,27.0,2.0,56.0,-0.5698074428767502,3.008115666782368,5.93019255712325,46.508115666782366,26.219154111952808,20.28896155482956,TB,TB,WFS_TARGET_SPECIFIC_RESIDUAL
2025_03_PIT_NE,2025,3,2025-09-21,NE,PIT,-1.5,44.5,14.0,21.0,-7.0,35.0,0.0,0.0,-1.5,44.5,21.5,23.0,PIT,PIT,MARKET
2025_03_PIT_NE,2025,3,2025-09-21,NE,PIT,-1.5,44.5,14.0,21.0,-7.0,35.0,0.6979078240313481,2.0664352320629664,-0.8020921759686519,46.566435232062965,22.882171528047156,23.68426370401581,PIT,PIT,WFS_CORE_IMPACT_RESIDUAL
2025_03_PIT_NE,2025,3,2025-09-21,NE,PIT,-1.5,44.5,14.0,21.0,-7.0,35.0,0.9526915291904903,1.3627028277178117,-0.5473084708095097,45.86270282771781,22.65769717845415,23.20500564926366,PIT,PIT,WFS_CORE_RESIDUAL
2025_03_PIT_NE,2025,3,2025-09-21,NE,PIT,-1.5,44.5,14.0,21.0,-7.0,35.0,0.25525591996503066,2.1364745357556134,-1.2447440800349694,46.63647453575561,22.69586522786032,23.94060930789529,PIT,PIT,WFS_TARGET_SPECIFIC_COACHING_RESIDUAL
2025_03_PIT_NE,2025,3,2025-09-21,NE,PIT,-1.5,44.5,14.0,21.0,-7.0,35.0,0.5186306400510855,2.0664352320629664,-0.9813693599489145,46.566435232062965,22.792532936057025,23.77390229600594,PIT,PIT,WFS_TARGET_SPECIFIC_RESIDUAL
2025_03_DET_BAL,2025,3,2025-09-22,BAL,DET,4.5,53.5,30.0,38.0,-8.0,68.0,0.0,0.0,4.5,53.5,29.0,24.5,DET,BAL,MARKET
2025_03_DET_BAL,2025,3,2025-09-22,BAL,DET,4.5,53.5,30.0,38.0,-8.0,68.0,0.11996030258951379,2.442171639046788,4.619960302589514,55.94217163904679,30.28106597081815,25.66110566822864,DET,BAL,WFS_CORE_IMPACT_RESIDUAL
2025_03_DET_BAL,2025,3,2025-09-22,BAL,DET,4.5,53.5,30.0,38.0,-8.0,68.0,2.0116837157996508,1.8334494080071537,6.51168371579965,55.333449408007155,30.922566561903402,24.410882846103753,DET,BAL,WFS_CORE_RESIDUAL
2025_03_DET_BAL,2025,3,2025-09-22,BAL,DET,4.5,53.5,30.0,38.0,-8.0,68.0,-1.4648481943315037,2.7615443820803236,3.0351518056684963,56.261544382080324,29.64834809387441,26.613196288205913,DET,BAL,WFS_TARGET_SPECIFIC_COACHING_RESIDUAL
2025_03_DET_BAL,2025,3,2025-09-22,BAL,DET,4.5,53.5,30.0,38.0,-8.0,68.0,-1.5819086301736338,2.442171639046788,2.9180913698263664,55.94217163904679,29.430131504436577,26.512040134610213,DET,BAL,WFS_TARGET_SPECIFIC_RESIDUAL
2025_04_SEA_ARI,2025,4,2025-09-25,ARI,SEA,-1.5,43.5,20.0,23.0,-3.0,43.0,0.0,0.0,-1.5,43.5,21.0,22.5,SEA,SEA,MARKET
2025_04_SEA_ARI,2025,4,2025-09-25,ARI,SEA,-1.5,43.5,20.0,23.0,-3.0,43.0,0.873021214164089,0.4484203030742947,-0.626978785835911,43.94842030307429,21.660720758619192,22.2876995444551,SEA,SEA,WFS_CORE_IMPACT_RESIDUAL
2025_04_SEA_ARI,2025,4,2025-09-25,ARI,SEA,-1.5,43.5,20.0,23.0,-3.0,43.0,0.675414670072117,1.4491169660566925,-0.824585329927883,44.94911696605669,22.062265818064404,22.88685114799229,SEA,SEA,WFS_CORE_RESIDUAL
2025_04_SEA_ARI,2025,4,2025-09-25,ARI,SEA,-1.5,43.5,20.0,23.0,-3.0,43.0,-0.6115613985579875,0.46090169379429474,-2.1115613985579875,43.9609016937943,20.924670147618155,23.036231546176143,SEA,SEA,WFS_TARGET_SPECIFIC_COACHING_RESIDUAL
2025_04_SEA_ARI,2025,4,2025-09-25,ARI,SEA,-1.5,43.5,20.0,23.0,-3.0,43.0,-0.6476021407793598,0.4484203030742947,-2.1476021407793597,43.94842030307429,20.900409081147465,23.048011221926828,SEA,SEA,WFS_TARGET_SPECIFIC_RESIDUAL
2025_04_BAL_KC,2025,4,2025-09-28,KC,BAL,-2.5,48.5,37.0,20.0,17.0,57.0,0.0,0.0,-2.5,48.5,23.0,25.5,KC,BAL,MARKET
2025_04_BAL_KC,2025,4,2025-09-28,KC,BAL,-2.5,48.5,37.0,20.0,17.0,57.0,0.9102020076549879,1.9533009496933509,-1.589797992345012,50.45330094969335,24.43175147867417,26.02154947101918,KC,BAL,WFS_CORE_IMPACT_RESIDUAL
2025_04_BAL_KC,2025,4,2025-09-28,KC,BAL,-2.5,48.5,37.0,20.0,17.0,57.0,0.6129705842058486,1.7604233568643042,-1.8870294157941514,50.2604233568643,24.186696970535074,26.073726386329227,KC,BAL,WFS_CORE_RESIDUAL
2025_04_BAL_KC,2025,4,2025-09-28,KC,BAL,-2.5,48.5,37.0,20.0,17.0,57.0,0.8049582026931992,2.487321372818716,-1.6950417973068008,50.98732137281871,24.646139787755956,26.341181585062756,KC,BAL,WFS_TARGET_SPECIFIC_COACHING_RESIDUAL
2025_04_BAL_KC,2025,4,2025-09-28,KC,BAL,-2.5,48.5,37.0,20.0,17.0,57.0,0.533506899520319,1.9533009496933509,-1.9664931004796808,50.45330094969335,24.243403924606834,26.209897025086516,KC,BAL,WFS_TARGET_SPECIFIC_RESIDUAL
2025_04_CAR_NE,2025,4,2025-09-28,NE,CAR,5.5,42.5,42.0,13.0,29.0,55.0,0.0,0.0,5.5,42.5,24.0,18.5,NE,NE,MARKET
2025_04_CAR_NE,2025,4,2025-09-28,NE,CAR,5.5,42.5,42.0,13.0,29.0,55.0,3.395959942432624,2.2889841422267354,8.895959942432624,44.78898414222674,26.842472042329682,17.946512099897056,NE,NE,WFS_CORE_IMPACT_RESIDUAL
2025_04_CAR_NE,2025,4,2025-09-28,NE,CAR,5.5,42.5,42.0,13.0,29.0,55.0,0.9144658928170294,1.7673306962751247,6.414465892817029,44.267330696275124,25.340898294546076,18.92643240172905,NE,NE,WFS_CORE_RESIDUAL
2025_04_CAR_NE,2025,4,2025-09-28,NE,CAR,5.5,42.5,42.0,13.0,29.0,55.0,2.900055274713109,2.1062818231756357,8.40005527471311,44.606281823175635,26.503168548944373,18.103113274231262,NE,NE,WFS_TARGET_SPECIFIC_COACHING_RESIDUAL
2025_04_CAR_NE,2025,4,2025-09-28,NE,CAR,5.5,42.5,42.0,13.0,29.0,55.0,3.1296415390246968,2.2889841422267354,8.629641539024696,44.78898414222674,26.709312840625717,18.07967130160102,NE,NE,WFS_TARGET_SPECIFIC_RESIDUAL
2025_04_CHI_LV,2025,4,2025-09-28,LV,CHI,1.5,47.5,24.0,25.0,-1.0,49.0,0.0,0.0,1.5,47.5,24.5,23.0,CHI,LV,MARKET
2025_04_CHI_LV,2025,4,2025-09-28,LV,CHI,1.5,47.5,24.0,25.0,-1.0,49.0,-0.9321661653306451,1.4420399998130116,0.5678338346693549,48.94203999981301,24.754936917241185,24.187103082571827,CHI,LV,WFS_CORE_IMPACT_RESIDUAL
2025_04_CHI_LV,2025,4,2025-09-28,LV,CHI,1.5,47.5,24.0,25.0,-1.0,49.0,-0.4265484475627043,0.3979644012542919,1.0734515524372956,47.89796440125429,24.485707976845795,23.412256424408497,CHI,LV,WFS_CORE_RESIDUAL
2025_04_CHI_LV,2025,4,2025-09-28,LV,CHI,1.5,47.5,24.0,25.0,-1.0,49.0,-2.138192638511214,1.0150274168800648,-0.6381926385112142,48.515027416880066,23.938417389184426,24.57661002769564,CHI,CHI,WFS_TARGET_SPECIFIC_COACHING_RESIDUAL
2025_04_CHI_LV,2025,4,2025-09-28,LV,CHI,1.5,47.5,24.0,25.0,-1.0,49.0,-1.9216961899689502,1.4420399998130116,-0.4216961899689502,48.94203999981301,24.260171904922032,24.68186809489098,CHI,CHI,WFS_TARGET_SPECIFIC_RESIDUAL
2025_04_CLE_DET,2025,4,2025-09-28,DET,CLE,10.0,44.5,34.0,10.0,24.0,44.0,0.0,0.0,10.0,44.5,27.25,17.25,DET,DET,MARKET
2025_04_CLE_DET,2025,4,2025-09-28,DET,CLE,10.0,44.5,34.0,10.0,24.0,44.0,1.256774025722655,2.1494616858060605,11.256774025722654,46.64946168580606,28.953117855764358,17.6963438300417,DET,DET,WFS_CORE_IMPACT_RESIDUAL
2025_04_CLE_DET,2025,4,2025-09-28,DET,CLE,10.0,44.5,34.0,10.0,24.0,44.0,1.4584654434709454,2.749616185827556,11.458465443470946,47.249616185827556,29.354040814649252,17.895575371178303,DET,DET,WFS_CORE_RESIDUAL
2025_04_CLE_DET,2025,4,2025-09-28,DET,CLE,10.0,44.5,34.0,10.0,24.0,44.0,0.5701907185371277,2.679051397880329,10.570190718537127,47.17905139788033,28.874621058208728,18.3044303396716,DET,DET,WFS_TARGET_SPECIFIC_COACHING_RESIDUAL
2025_04_CLE_DET,2025,4,2025-09-28,DET,CLE,10.0,44.5,34.0,10.0,24.0,44.0,0.37871858575078216,2.1494616858060605,10.378718585750782,46.64946168580606,28.51409013577842,18.13537155002764,DET,DET,WFS_TARGET_SPECIFIC_RESIDUAL
2025_04_GB_DAL,2025,4,2025-09-28,DAL,GB,-7.0,47.5,40.0,40.0,0.0,80.0,0.0,0.0,-7.0,47.5,20.25,27.25,TIE,GB,MARKET
2025_04_GB_DAL,2025,4,2025-09-28,DAL,GB,-7.0,47.5,40.0,40.0,0.0,80.0,-0.9378224649098146,0.2542431924719656,-7.937822464909814,47.75424319247197,19.908210363781077,27.84603282869089,TIE,GB,WFS_CORE_IMPACT_RESIDUAL
2025_04_GB_DAL,2025,4,2025-09-28,DAL,GB,-7.0,47.5,40.0,40.0,0.0,80.0,-0.17263240625979168,1.5482109508921282,-7.172632406259791,49.04821095089213,20.937789272316166,28.11042167857596,TIE,GB,WFS_CORE_RESIDUAL
2025_04_GB_DAL,2025,4,2025-09-28,DAL,GB,-7.0,47.5,40.0,40.0,0.0,80.0,-3.990902572042683,0.07234874190797791,-10.990902572042684,47.57234874190798,18.290723084932647,29.281625656975333,TIE,GB,WFS_TARGET_SPECIFIC_COACHING_RESIDUAL
2025_04_GB_DAL,2025,4,2025-09-28,DAL,GB,-7.0,47.5,40.0,40.0,0.0,80.0,-3.5663512212329365,0.2542431924719656,-10.566351221232937,47.75424319247197,18.593945985619516,29.16029720685245,TIE,GB,WFS_TARGET_SPECIFIC_RESIDUAL
2025_04_IND_LA,2025,4,2025-09-28,LA,IND,3.5,49.5,27.0,20.0,7.0,47.0,0.0,0.0,3.5,49.5,26.5,23.0,LA,LA,MARKET
2025_04_IND_LA,2025,4,2025-09-28,LA,IND,3.5,49.5,27.0,20.0,7.0,47.0,2.712759041708395,2.2373394322474818,6.212759041708395,51.73733943224748,28.975049236977938,22.762290195269543,LA,LA,WFS_CORE_IMPACT_RESIDUAL
2025_04_IND_LA,2025,4,2025-09-28,LA,IND,3.5,49.5,27.0,20.0,7.0,47.0,0.9662969574839653,1.6914531600461091,4.466296957483966,51.19145316004611,27.828875058765036,23.362578101281073,LA,LA,WFS_CORE_RESIDUAL
2025_04_IND_LA,2025,4,2025-09-28,LA,IND,3.5,49.5,27.0,20.0,7.0,47.0,2.5722736657725203,2.4920048577666085,6.072273665772521,51.99200485776661,29.032139261769565,22.959865595997044,LA,LA,WFS_TARGET_SPECIFIC_COACHING_RESIDUAL
2025_04_IND_LA,2025,4,2025-09-28,LA,IND,3.5,49.5,27.0,20.0,7.0,47.0,2.4941870482819755,2.2373394322474818,5.994187048281976,51.73733943224748,28.865763240264727,22.871576191982754,LA,LA,WFS_TARGET_SPECIFIC_RESIDUAL
2025_04_JAX_SF,2025,4,2025-09-28,SF,JAX,3.5,45.5,21.0,26.0,-5.0,47.0,0.0,0.0,3.5,45.5,24.5,21.0,JAX,SF,MARKET
2025_04_JAX_SF,2025,4,2025-09-28,SF,JAX,3.5,45.5,21.0,26.0,-5.0,47.0,0.9579912897014458,0.8609252105756544,4.457991289701446,46.36092521057565,25.40945825013855,20.951466960437102,JAX,SF,WFS_CORE_IMPACT_RESIDUAL
2025_04_JAX_SF,2025,4,2025-09-28,SF,JAX,3.5,45.5,21.0,26.0,-5.0,47.0,1.0186090260001002,2.0215418294868495,4.5186090260001,47.52154182948685,26.020075427743475,21.501466401743375,JAX,SF,WFS_CORE_RESIDUAL
2025_04_JAX_SF,2025,4,2025-09-28,SF,JAX,3.5,45.5,21.0,26.0,-5.0,47.0,0.8246557855871103,1.0696407598080204,4.32465578558711,46.56964075980802,25.447148272697564,21.122492487110453,JAX,SF,WFS_TARGET_SPECIFIC_COACHING_RESIDUAL
2025_04_JAX_SF,2025,4,2025-09-28,SF,JAX,3.5,45.5,21.0,26.0,-5.0,47.0,0.4535400916072886,0.8609252105756544,3.9535400916072887,46.36092521057565,25.15723265109147,21.203692559484182,JAX,SF,WFS_TARGET_SPECIFIC_RESIDUAL
2025_04_LAC_NYG,2025,4,2025-09-28,NYG,LAC,-6.0,43.5,21.0,18.0,3.0,39.0,0.0,0.0,-6.0,43.5,18.75,24.75,NYG,LAC,MARKET
2025_04_LAC_NYG,2025,4,2025-09-28,NYG,LAC,-6.0,43.5,21.0,18.0,3.0,39.0,1.5958862108132785,0.8873223647675474,-4.404113789186722,44.38732236476755,19.991604287790413,24.395718076977136,NYG,LAC,WFS_CORE_IMPACT_RESIDUAL
2025_04_LAC_NYG,2025,4,2025-09-28,NYG,LAC,-6.0,43.5,21.0,18.0,3.0,39.0,0.5313920018643108,1.5913868311170383,-5.468607998135689,45.091386831117035,19.811389416490673,25.27999741462636,NYG,LAC,WFS_CORE_RESIDUAL
2025_04_LAC_NYG,2025,4,2025-09-28,NYG,LAC,-6.0,43.5,21.0,18.0,3.0,39.0,-1.424705601789738,0.7003386005316569,-7.4247056017897375,44.20033860053166,18.38781649937096,25.8125221011607,NYG,LAC,WFS_TARGET_SPECIFIC_COACHING_RESIDUAL
2025_04_LAC_NYG,2025,4,2025-09-28,NYG,LAC,-6.0,43.5,21.0,18.0,3.0,39.0,-1.407340893562545,0.8873223647675474,-7.407340893562545,44.38732236476755,18.4899907356025,25.89733162916505,NYG,LAC,WFS_TARGET_SPECIFIC_RESIDUAL
2025_04_MIN_PIT,2025,4,2025-09-28,PIT,MIN,-2.5,41.5,24.0,21.0,3.0,45.0,0.0,0.0,-2.5,41.5,19.5,22.0,PIT,MIN,MARKET
2025_04_MIN_PIT,2025,4,2025-09-28,PIT,MIN,-2.5,41.5,24.0,21.0,3.0,45.0,2.489304014006713,1.8352036472584647,-0.010695985993287138,43.33520364725847,21.66225383063259,21.672949816625877,PIT,MIN,WFS_CORE_IMPACT_RESIDUAL
2025_04_MIN_PIT,2025,4,2025-09-28,PIT,MIN,-2.5,41.5,24.0,21.0,3.0,45.0,-0.10515477354445849,0.9080285826495603,-2.6051547735444585,42.40802858264956,19.90143690455255,22.506591678097006,PIT,MIN,WFS_CORE_RESIDUAL
2025_04_MIN_PIT,2025,4,2025-09-28,PIT,MIN,-2.5,41.5,24.0,21.0,3.0,45.0,2.4468520253926096,2.220283316942624,-0.0531479746073904,43.72028331694263,21.833567671167618,21.88671564577501,PIT,MIN,WFS_TARGET_SPECIFIC_COACHING_RESIDUAL
2025_04_MIN_PIT,2025,4,2025-09-28,PIT,MIN,-2.5,41.5,24.0,21.0,3.0,45.0,2.348159569342272,1.8352036472584647,-0.15184043065772812,43.33520364725847,21.59168160830037,21.743522038958098,PIT,MIN,WFS_TARGET_SPECIFIC_RESIDUAL
2025_04_NO_BUF,2025,4,2025-09-28,BUF,NO,15.5,48.5,31.0,19.0,12.0,50.0,0.0,0.0,15.5,48.5,32.0,16.5,BUF,BUF,MARKET
2025_04_NO_BUF,2025,4,2025-09-28,BUF,NO,15.5,48.5,31.0,19.0,12.0,50.0,0.29950131253098666,2.8606488863463815,15.799501312530987,51.36064888634638,33.58007509943869,17.7805737869077,BUF,BUF,WFS_CORE_IMPACT_RESIDUAL
2025_04_NO_BUF,2025,4,2025-09-28,BUF,NO,15.5,48.5,31.0,19.0,12.0,50.0,1.1668974760615776,2.819036924416703,16.66689747606158,51.3190369244167,33.992967200239136,17.32606972417756,BUF,BUF,WFS_CORE_RESIDUAL
2025_04_NO_BUF,2025,4,2025-09-28,BUF,NO,15.5,48.5,31.0,19.0,12.0,50.0,0.4815656702566929,3.3150274304910274,15.981565670256693,51.81502743049103,33.89829655037386,17.916730880117168,BUF,BUF,WFS_TARGET_SPECIFIC_COACHING_RESIDUAL
2025_04_NO_BUF,2025,4,2025-09-28,BUF,NO,15.5,48.5,31.0,19.0,12.0,50.0,0.14454921541002488,2.8606488863463815,15.644549215410025,51.36064888634638,33.5025990508782,17.85804983546818,BUF,BUF,WFS_TARGET_SPECIFIC_RESIDUAL
2025_04_PHI_TB,2025,4,2025-09-28,TB,PHI,-3.5,44.5,25.0,31.0,-6.0,56.0,0.0,0.0,-3.5,44.5,20.5,24.0,PHI,PHI,MARKET
2025_04_PHI_TB,2025,4,2025-09-28,TB,PHI,-3.5,44.5,25.0,31.0,-6.0,56.0,1.2836664320730033,0.6690162452082017,-2.2163335679269967,45.169016245208205,21.476341338640605,23.6926749065676,PHI,PHI,WFS_CORE_IMPACT_RESIDUAL
2025_04_PHI_TB,2025,4,2025-09-28,TB,PHI,-3.5,44.5,25.0,31.0,-6.0,56.0,1.9505342804137675,1.6261772928884763,-1.5494657195862325,46.12617729288848,22.288355786651124,23.837821506237354,PHI,PHI,WFS_CORE_RESIDUAL
2025_04_PHI_TB,2025,4,2025-09-28,TB,PHI,-3.5,44.5,25.0,31.0,-6.0,56.0,-0.15719144348763997,1.009959883480516,-3.65719144348764,45.50995988348052,20.92638421999644,24.58357566348408,PHI,PHI,WFS_TARGET_SPECIFIC_COACHING_RESIDUAL
2025_04_PHI_TB,2025,4,2025-09-28,TB,PHI,-3.5,44.5,25.0,31.0,-6.0,56.0,-0.16501789093466293,0.6690162452082017,-3.665017890934663,45.169016245208205,20.75199917713677,24.417017068071434,PHI,PHI,WFS_TARGET_SPECIFIC_RESIDUAL
2025_04_TEN_HOU,2025,4,2025-09-28,HOU,TEN,7.5,39.5,26.0,0.0,26.0,26.0,0.0,0.0,7.5,39.5,23.5,16.0,HOU,HOU,MARKET
2025_04_TEN_HOU,2025,4,2025-09-28,HOU,TEN,7.5,39.5,26.0,0.0,26.0,26.0,0.5037507765606186,1.6118646700305834,8.003750776560619,41.111864670030585,24.557807723295603,16.55405694673498,HOU,HOU,WFS_CORE_IMPACT_RESIDUAL
2025_04_TEN_HOU,2025,4,2025-09-28,HOU,TEN,7.5,39.5,26.0,0.0,26.0,26.0,0.76664496294858,1.8428240012674457,8.26664496294858,41.342824001267445,24.804734482108014,16.53808951915943,HOU,HOU,WFS_CORE_RESIDUAL
2025_04_TEN_HOU,2025,4,2025-09-28,HOU,TEN,7.5,39.5,26.0,0.0,26.0,26.0,0.5716577138311598,1.9540684000671713,8.07165771383116,41.45406840006717,24.762863056949165,16.691205343118007,HOU,HOU,WFS_TARGET_SPECIFIC_COACHING_RESIDUAL
2025_04_TEN_HOU,2025,4,2025-09-28,HOU,TEN,7.5,39.5,26.0,0.0,26.0,26.0,0.3396580611625349,1.6118646700305834,7.839658061162535,41.111864670030585,24.47576136559656,16.636103304434023,HOU,HOU,WFS_TARGET_SPECIFIC_RESIDUAL
2025_04_WAS_ATL,2025,4,2025-09-28,ATL,WAS,2.5,43.5,34.0,27.0,7.0,61.0,0.0,0.0,2.5,43.5,23.0,20.5,ATL,ATL,MARKET
2025_04_WAS_ATL,2025,4,2025-09-28,ATL,WAS,2.5,43.5,34.0,27.0,7.0,61.0,5.1568573078976225,2.1286851062360506,7.6568573078976225,45.62868510623605,26.642771207066836,18.985913899169212,ATL,ATL,WFS_CORE_IMPACT_RESIDUAL
2025_04_WAS_ATL,2025,4,2025-09-28,ATL,WAS,2.5,43.5,34.0,27.0,7.0,61.0,0.620306901156639,1.3811789066373275,3.120306901156639,44.88117890663733,24.000742903896985,20.880436002740346,ATL,ATL,WFS_CORE_RESIDUAL
2025_04_WAS_ATL,2025,4,2025-09-28,ATL,WAS,2.5,43.5,34.0,27.0,7.0,61.0,4.627255377980544,1.9480521339699357,7.127255377980544,45.44805213396994,26.287653755975242,19.160398377994696,ATL,ATL,WFS_TARGET_SPECIFIC_COACHING_RESIDUAL
2025_04_WAS_ATL,2025,4,2025-09-28,ATL,WAS,2.5,43.5,34.0,27.0,7.0,61.0,4.7981396128891785,2.1286851062360506,7.2981396128891785,45.62868510623605,26.463412359562614,19.165272746673434,ATL,ATL,WFS_TARGET_SPECIFIC_RESIDUAL
2025_04_CIN_DEN,2025,4,2025-09-29,DEN,CIN,7.5,44.5,28.0,3.0,25.0,31.0,0.0,0.0,7.5,44.5,26.0,18.5,DEN,DEN,MARKET
2025_04_CIN_DEN,2025,4,2025-09-29,DEN,CIN,7.5,44.5,28.0,3.0,25.0,31.0,1.3574308013308147,0.9181634983770209,8.857430801330814,45.41816349837702,27.137797149853917,18.280366348523103,DEN,DEN,WFS_CORE_IMPACT_RESIDUAL
2025_04_CIN_DEN,2025,4,2025-09-29,DEN,CIN,7.5,44.5,28.0,3.0,25.0,31.0,0.8880804769255987,1.2736163097691533,8.388080476925598,45.77361630976915,27.080848393347374,18.69276791642178,DEN,DEN,WFS_CORE_RESIDUAL
2025_04_CIN_DEN,2025,4,2025-09-29,DEN,CIN,7.5,44.5,28.0,3.0,25.0,31.0,1.0943495376659853,1.0827198436145913,8.594349537665986,45.58271984361459,27.088534690640287,18.494185152974303,DEN,DEN,WFS_TARGET_SPECIFIC_COACHING_RESIDUAL
2025_04_CIN_DEN,2025,4,2025-09-29,DEN,CIN,7.5,44.5,28.0,3.0,25.0,31.0,1.029910279478729,0.9181634983770209,8.52991027947873,45.41816349837702,26.974036888927873,18.444126609449146,DEN,DEN,WFS_TARGET_SPECIFIC_RESIDUAL
2025_04_NYJ_MIA,2025,4,2025-09-29,MIA,NYJ,2.5,44.5,27.0,21.0,6.0,48.0,0.0,0.0,2.5,44.5,23.5,21.0,MIA,MIA,MARKET
2025_04_NYJ_MIA,2025,4,2025-09-29,MIA,NYJ,2.5,44.5,27.0,21.0,6.0,48.0,-1.3894099415238874,1.2799966716334457,1.1105900584761126,45.77999667163345,23.44529336505478,22.334703306578668,MIA,MIA,WFS_CORE_IMPACT_RESIDUAL
2025_04_NYJ_MIA,2025,4,2025-09-29,MIA,NYJ,2.5,44.5,27.0,21.0,6.0,48.0,-0.9706414088139975,0.3035754188713536,1.5293585911860026,44.803575418871354,23.16646700502868,21.637108413842675,MIA,MIA,WFS_CORE_RESIDUAL
2025_04_NYJ_MIA,2025,4,2025-09-29,MIA,NYJ,2.5,44.5,27.0,21.0,6.0,48.0,-1.36289454794515,1.468862751866269,1.13710545205485,45.96886275186627,23.552984101960558,22.41587864990571,MIA,MIA,WFS_TARGET_SPECIFIC_COACHING_RESIDUAL
2025_04_NYJ_MIA,2025,4,2025-09-29,MIA,NYJ,2.5,44.5,27.0,21.0,6.0,48.0,-1.5612947992857718,1.2799966716334457,0.9387052007142282,45.77999667163345,23.35935093617384,22.42064573545961,MIA,MIA,WFS_TARGET_SPECIFIC_RESIDUAL
2025_05_SF_LA,2025,5,2025-10-02,LA,SF,8.5,43.5,23.0,26.0,-3.0,49.0,0.0,0.0,8.5,43.5,26.0,17.5,SF,LA,MARKET
2025_05_SF_LA,2025,5,2025-10-02,LA,SF,8.5,43.5,23.0,26.0,-3.0,49.0,7.022322773295276,3.923117233420989,15.522322773295276,47.42311723342099,31.472720003358134,15.950397230062856,SF,LA,WFS_CORE_IMPACT_RESIDUAL
2025_05_SF_LA,2025,5,2025-10-02,LA,SF,8.5,43.5,23.0,26.0,-3.0,49.0,1.6914707017020665,2.3154652905009376,10.191470701702066,45.81546529050094,28.003467996101502,17.811997294399436,SF,LA,WFS_CORE_RESIDUAL
2025_05_SF_LA,2025,5,2025-10-02,LA,SF,8.5,43.5,23.0,26.0,-3.0,49.0,6.632865820670751,4.139759228972012,15.132865820670752,47.63975922897201,31.38631252482138,16.25344670415063,SF,LA,WFS_TARGET_SPECIFIC_COACHING_RESIDUAL
2025_05_SF_LA,2025,5,2025-10-02,LA,SF,8.5,43.5,23.0,26.0,-3.0,49.0,6.524847499462771,3.923117233420989,15.024847499462771,47.42311723342099,31.22398236644188,16.199134866979108,SF,LA,WFS_TARGET_SPECIFIC_RESIDUAL
2025_05_DAL_NYJ,2025,5,2025-10-05,NYJ,DAL,1.5,48.5,22.0,37.0,-15.0,59.0,0.0,0.0,1.5,48.5,25.0,23.5,DAL,NYJ,MARKET
2025_05_DAL_NYJ,2025,5,2025-10-05,NYJ,DAL,1.5,48.5,22.0,37.0,-15.0,59.0,3.296420790466079,1.5796666293850117,4.79642079046608,50.07966662938501,27.438043709925545,22.641622919459465,DAL,NYJ,WFS_CORE_IMPACT_RESIDUAL
2025_05_DAL_NYJ,2025,5,2025-10-05,NYJ,DAL,1.5,48.5,22.0,37.0,-15.0,59.0,-0.3164219772500291,0.6762722514259437,1.183578022749971,49.17627225142594,25.179925137087956,23.996347114337986,DAL,NYJ,WFS_CORE_RESIDUAL
2025_05_DAL_NYJ,2025,5,2025-10-05,NYJ,DAL,1.5,48.5,22.0,37.0,-15.0,59.0,4.582678576170285,0.8852375229963216,6.082678576170285,49.38523752299632,27.733958049583304,21.651279473413016,DAL,NYJ,WFS_TARGET_SPECIFIC_COACHING_RESIDUAL
2025_05_DAL_NYJ,2025,5,2025-10-05,NYJ,DAL,1.5,48.5,22.0,37.0,-15.0,59.0,4.8264317374243175,1.5796666293850117,6.3264317374243175,50.07966662938501,28.203049183404662,21.876617445980347,DAL,NYJ,WFS_TARGET_SPECIFIC_RESIDUAL
2025_05_DEN_PHI,2025,5,2025-10-05,PHI,DEN,3.5,44.5,17.0,21.0,-4.0,38.0,0.0,0.0,3.5,44.5,24.0,20.5,DEN,PHI,MARKET
2025_05_DEN_PHI,2025,5,2025-10-05,PHI,DEN,3.5,44.5,17.0,21.0,-4.0,38.0,1.7355458887799533,2.3794516889836115,5.235545888779953,46.879451688983615,26.057498788881784,20.82195290010183,DEN,PHI,WFS_CORE_IMPACT_RESIDUAL
2025_05_DEN_PHI,2025,5,2025-10-05,PHI,DEN,3.5,44.5,17.0,21.0,-4.0,38.0,1.7235279160694967,3.013194140289211,5.2235279160694965,47.51319414028921,26.36836102817935,21.144833112109858,DEN,PHI,WFS_CORE_RESIDUAL
2025_05_DEN_PHI,2025,5,2025-10-05,PHI,DEN,3.5,44.5,17.0,21.0,-4.0,38.0,1.7878955459409724,2.9395330452491693,5.287895545940972,47.43953304524917,26.36371429559507,21.0758187496541,DEN,PHI,WFS_TARGET_SPECIFIC_COACHING_RESIDUAL
2025_05_DEN_PHI,2025,5,2025-10-05,PHI,DEN,3.5,44.5,17.0,21.0,-4.0,38.0,1.6040173739995733,2.3794516889836115,5.104017373999573,46.879451688983615,25.991734531491595,20.88771715749202,DEN,PHI,WFS_TARGET_SPECIFIC_RESIDUAL
2025_05_DET_CIN,2025,5,2025-10-05,CIN,DET,-10.5,49.5,24.0,37.0,-13.0,61.0,0.0,0.0,-10.5,49.5,19.5,30.0,DET,DET,MARKET
2025_05_DET_CIN,2025,5,2025-10-05,CIN,DET,-10.5,49.5,24.0,37.0,-13.0,61.0,-1.2647253186399408,1.2064361934673513,-11.764725318639941,50.706436193467354,19.470855437413707,31.235580756053647,DET,DET,WFS_CORE_IMPACT_RESIDUAL
2025_05_DET_CIN,2025,5,2025-10-05,CIN,DET,-10.5,49.5,24.0,37.0,-13.0,61.0,-1.0064855511331148,0.621037486018597,-11.506485551133114,50.121037486018594,19.30727596744274,30.813761518575852,DET,DET,WFS_CORE_RESIDUAL
2025_05_DET_CIN,2025,5,2025-10-05,CIN,DET,-10.5,49.5,24.0,37.0,-13.0,61.0,-1.4334854652849747,1.4827707725784947,-11.933485465284974,50.9827707725785,19.52464265364676,31.458128118931736,DET,DET,WFS_TARGET_SPECIFIC_COACHING_RESIDUAL
2025_05_DET_CIN,2025,5,2025-10-05,CIN,DET,-10.5,49.5,24.0,37.0,-13.0,61.0,-1.42688263745545,1.2064361934673513,-11.92688263745545,50.706436193467354,19.389776778005952,31.3166594154614,DET,DET,WFS_TARGET_SPECIFIC_RESIDUAL
2025_05_HOU_BAL,2025,5,2025-10-05,BAL,HOU,-2.5,41.5,10.0,44.0,-34.0,54.0,0.0,0.0,-2.5,41.5,19.5,22.0,HOU,HOU,MARKET
2025_05_HOU_BAL,2025,5,2025-10-05,BAL,HOU,-2.5,41.5,10.0,44.0,-34.0,54.0,-0.4589336601987482,3.0695626607397006,-2.958933660198748,44.5695626607397,20.805314500270477,23.764248160469222,HOU,HOU,WFS_CORE_IMPACT_RESIDUAL
2025_05_HOU_BAL,2025,5,2025-10-05,BAL,HOU,-2.5,41.5,10.0,44.0,-34.0,54.0,0.7491672241145466,2.695330969442729,-1.7508327758854534,44.19533096944273,21.222249096778636,22.973081872664093,HOU,HOU,WFS_CORE_RESIDUAL
2025_05_HOU_BAL,2025,5,2025-10-05,BAL,HOU,-2.5,41.5,10.0,44.0,-34.0,54.0,-1.126092440789755,3.690583985450971,-3.626092440789755,45.19058398545097,20.782245772330608,24.408338213120363,HOU,HOU,WFS_TARGET_SPECIFIC_COACHING_RESIDUAL
2025_05_HOU_BAL,2025,5,2025-10-05,BAL,HOU,-2.5,41.5,10.0,44.0,-34.0,54.0,-1.328132066827841,3.0695626607397006,-3.828132066827841,44.5695626607397,20.37071529695593,24.19884736378377,HOU,HOU,WFS_TARGET_SPECIFIC_RESIDUAL
2025_05_LV_IND,2025,5,2025-10-05,IND,LV,7.0,46.5,40.0,6.0,34.0,46.0,0.0,0.0,7.0,46.5,26.75,19.75,IND,IND,MARKET
2025_05_LV_IND,2025,5,2025-10-05,IND,LV,7.0,46.5,40.0,6.0,34.0,46.0,-0.24854148713690344,0.9151745596348422,6.751458512863096,47.41517455963484,27.08331653624897,20.331858023385873,IND,IND,WFS_CORE_IMPACT_RESIDUAL
2025_05_LV_IND,2025,5,2025-10-05,IND,LV,7.0,46.5,40.0,6.0,34.0,46.0,0.9875423147483718,1.8436135210059963,7.987542314748372,48.343613521006,28.165577917877187,20.178035603128812,IND,IND,WFS_CORE_RESIDUAL
2025_05_LV_IND,2025,5,2025-10-05,IND,LV,7.0,46.5,40.0,6.0,34.0,46.0,0.7156568990412892,1.0338773729544823,7.7156568990412895,47.533877372954485,27.62476713599789,19.909110236956597,IND,IND,WFS_TARGET_SPECIFIC_COACHING_RESIDUAL
2025_05_LV_IND,2025,5,2025-10-05,IND,LV,7.0,46.5,40.0,6.0,34.0,46.0,0.596050270334885,0.9151745596348422,7.596050270334885,47.41517455963484,27.505612414984864,19.90956214464998,IND,IND,WFS_TARGET_SPECIFIC_RESIDUAL
2025_05_MIA_CAR,2025,5,2025-10-05,CAR,MIA,-1.5,44.5,27.0,24.0,3.0,51.0,0.0,0.0,-1.5,44.5,21.5,23.0,CAR,MIA,MARKET
2025_05_MIA_CAR,2025,5,2025-10-05,CAR,MIA,-1.5,44.5,27.0,24.0,3.0,51.0,-1.0774167663158345,1.57157962035902,-2.5774167663158343,46.07157962035902,21.74708142702159,24.324498193337426,CAR,MIA,WFS_CORE_IMPACT_RESIDUAL
2025_05_MIA_CAR,2025,5,2025-10-05,CAR,MIA,-1.5,44.5,27.0,24.0,3.0,51.0,-0.21386252062476596,1.0301476821000903,-1.713862520624766,45.53014768210009,21.908142580737664,23.62200510136243,CAR,MIA,WFS_CORE_RESIDUAL
2025_05_MIA_CAR,2025,5,2025-10-05,CAR,MIA,-1.5,44.5,27.0,24.0,3.0,51.0,-2.735583587575614,1.3612079984659466,-4.235583587575614,45.86120799846594,20.812812205445166,25.048395793020777,CAR,MIA,WFS_TARGET_SPECIFIC_COACHING_RESIDUAL
2025_05_MIA_CAR,2025,5,2025-10-05,CAR,MIA,-1.5,44.5,27.0,24.0,3.0,51.0,-2.435883655324638,1.57157962035902,-3.935883655324638,46.07157962035902,21.06784798251719,25.003731637841828,CAR,MIA,WFS_TARGET_SPECIFIC_RESIDUAL
2025_05_MIN_CLE,2025,5,2025-10-05,CLE,MIN,-3.5,35.5,17.0,21.0,-4.0,38.0,0.0,0.0,-3.5,35.5,16.0,19.5,MIN,MIN,MARKET
2025_05_MIN_CLE,2025,5,2025-10-05,CLE,MIN,-3.5,35.5,17.0,21.0,-4.0,38.0,3.2260935443724246,2.2687249196283816,-0.27390645562757543,37.76872491962838,18.747409232000404,19.02131568762798,MIN,MIN,WFS_CORE_IMPACT_RESIDUAL
2025_05_MIN_CLE,2025,5,2025-10-05,CLE,MIN,-3.5,35.5,17.0,21.0,-4.0,38.0,-0.07913304376421759,0.8772367828646332,-3.5791330437642177,36.377236782864635,16.39905186955021,19.978184913314426,MIN,MIN,WFS_CORE_RESIDUAL
2025_05_MIN_CLE,2025,5,2025-10-05,CLE,MIN,-3.5,35.5,17.0,21.0,-4.0,38.0,3.249981231194082,2.4172395115824226,-0.2500187688059179,37.91723951158242,18.833610371388254,19.08362914019417,MIN,MIN,WFS_TARGET_SPECIFIC_COACHING_RESIDUAL
2025_05_MIN_CLE,2025,5,2025-10-05,CLE,MIN,-3.5,35.5,17.0,21.0,-4.0,38.0,3.229319606968624,2.2687249196283816,-0.2706803930313759,37.76872491962838,18.749022263298503,19.01970265632988,MIN,MIN,WFS_TARGET_SPECIFIC_RESIDUAL
2025_05_NE_BUF,2025,5,2025-10-05,BUF,NE,7.5,49.5,20.0,23.0,-3.0,43.0,0.0,0.0,7.5,49.5,28.5,21.0,NE,BUF,MARKET
2025_05_NE_BUF,2025,5,2025-10-05,BUF,NE,7.5,49.5,20.0,23.0,-3.0,43.0,0.6067084527423727,2.730730058249464,8.106708452742373,52.23073005824946,30.16871925549592,22.062010802753544,NE,BUF,WFS_CORE_IMPACT_RESIDUAL
2025_05_NE_BUF,2025,5,2025-10-05,BUF,NE,7.5,49.5,20.0,23.0,-3.0,43.0,1.3448872023512697,2.678035690357421,8.84488720235127,52.17803569035742,30.511461446354346,21.666574244003073,NE,BUF,WFS_CORE_RESIDUAL
2025_05_NE_BUF,2025,5,2025-10-05,BUF,NE,7.5,49.5,20.0,23.0,-3.0,43.0,0.9210070745784441,2.9968644900244135,8.421007074578444,52.496864490024414,30.45893578230143,22.037928707722983,NE,BUF,WFS_TARGET_SPECIFIC_COACHING_RESIDUAL
2025_05_NE_BUF,2025,5,2025-10-05,BUF,NE,7.5,49.5,20.0,23.0,-3.0,43.0,0.5339875763904263,2.730730058249464,8.033987576390427,52.23073005824946,30.132358817319947,22.098371240929517,NE,BUF,WFS_TARGET_SPECIFIC_RESIDUAL
2025_05_NYG_NO,2025,5,2025-10-05,NO,NYG,1.5,41.5,26.0,14.0,12.0,40.0,0.0,0.0,1.5,41.5,21.5,20.0,NO,NO,MARKET
2025_05_NYG_NO,2025,5,2025-10-05,NO,NYG,1.5,41.5,26.0,14.0,12.0,40.0,-1.3745084946635222,-0.7238059109004773,0.1254915053364778,40.77619408909952,20.450842797217998,20.32535129188152,NO,NO,WFS_CORE_IMPACT_RESIDUAL
2025_05_NYG_NO,2025,5,2025-10-05,NO,NYG,1.5,41.5,26.0,14.0,12.0,40.0,-0.03679765163682677,-0.08271727137824966,1.4632023483631733,41.41728272862175,21.440242538492463,19.977040190129287,NO,NO,WFS_CORE_RESIDUAL
2025_05_NYG_NO,2025,5,2025-10-05,NO,NYG,1.5,41.5,26.0,14.0,12.0,40.0,-1.7896521837544144,-1.0476140153376474,-0.28965218375441437,40.45238598466235,20.08136690045397,20.37101908420838,NO,NYG,WFS_TARGET_SPECIFIC_COACHING_RESIDUAL
2025_05_NYG_NO,2025,5,2025-10-05,NO,NYG,1.5,41.5,26.0,14.0,12.0,40.0,-1.4120489058041963,-0.7238059109004773,0.08795109419580371,40.77619408909952,20.43207259164766,20.34412149745186,NO,NO,WFS_TARGET_SPECIFIC_RESIDUAL
2025_05_TB_SEA,2025,5,2025-10-05,SEA,TB,3.5,44.5,35.0,38.0,-3.0,73.0,0.0,0.0,3.5,44.5,24.0,20.5,TB,SEA,MARKET
2025_05_TB_SEA,2025,5,2025-10-05,SEA,TB,3.5,44.5,35.0,38.0,-3.0,73.0,4.255691422707811,4.333696642353614,7.755691422707811,48.833696642353615,28.294694032530714,20.5390026098229,TB,SEA,WFS_CORE_IMPACT_RESIDUAL
2025_05_TB_SEA,2025,5,2025-10-05,SEA,TB,3.5,44.5,35.0,38.0,-3.0,73.0,1.7228970978910547,1.9456042094463615,5.222897097891055,46.44560420944636,25.834250653668708,20.61135355577765,TB,SEA,WFS_CORE_RESIDUAL
2025_05_TB_SEA,2025,5,2025-10-05,SEA,TB,3.5,44.5,35.0,38.0,-3.0,73.0,3.9328739292012056,4.413102284885963,7.432873929201206,48.913102284885966,28.172988107043587,20.74011417784238,TB,SEA,WFS_TARGET_SPECIFIC_COACHING_RESIDUAL
2025_05_TB_SEA,2025,5,2025-10-05,SEA,TB,3.5,44.5,35.0,38.0,-3.0,73.0,4.09393313806519,4.333696642353614,7.59393313806519,48.833696642353615,28.213814890209402,20.619881752144213,TB,SEA,WFS_TARGET_SPECIFIC_RESIDUAL
2025_05_TEN_ARI,2025,5,2025-10-05,ARI,TEN,7.5,41.5,21.0,22.0,-1.0,43.0,0.0,0.0,7.5,41.5,24.5,17.0,TEN,ARI,MARKET
2025_05_TEN_ARI,2025,5,2025-10-05,ARI,TEN,7.5,41.5,21.0,22.0,-1.0,43.0,1.0906943652049674,1.431026037875538,8.590694365204968,42.93102603787554,25.760860201540254,17.170165836335286,TEN,ARI,WFS_CORE_IMPACT_RESIDUAL
2025_05_TEN_ARI,2025,5,2025-10-05,ARI,TEN,7.5,41.5,21.0,22.0,-1.0,43.0,0.8891045274651481,1.5128986271797702,8.389104527465149,43.01289862717977,25.70100157732246,17.31189704985731,TEN,ARI,WFS_CORE_RESIDUAL
2025_05_TEN_ARI,2025,5,2025-10-05,ARI,TEN,7.5,41.5,21.0,22.0,-1.0,43.0,1.0330601463800257,1.463392673895711,8.533060146380025,42.96339267389571,25.748226410137868,17.215166263757844,TEN,ARI,WFS_TARGET_SPECIFIC_COACHING_RESIDUAL
2025_05_TEN_ARI,2025,5,2025-10-05,ARI,TEN,7.5,41.5,21.0,22.0,-1.0,43.0,0.9580699189744153,1.431026037875538,8.458069918974415,42.93102603787554,25.69454797842498,17.23647805945056,TEN,ARI,WFS_TARGET_SPECIFIC_RESIDUAL
2025_05_WAS_LAC,2025,5,2025-10-05,LAC,WAS,2.5,47.5,10.0,27.0,-17.0,37.0,0.0,0.0,2.5,47.5,25.0,22.5,WAS,LAC,MARKET
2025_05_WAS_LAC,2025,5,2025-10-05,LAC,WAS,2.5,47.5,10.0,27.0,-17.0,37.0,2.0112048250515473,1.1902898529346526,4.511204825051547,48.690289852934654,26.600747338993102,22.089542513941552,WAS,LAC,WFS_CORE_IMPACT_RESIDUAL
2025_05_WAS_LAC,2025,5,2025-10-05,LAC,WAS,2.5,47.5,10.0,27.0,-17.0,37.0,-0.08175707541331576,1.4814732472554528,2.4182429245866843,48.98147324725545,25.69985808592107,23.281615161334383,WAS,LAC,WFS_CORE_RESIDUAL
2025_05_WAS_LAC,2025,5,2025-10-05,LAC,WAS,2.5,47.5,10.0,27.0,-17.0,37.0,1.6297964865416932,1.2557617380293773,4.129796486541693,48.75576173802938,26.442779112285535,22.312982625743842,WAS,LAC,WFS_TARGET_SPECIFIC_COACHING_RESIDUAL
2025_05_WAS_LAC,2025,5,2025-10-05,LAC,WAS,2.5,47.5,10.0,27.0,-17.0,37.0,1.6159205744696796,1.1902898529346526,4.11592057446968,48.690289852934654,26.40310521370217,22.287184639232485,WAS,LAC,WFS_TARGET_SPECIFIC_RESIDUAL
2025_05_KC_JAX,2025,5,2025-10-06,JAX,KC,-3.5,45.5,31.0,28.0,3.0,59.0,0.0,0.0,-3.5,45.5,21.0,24.5,JAX,KC,MARKET
2025_05_KC_JAX,2025,5,2025-10-06,JAX,KC,-3.5,45.5,31.0,28.0,3.0,59.0,0.7619424079800199,1.9042556769344205,-2.73805759201998,47.40425567693442,22.33309904245722,25.071156634477198,JAX,KC,WFS_CORE_IMPACT_RESIDUAL
2025_05_KC_JAX,2025,5,2025-10-06,JAX,KC,-3.5,45.5,31.0,28.0,3.0,59.0,1.066275061450267,2.6068502823943307,-2.433724938549733,48.10685028239433,22.8365626719223,25.27028761047203,JAX,KC,WFS_CORE_RESIDUAL
2025_05_KC_JAX,2025,5,2025-10-06,JAX,KC,-3.5,45.5,31.0,28.0,3.0,59.0,0.18041241332542426,2.131103440006254,-3.319587586674576,47.63110344000626,22.155757926665842,25.475345513340415,JAX,KC,WFS_TARGET_SPECIFIC_COACHING_RESIDUAL
2025_05_KC_JAX,2025,5,2025-10-06,JAX,KC,-3.5,45.5,31.0,28.0,3.0,59.0,0.5475003628602626,1.9042556769344205,-2.9524996371397374,47.40425567693442,22.22587801989734,25.17837765703708,JAX,KC,WFS_TARGET_SPECIFIC_RESIDUAL
2025_06_PHI_NYG,2025,6,2025-10-09,NYG,PHI,-7.0,40.5,34.0,17.0,17.0,51.0,0.0,0.0,-7.0,40.5,16.75,23.75,NYG,PHI,MARKET
2025_06_PHI_NYG,2025,6,2025-10-09,NYG,PHI,-7.0,40.5,34.0,17.0,17.0,51.0,1.2823244737333142,0.1281731115900634,-5.717675526266686,40.628173111590066,17.45524879266169,23.172924318928377,NYG,PHI,WFS_CORE_IMPACT_RESIDUAL
2025_06_PHI_NYG,2025,6,2025-10-09,NYG,PHI,-7.0,40.5,34.0,17.0,17.0,51.0,1.5105244067615553,0.9737747135362314,-5.489475593238445,41.47377471353623,17.992149560148892,23.481625153387338,NYG,PHI,WFS_CORE_RESIDUAL
2025_06_PHI_NYG,2025,6,2025-10-09,NYG,PHI,-7.0,40.5,34.0,17.0,17.0,51.0,-0.4716503744685225,0.00842540849616115,-7.471650374468522,40.50842540849616,16.518387517013817,23.99003789148234,NYG,PHI,WFS_TARGET_SPECIFIC_COACHING_RESIDUAL
2025_06_PHI_NYG,2025,6,2025-10-09,NYG,PHI,-7.0,40.5,34.0,17.0,17.0,51.0,-0.28674425458653763,0.1281731115900634,-7.286744254586537,40.628173111590066,16.670714428501764,23.9574586830883,NYG,PHI,WFS_TARGET_SPECIFIC_RESIDUAL
2025_06_ARI_IND,2025,6,2025-10-12,IND,ARI,8.5,46.5,31.0,27.0,4.0,58.0,0.0,0.0,8.5,46.5,27.5,19.0,IND,IND,MARKET
2025_06_ARI_IND,2025,6,2025-10-12,IND,ARI,8.5,46.5,31.0,27.0,4.0,58.0,1.0353468471384155,2.5766060722484245,9.535346847138415,49.076606072248424,29.30597645969342,19.770629612555005,IND,IND,WFS_CORE_IMPACT_RESIDUAL
2025_06_ARI_IND,2025,6,2025-10-12,IND,ARI,8.5,46.5,31.0,27.0,4.0,58.0,1.6700589069703005,2.9165369719118015,10.1700589069703,49.4165369719118,29.793297939441054,19.62323903247075,IND,IND,WFS_CORE_RESIDUAL
2025_06_ARI_IND,2025,6,2025-10-12,IND,ARI,8.5,46.5,31.0,27.0,4.0,58.0,1.7503807013203156,2.711725247065858,10.250380701320315,49.21172524706586,29.731052974193087,19.48067227287277,IND,IND,WFS_TARGET_SPECIFIC_COACHING_RESIDUAL
2025_06_ARI_IND,2025,6,2025-10-12,IND,ARI,8.5,46.5,31.0,27.0,4.0,58.0,1.7030659660916034,2.5766060722484245,10.203065966091604,49.076606072248424,29.639836019170012,19.436770053078412,IND,IND,WFS_TARGET_SPECIFIC_RESIDUAL
2025_06_CIN_GB,2025,6,2025-10-12,GB,CIN,14.0,44.5,27.0,18.0,9.0,45.0,0.0,0.0,14.0,44.5,29.25,15.25,GB,GB,MARKET
2025_06_CIN_GB,2025,6,2025-10-12,GB,CIN,14.0,44.5,27.0,18.0,9.0,45.0,0.6718526035673005,-0.3268125826547571,14.6718526035673,44.17318741734524,29.42252001045627,14.750667406888969,GB,GB,WFS_CORE_IMPACT_RESIDUAL
2025_06_CIN_GB,2025,6,2025-10-12,GB,CIN,14.0,44.5,27.0,18.0,9.0,45.0,1.1556595152867626,0.70142165207461,15.155659515286763,45.20142165207461,30.178540583680686,15.022881068393922,GB,GB,WFS_CORE_RESIDUAL
2025_06_CIN_GB,2025,6,2025-10-12,GB,CIN,14.0,44.5,27.0,18.0,9.0,45.0,0.4195051033194266,-0.08856300085040322,14.419505103319427,44.41143699914959,29.415471051234512,14.995965947915083,GB,GB,WFS_TARGET_SPECIFIC_COACHING_RESIDUAL
2025_06_CIN_GB,2025,6,2025-10-12,GB,CIN,14.0,44.5,27.0,18.0,9.0,45.0,0.2784361483451244,-0.3268125826547571,14.278436148345124,44.17318741734524,29.22581178284518,14.947375634500059,GB,GB,WFS_TARGET_SPECIFIC_RESIDUAL
2025_06_CLE_PIT,2025,6,2025-10-12,PIT,CLE,5.5,37.5,23.0,9.0,14.0,32.0,0.0,0.0,5.5,37.5,21.5,16.0,PIT,PIT,MARKET
2025_06_CLE_PIT,2025,6,2025-10-12,PIT,CLE,5.5,37.5,23.0,9.0,14.0,32.0,0.5512123258118329,0.8488460751132845,6.051212325811833,38.348846075113286,22.20002920046256,16.148816874650727,PIT,PIT,WFS_CORE_IMPACT_RESIDUAL
2025_06_CLE_PIT,2025,6,2025-10-12,PIT,CLE,5.5,37.5,23.0,9.0,14.0,32.0,0.9393981677379647,1.1934348041314988,6.439398167737965,38.6934348041315,22.56641648593473,16.127018318196768,PIT,PIT,WFS_CORE_RESIDUAL
2025_06_CLE_PIT,2025,6,2025-10-12,PIT,CLE,5.5,37.5,23.0,9.0,14.0,32.0,0.488994918990368,1.2424804422518752,5.988994918990368,38.742480442251875,22.365737680621123,16.37674276163075,PIT,PIT,WFS_TARGET_SPECIFIC_COACHING_RESIDUAL
2025_06_CLE_PIT,2025,6,2025-10-12,PIT,CLE,5.5,37.5,23.0,9.0,14.0,32.0,0.3377250122235306,0.8488460751132845,5.8377250122235305,38.348846075113286,22.093285543668408,16.25556053144488,PIT,PIT,WFS_TARGET_SPECIFIC_RESIDUAL
2025_06_DAL_CAR,2025,6,2025-10-12,CAR,DAL,-3.0,47.5,30.0,27.0,3.0,57.0,0.0,0.0,-3.0,47.5,22.25,25.25,CAR,DAL,MARKET
2025_06_DAL_CAR,2025,6,2025-10-12,CAR,DAL,-3.0,47.5,30.0,27.0,3.0,57.0,3.955908125828413,1.054551883619641,0.955908125828413,48.55455188361964,24.755230004724027,23.79932187889561,CAR,CAR,WFS_CORE_IMPACT_RESIDUAL
2025_06_DAL_CAR,2025,6,2025-10-12,CAR,DAL,-3.0,47.5,30.0,27.0,3.0,57.0,0.474997554100301,0.10550082320118384,-2.525002445899699,47.60550082320118,22.54024918865074,25.065251634550442,CAR,DAL,WFS_CORE_RESIDUAL
2025_06_DAL_CAR,2025,6,2025-10-12,CAR,DAL,-3.0,47.5,30.0,27.0,3.0,57.0,3.5287489117302204,0.4582468079376971,0.5287489117302204,47.9582468079377,24.24349785983396,23.71474894810374,CAR,CAR,WFS_TARGET_SPECIFIC_COACHING_RESIDUAL
2025_06_DAL_CAR,2025,6,2025-10-12,CAR,DAL,-3.0,47.5,30.0,27.0,3.0,57.0,3.6834312197638774,1.054551883619641,0.6834312197638774,48.55455188361964,24.618991551691757,23.93556033192788,CAR,CAR,WFS_TARGET_SPECIFIC_RESIDUAL
2025_06_DEN_NYJ,2025,6,2025-10-12,NYJ,DEN,-7.5,43.5,11.0,13.0,-2.0,24.0,0.0,0.0,-7.5,43.5,18.0,25.5,DEN,DEN,MARKET
2025_06_DEN_NYJ,2025,6,2025-10-12,NYJ,DEN,-7.5,43.5,11.0,13.0,-2.0,24.0,-0.16465112579256316,0.7974121969526453,-7.664651125792563,44.29741219695264,18.316380535580038,25.981031661372604,DEN,DEN,WFS_CORE_IMPACT_RESIDUAL
2025_06_DEN_NYJ,2025,6,2025-10-12,NYJ,DEN,-7.5,43.5,11.0,13.0,-2.0,24.0,0.3121037998340584,1.3981865849416302,-7.187896200165942,44.89818658494163,18.85514519238784,26.043041392553786,DEN,DEN,WFS_CORE_RESIDUAL
2025_06_DEN_NYJ,2025,6,2025-10-12,NYJ,DEN,-7.5,43.5,11.0,13.0,-2.0,24.0,-2.7727537824729853,0.4608632911679702,-10.272753782472986,43.96086329116797,16.84405475434749,27.11680853682048,DEN,DEN,WFS_TARGET_SPECIFIC_COACHING_RESIDUAL
2025_06_DEN_NYJ,2025,6,2025-10-12,NYJ,DEN,-7.5,43.5,11.0,13.0,-2.0,24.0,-2.3769889931865436,0.7974121969526453,-9.876988993186544,44.29741219695264,17.21021160188305,27.087200595069593,DEN,DEN,WFS_TARGET_SPECIFIC_RESIDUAL
2025_06_DET_KC,2025,6,2025-10-12,KC,DET,2.5,51.5,30.0,17.0,13.0,47.0,0.0,0.0,2.5,51.5,27.0,24.5,KC,KC,MARKET
2025_06_DET_KC,2025,6,2025-10-12,KC,DET,2.5,51.5,30.0,17.0,13.0,47.0,1.24466244335055,2.3061188965069985,3.74466244335055,53.806118896507,28.775390669928775,25.030728226578226,KC,KC,WFS_CORE_IMPACT_RESIDUAL
2025_06_DET_KC,2025,6,2025-10-12,KC,DET,2.5,51.5,30.0,17.0,13.0,47.0,0.4138014590506892,1.5451625318639672,2.9138014590506893,53.045162531863966,27.979481995457327,25.06568053640664,KC,KC,WFS_CORE_RESIDUAL
2025_06_DET_KC,2025,6,2025-10-12,KC,DET,2.5,51.5,30.0,17.0,13.0,47.0,1.1570439806462214,2.7445764237842303,3.6570439806462214,54.24457642378423,28.950810202215226,25.293766221569005,KC,KC,WFS_TARGET_SPECIFIC_COACHING_RESIDUAL
2025_06_DET_KC,2025,6,2025-10-12,KC,DET,2.5,51.5,30.0,17.0,13.0,47.0,0.9799585835430548,2.3061188965069985,3.4799585835430547,53.806118896507,28.643038740025027,25.163080156481975,KC,KC,WFS_TARGET_SPECIFIC_RESIDUAL
2025_06_LAC_MIA,2025,6,2025-10-12,MIA,LAC,-3.5,45.5,27.0,29.0,-2.0,56.0,0.0,0.0,-3.5,45.5,21.0,24.5,LAC,LAC,MARKET
2025_06_LAC_MIA,2025,6,2025-10-12,MIA,LAC,-3.5,45.5,27.0,29.0,-2.0,56.0,1.1121249790877406,1.5105548108778168,-2.3878750209122597,47.010554810877814,22.311339894982776,24.699214915895038,LAC,LAC,WFS_CORE_IMPACT_RESIDUAL
2025_06_LAC_MIA,2025,6,2025-10-12,MIA,LAC,-3.5,45.5,27.0,29.0,-2.0,56.0,1.0355879666956047,1.1720773731169463,-2.464412033304395,46.67207737311695,22.103832669906275,24.568244703210674,LAC,LAC,WFS_CORE_RESIDUAL
2025_06_LAC_MIA,2025,6,2025-10-12,MIA,LAC,-3.5,45.5,27.0,29.0,-2.0,56.0,1.2514553327327735,1.7615749999966885,-2.2485446672672262,47.26157499999669,22.506515166364732,24.755059833631957,LAC,LAC,WFS_TARGET_SPECIFIC_COACHING_RESIDUAL
2025_06_LAC_MIA,2025,6,2025-10-12,MIA,LAC,-3.5,45.5,27.0,29.0,-2.0,56.0,1.0452759299518757,1.5105548108778168,-2.4547240700481243,47.010554810877814,22.277915370414846,24.732639440462968,LAC,LAC,WFS_TARGET_SPECIFIC_RESIDUAL
2025_06_LA_BAL,2025,6,2025-10-12,BAL,LA,-7.0,43.5,3.0,17.0,-14.0,20.0,0.0,0.0,-7.0,43.5,18.25,25.25,LA,LA,MARKET
2025_06_LA_BAL,2025,6,2025-10-12,BAL,LA,-7.0,43.5,3.0,17.0,-14.0,20.0,-1.1117913398556236,0.32672581849485216,-8.111791339855623,43.82672581849485,17.857467239319615,25.969258579175236,LA,LA,WFS_CORE_IMPACT_RESIDUAL
2025_06_LA_BAL,2025,6,2025-10-12,BAL,LA,-7.0,43.5,3.0,17.0,-14.0,20.0,-0.1616579927964925,0.8021811539668172,-7.161657992796492,44.30218115396682,18.570261580585164,25.731919573381656,LA,LA,WFS_CORE_RESIDUAL
2025_06_LA_BAL,2025,6,2025-10-12,BAL,LA,-7.0,43.5,3.0,17.0,-14.0,20.0,-2.0711544143545972,0.9263602896178466,-9.071154414354597,44.42636028961785,17.677602937631626,26.74875735198622,LA,LA,WFS_TARGET_SPECIFIC_COACHING_RESIDUAL
2025_06_LA_BAL,2025,6,2025-10-12,BAL,LA,-7.0,43.5,3.0,17.0,-14.0,20.0,-2.294983487462534,0.32672581849485216,-9.294983487462535,43.82672581849485,17.26587116551616,26.56085465297869,LA,LA,WFS_TARGET_SPECIFIC_RESIDUAL
2025_06_NE_NO,2025,6,2025-10-12,NO,NE,-3.5,46.5,19.0,25.0,-6.0,44.0,0.0,0.0,-3.5,46.5,21.5,25.0,NE,NE,MARKET
2025_06_NE_NO,2025,6,2025-10-12,NO,NE,-3.5,46.5,19.0,25.0,-6.0,44.0,0.4665588793452302,1.5411033476267295,-3.0334411206547696,48.04110334762673,22.50383111348598,25.53727223414075,NE,NE,WFS_CORE_IMPACT_RESIDUAL
2025_06_NE_NO,2025,6,2025-10-12,NO,NE,-3.5,46.5,19.0,25.0,-6.0,44.0,0.3333564023031124,0.3711334394254301,-3.1666435976968876,46.87113343942543,21.85224492086427,25.01888851856116,NE,NE,WFS_CORE_RESIDUAL
2025_06_NE_NO,2025,6,2025-10-12,NO,NE,-3.5,46.5,19.0,25.0,-6.0,44.0,0.16940943198216848,1.0424848609401758,-3.3305905680178314,47.54248486094018,22.105947146461173,25.436537714479005,NE,NE,WFS_TARGET_SPECIFIC_COACHING_RESIDUAL
2025_06_NE_NO,2025,6,2025-10-12,NO,NE,-3.5,46.5,19.0,25.0,-6.0,44.0,0.35141990570879056,1.5411033476267295,-3.1485800942912094,48.04110334762673,22.44626162666776,25.59484172095897,NE,NE,WFS_TARGET_SPECIFIC_RESIDUAL
2025_06_SEA_JAX,2025,6,2025-10-12,JAX,SEA,-1.5,47.5,12.0,20.0,-8.0,32.0,0.0,0.0,-1.5,47.5,23.0,24.5,SEA,SEA,MARKET
2025_06_SEA_JAX,2025,6,2025-10-12,JAX,SEA,-1.5,47.5,12.0,20.0,-8.0,32.0,1.6070208669116623,2.3134804294715137,0.10702086691166235,49.81348042947151,24.960250648191586,24.853229781279925,SEA,JAX,WFS_CORE_IMPACT_RESIDUAL
2025_06_SEA_JAX,2025,6,2025-10-12,JAX,SEA,-1.5,47.5,12.0,20.0,-8.0,32.0,0.2553076368149436,1.9056745954586694,-1.2446923631850564,49.40567459545867,24.080491116136805,25.325183479321865,SEA,SEA,WFS_CORE_RESIDUAL
2025_06_SEA_JAX,2025,6,2025-10-12,JAX,SEA,-1.5,47.5,12.0,20.0,-8.0,32.0,1.2068333285049664,2.355376938520137,-0.2931666714950336,49.85537693852014,24.78110513351255,25.074271805007587,SEA,SEA,WFS_TARGET_SPECIFIC_COACHING_RESIDUAL
2025_06_SEA_JAX,2025,6,2025-10-12,JAX,SEA,-1.5,47.5,12.0,20.0,-8.0,32.0,1.394153895516231,2.3134804294715137,-0.10584610448376908,49.81348042947151,24.853817162493872,24.95966326697764,SEA,SEA,WFS_TARGET_SPECIFIC_RESIDUAL
2025_06_SF_TB,2025,6,2025-10-12,TB,SF,3.5,46.5,30.0,19.0,11.0,49.0,0.0,0.0,3.5,46.5,25.0,21.5,TB,TB,MARKET
2025_06_SF_TB,2025,6,2025-10-12,TB,SF,3.5,46.5,30.0,19.0,11.0,49.0,3.5343851509628954,1.3994011312846042,7.034385150962896,47.899401131284606,27.46689314112375,20.432507990160854,TB,TB,WFS_CORE_IMPACT_RESIDUAL
2025_06_SF_TB,2025,6,2025-10-12,TB,SF,3.5,46.5,30.0,19.0,11.0,49.0,1.0586917185971845,1.448199598701993,4.558691718597185,47.94819959870199,26.25344565864959,21.6947539400524,TB,TB,WFS_CORE_RESIDUAL
2025_06_SF_TB,2025,6,2025-10-12,TB,SF,3.5,46.5,30.0,19.0,11.0,49.0,0.8459408247545371,1.6622499925499572,4.345940824754537,48.16224999254996,26.254095408652248,21.908154583897712,TB,TB,WFS_TARGET_SPECIFIC_COACHING_RESIDUAL
2025_06_SF_TB,2025,6,2025-10-12,TB,SF,3.5,46.5,30.0,19.0,11.0,49.0,0.7239812260446378,1.3994011312846042,4.223981226044637,47.899401131284606,26.06169117866462,21.837709952619985,TB,TB,WFS_TARGET_SPECIFIC_RESIDUAL
2025_06_TEN_LV,2025,6,2025-10-12,LV,TEN,3.5,41.5,20.0,10.0,10.0,30.0,0.0,0.0,3.5,41.5,22.5,19.0,LV,LV,MARKET
2025_06_TEN_LV,2025,6,2025-10-12,LV,TEN,3.5,41.5,20.0,10.0,10.0,30.0,-0.0321205028928601,1.0314121886034662,3.46787949710714,42.53141218860347,22.999645842855305,19.531766345748164,LV,LV,WFS_CORE_IMPACT_RESIDUAL
2025_06_TEN_LV,2025,6,2025-10-12,LV,TEN,3.5,41.5,20.0,10.0,10.0,30.0,0.6364172597609978,0.17463398705718958,4.136417259760998,41.67463398705719,22.905525623409094,18.769108363648098,LV,LV,WFS_CORE_RESIDUAL
2025_06_TEN_LV,2025,6,2025-10-12,LV,TEN,3.5,41.5,20.0,10.0,10.0,30.0,-2.6386245688320367,0.7432292104221944,0.8613754311679633,42.24322921042219,21.55230232079508,20.690926889627114,LV,LV,WFS_TARGET_SPECIFIC_COACHING_RESIDUAL
2025_06_TEN_LV,2025,6,2025-10-12,LV,TEN,3.5,41.5,20.0,10.0,10.0,30.0,-2.3970143457274973,1.0314121886034662,1.1029856542725027,42.53141218860347,21.817198921437985,20.714213267165484,LV,LV,WFS_TARGET_SPECIFIC_RESIDUAL
2025_06_BUF_ATL,2025,6,2025-10-13,ATL,BUF,-3.5,49.5,24.0,14.0,10.0,38.0,0.0,0.0,-3.5,49.5,23.0,26.5,ATL,BUF,MARKET
2025_06_BUF_ATL,2025,6,2025-10-13,ATL,BUF,-3.5,49.5,24.0,14.0,10.0,38.0,0.48087192745439017,1.2301171134355164,-3.0191280725456098,50.73011711343552,23.855494520444953,26.874622592990566,ATL,BUF,WFS_CORE_IMPACT_RESIDUAL
2025_06_BUF_ATL,2025,6,2025-10-13,ATL,BUF,-3.5,49.5,24.0,14.0,10.0,38.0,1.7076952712317401,1.0211544419222034,-1.7923047287682599,50.52115444192221,24.364424856576974,26.156729585345232,ATL,BUF,WFS_CORE_RESIDUAL
2025_06_BUF_ATL,2025,6,2025-10-13,ATL,BUF,-3.5,49.5,24.0,14.0,10.0,38.0,-0.9145827735018937,1.1863976998336454,-4.414582773501894,50.68639769983365,23.13590746316588,27.55049023666777,ATL,BUF,WFS_TARGET_SPECIFIC_COACHING_RESIDUAL
2025_06_BUF_ATL,2025,6,2025-10-13,ATL,BUF,-3.5,49.5,24.0,14.0,10.0,38.0,-0.6272255016302146,1.2301171134355164,-4.127225501630215,50.73011711343552,23.301445805902652,27.428671307532866,ATL,BUF,WFS_TARGET_SPECIFIC_RESIDUAL
2025_06_CHI_WAS,2025,6,2025-10-13,WAS,CHI,5.5,49.5,24.0,25.0,-1.0,49.0,0.0,0.0,5.5,49.5,27.5,22.0,CHI,WAS,MARKET
2025_06_CHI_WAS,2025,6,2025-10-13,WAS,CHI,5.5,49.5,24.0,25.0,-1.0,49.0,-0.011655268855031015,-0.46905366690452077,5.488344731144969,49.03094633309548,27.259645532120224,21.771300800975254,CHI,WAS,WFS_CORE_IMPACT_RESIDUAL
2025_06_CHI_WAS,2025,6,2025-10-13,WAS,CHI,5.5,49.5,24.0,25.0,-1.0,49.0,1.1227189397844695,0.31725428123253113,6.62271893978447,49.81725428123253,28.2199866105085,21.59726767072403,CHI,WAS,WFS_CORE_RESIDUAL
2025_06_CHI_WAS,2025,6,2025-10-13,WAS,CHI,5.5,49.5,24.0,25.0,-1.0,49.0,-0.8811806551505905,-0.48753597654687386,4.61881934484941,49.01246402345313,26.815641684151267,22.19682233930186,CHI,WAS,WFS_TARGET_SPECIFIC_COACHING_RESIDUAL
2025_06_CHI_WAS,2025,6,2025-10-13,WAS,CHI,5.5,49.5,24.0,25.0,-1.0,49.0,-0.9206256111251676,-0.46905366690452077,4.579374388874832,49.03094633309548,26.805160360985155,22.225785972110323,CHI,WAS,WFS_TARGET_SPECIFIC_RESIDUAL
2025_07_PIT_CIN,2025,7,2025-10-16,CIN,PIT,-5.5,45.5,33.0,31.0,2.0,64.0,0.0,0.0,-5.5,45.5,20.0,25.5,CIN,PIT,MARKET
2025_07_PIT_CIN,2025,7,2025-10-16,CIN,PIT,-5.5,45.5,33.0,31.0,2.0,64.0,-0.6989364299035009,2.24116665012512,-6.198936429903501,47.74116665012512,20.771115110110813,26.97005154001431,CIN,PIT,WFS_CORE_IMPACT_RESIDUAL
2025_07_PIT_CIN,2025,7,2025-10-16,CIN,PIT,-5.5,45.5,33.0,31.0,2.0,64.0,-0.7652668569493521,1.320956675788321,-6.265266856949352,46.820956675788324,20.277844909419485,26.54311176636884,CIN,PIT,WFS_CORE_RESIDUAL
2025_07_PIT_CIN,2025,7,2025-10-16,CIN,PIT,-5.5,45.5,33.0,31.0,2.0,64.0,-1.3129251513093791,2.703882924086372,-6.812925151309379,48.20388292408637,20.695478886388496,27.508404037697876,CIN,PIT,WFS_TARGET_SPECIFIC_COACHING_RESIDUAL
2025_07_PIT_CIN,2025,7,2025-10-16,CIN,PIT,-5.5,45.5,33.0,31.0,2.0,64.0,-1.3602118273108237,2.24116665012512,-6.860211827310824,47.74116665012512,20.44047741140715,27.300689238717972,CIN,PIT,WFS_TARGET_SPECIFIC_RESIDUAL
2025_07_ATL_SF,2025,7,2025-10-19,SF,ATL,1.5,46.5,20.0,10.0,10.0,30.0,0.0,0.0,1.5,46.5,24.0,22.5,SF,SF,MARKET
2025_07_ATL_SF,2025,7,2025-10-19,SF,ATL,1.5,46.5,20.0,10.0,10.0,30.0,-0.022283900022575964,2.85758467721095,1.4777160999774241,49.35758467721095,25.417650388594186,23.939934288616765,SF,SF,WFS_CORE_IMPACT_RESIDUAL
2025_07_ATL_SF,2025,7,2025-10-19,SF,ATL,1.5,46.5,20.0,10.0,10.0,30.0,0.9202486739226421,1.5528685389007393,2.420248673922642,48.05286853890074,25.23655860641169,22.816309932489048,SF,SF,WFS_CORE_RESIDUAL
2025_07_ATL_SF,2025,7,2025-10-19,SF,ATL,1.5,46.5,20.0,10.0,10.0,30.0,-1.8675817014225617,3.1093469689647555,-0.36758170142256175,49.60934696896476,24.6208826337711,24.988464335193658,SF,ATL,WFS_TARGET_SPECIFIC_COACHING_RESIDUAL
2025_07_ATL_SF,2025,7,2025-10-19,SF,ATL,1.5,46.5,20.0,10.0,10.0,30.0,-2.084465950787362,2.85758467721095,-0.584465950787362,49.35758467721095,24.386559363211795,24.971025313999156,SF,ATL,WFS_TARGET_SPECIFIC_RESIDUAL
2025_07_CAR_NYJ,2025,7,2025-10-19,NYJ,CAR,1.5,39.5,6.0,13.0,-7.0,19.0,0.0,0.0,1.5,39.5,20.5,19.0,CAR,NYJ,MARKET
2025_07_CAR_NYJ,2025,7,2025-10-19,NYJ,CAR,1.5,39.5,6.0,13.0,-7.0,19.0,-1.296282366115935,0.3793112393232082,0.20371763388406494,39.87931123932321,20.041514436603638,19.83779680271957,CAR,NYJ,WFS_CORE_IMPACT_RESIDUAL
2025_07_CAR_NYJ,2025,7,2025-10-19,NYJ,CAR,1.5,39.5,6.0,13.0,-7.0,19.0,-0.19392836488056467,0.23202077383587782,1.3060716351194352,39.73202077383588,20.519046204477657,19.21297456935822,CAR,NYJ,WFS_CORE_RESIDUAL
2025_07_CAR_NYJ,2025,7,2025-10-19,NYJ,CAR,1.5,39.5,6.0,13.0,-7.0,19.0,-2.715148067566935,-0.030524375949134513,-1.2151480675669348,39.469475624050865,19.127163778241965,20.3423118458089,CAR,CAR,WFS_TARGET_SPECIFIC_COACHING_RESIDUAL
2025_07_CAR_NYJ,2025,7,2025-10-19,NYJ,CAR,1.5,39.5,6.0,13.0,-7.0,19.0,-2.3993252459231975,0.3793112393232082,-0.8993252459231975,39.87931123932321,19.489992996700003,20.389318242623204,CAR,CAR,WFS_TARGET_SPECIFIC_RESIDUAL
2025_07_GB_ARI,2025,7,2025-10-19,ARI,GB,-7.0,44.5,23.0,27.0,-4.0,50.0,0.0,0.0,-7.0,44.5,18.75,25.75,GB,GB,MARKET
2025_07_GB_ARI,2025,7,2025-10-19,ARI,GB,-7.0,44.5,23.0,27.0,-4.0,50.0,1.2093631338144761,1.1580071454233989,-5.790636866185524,45.6580071454234,19.933685139618937,25.72432200580446,GB,GB,WFS_CORE_IMPACT_RESIDUAL
2025_07_GB_ARI,2025,7,2025-10-19,ARI,GB,-7.0,44.5,23.0,27.0,-4.0,50.0,0.5487897467323458,1.383614212387355,-6.4512102532676545,45.88361421238736,19.71620197955985,26.167412232827505,GB,GB,WFS_CORE_RESIDUAL
2025_07_GB_ARI,2025,7,2025-10-19,ARI,GB,-7.0,44.5,23.0,27.0,-4.0,50.0,0.8534325300275427,1.1752318027261452,-6.1465674699724575,45.675231802726145,19.764332166376843,25.910899636349303,GB,GB,WFS_TARGET_SPECIFIC_COACHING_RESIDUAL
2025_07_GB_ARI,2025,7,2025-10-19,ARI,GB,-7.0,44.5,23.0,27.0,-4.0,50.0,0.8792027936745003,1.1580071454233989,-6.120797206325499,45.6580071454234,19.76860496954895,25.889402175874448,GB,GB,WFS_TARGET_SPECIFIC_RESIDUAL
2025_07_IND_LAC,2025,7,2025-10-19,LAC,IND,2.5,48.5,24.0,38.0,-14.0,62.0,0.0,0.0,2.5,48.5,25.5,23.0,IND,LAC,MARKET
2025_07_IND_LAC,2025,7,2025-10-19,LAC,IND,2.5,48.5,24.0,38.0,-14.0,62.0,2.530307030068612,2.3606442331584034,5.030307030068612,50.8606442331584,27.94547563161351,22.915168601544895,IND,LAC,WFS_CORE_IMPACT_RESIDUAL
2025_07_IND_LAC,2025,7,2025-10-19,LAC,IND,2.5,48.5,24.0,38.0,-14.0,62.0,0.23252187494231466,1.4665193446529825,2.732521874942315,49.96651934465298,26.349520609797647,23.616998734855333,IND,LAC,WFS_CORE_RESIDUAL
2025_07_IND_LAC,2025,7,2025-10-19,LAC,IND,2.5,48.5,24.0,38.0,-14.0,62.0,2.2020382704913617,2.615622264867398,4.702038270491362,51.1156222648674,27.90883026767938,23.206791997188017,IND,LAC,WFS_TARGET_SPECIFIC_COACHING_RESIDUAL
2025_07_IND_LAC,2025,7,2025-10-19,LAC,IND,2.5,48.5,24.0,38.0,-14.0,62.0,2.2423558338807985,2.3606442331584034,4.742355833880799,50.8606442331584,27.801500033519602,23.0591441996388,IND,LAC,WFS_TARGET_SPECIFIC_RESIDUAL
2025_07_LA_JAX,2025,7,2025-10-19,JAX,LA,-3.0,44.5,7.0,35.0,-28.0,42.0,0.0,0.0,-3.0,44.5,20.75,23.75,LA,LA,MARKET
2025_07_LA_JAX,2025,7,2025-10-19,JAX,LA,-3.0,44.5,7.0,35.0,-28.0,42.0,2.5956560680556415,2.697476607548678,-0.40434393194435847,47.19747660754868,23.39656633780216,23.80091026974652,LA,LA,WFS_CORE_IMPACT_RESIDUAL
2025_07_LA_JAX,2025,7,2025-10-19,JAX,LA,-3.0,44.5,7.0,35.0,-28.0,42.0,1.3282074260404215,1.7369294952333707,-1.6717925739595785,46.23692949523337,22.282568460636895,23.954361034596474,LA,LA,WFS_CORE_RESIDUAL
2025_07_LA_JAX,2025,7,2025-10-19,JAX,LA,-3.0,44.5,7.0,35.0,-28.0,42.0,3.5799241215461537,2.828178294545583,0.5799241215461537,47.32817829454558,23.95405120804587,23.374127086499712,LA,JAX,WFS_TARGET_SPECIFIC_COACHING_RESIDUAL
2025_07_LA_JAX,2025,7,2025-10-19,JAX,LA,-3.0,44.5,7.0,35.0,-28.0,42.0,3.8818379159922967,2.697476607548678,0.8818379159922967,47.19747660754868,24.03965726177049,23.15781934577819,LA,JAX,WFS_TARGET_SPECIFIC_RESIDUAL
2025_07_LV_KC,2025,7,2025-10-19,KC,LV,13.5,44.5,31.0,0.0,31.0,31.0,0.0,0.0,13.5,44.5,29.0,15.5,KC,KC,MARKET
2025_07_LV_KC,2025,7,2025-10-19,KC,LV,13.5,44.5,31.0,0.0,31.0,31.0,0.24240789158945758,1.637617570516797,13.742407891589458,46.137617570516795,29.940012731053127,16.19760483946367,KC,KC,WFS_CORE_IMPACT_RESIDUAL
2025_07_LV_KC,2025,7,2025-10-19,KC,LV,13.5,44.5,31.0,0.0,31.0,31.0,1.1859291917891628,2.3997176068912407,14.685929191789162,46.899717606891244,30.792823399340204,16.10689420755104,KC,KC,WFS_CORE_RESIDUAL
2025_07_LV_KC,2025,7,2025-10-19,KC,LV,13.5,44.5,31.0,0.0,31.0,31.0,0.39078636399294436,2.1466418569871473,13.890786363992945,46.646641856987145,30.268714110490045,16.3779277464971,KC,KC,WFS_TARGET_SPECIFIC_COACHING_RESIDUAL
2025_07_LV_KC,2025,7,2025-10-19,KC,LV,13.5,44.5,31.0,0.0,31.0,31.0,0.03272152488852742,1.637617570516797,13.532721524888528,46.137617570516795,29.835169547702662,16.302448022814133,KC,KC,WFS_TARGET_SPECIFIC_RESIDUAL
2025_07_MIA_CLE,2025,7,2025-10-19,CLE,MIA,2.5,34.5,31.0,6.0,25.0,37.0,0.0,0.0,2.5,34.5,18.5,16.0,CLE,CLE,MARKET
2025_07_MIA_CLE,2025,7,2025-10-19,CLE,MIA,2.5,34.5,31.0,6.0,25.0,37.0,-1.3125019881114057,0.38520572282168364,1.1874980118885943,34.88520572282168,18.036351867355137,16.848853855466544,CLE,CLE,WFS_CORE_IMPACT_RESIDUAL
2025_07_MIA_CLE,2025,7,2025-10-19,CLE,MIA,2.5,34.5,31.0,6.0,25.0,37.0,0.030006070110573033,0.3486007501836097,2.530006070110573,34.84860075018361,18.68930341014709,16.159297340036517,CLE,CLE,WFS_CORE_RESIDUAL
2025_07_MIA_CLE,2025,7,2025-10-19,CLE,MIA,2.5,34.5,31.0,6.0,25.0,37.0,-0.9398675124443571,0.476555056854426,1.5601324875556428,34.97655505685442,18.268343772205032,16.70821128464939,CLE,CLE,WFS_TARGET_SPECIFIC_COACHING_RESIDUAL
2025_07_MIA_CLE,2025,7,2025-10-19,CLE,MIA,2.5,34.5,31.0,6.0,25.0,37.0,-0.9703200187082168,0.38520572282168364,1.5296799812917832,34.88520572282168,18.207442852056733,16.677762870764948,CLE,CLE,WFS_TARGET_SPECIFIC_RESIDUAL
2025_07_NE_TEN,2025,7,2025-10-19,TEN,NE,-6.5,40.5,13.0,31.0,-18.0,44.0,0.0,0.0,-6.5,40.5,17.0,23.5,NE,NE,MARKET
2025_07_NE_TEN,2025,7,2025-10-19,TEN,NE,-6.5,40.5,13.0,31.0,-18.0,44.0,-1.763916253920766,-1.0212798613929648,-8.263916253920765,39.47872013860704,15.607401942343136,23.8713181962639,NE,NE,WFS_CORE_IMPACT_RESIDUAL
2025_07_NE_TEN,2025,7,2025-10-19,TEN,NE,-6.5,40.5,13.0,31.0,-18.0,44.0,-0.6090882777715082,0.41768857421548417,-7.109088277771508,40.91768857421548,16.90430014822199,24.013388425993494,NE,NE,WFS_CORE_RESIDUAL
2025_07_NE_TEN,2025,7,2025-10-19,TEN,NE,-6.5,40.5,13.0,31.0,-18.0,44.0,-2.8212580548186112,-1.3650625138449906,-9.32125805481861,39.13493748615501,14.9068397156682,24.228097770486812,NE,NE,WFS_TARGET_SPECIFIC_COACHING_RESIDUAL
2025_07_NE_TEN,2025,7,2025-10-19,TEN,NE,-6.5,40.5,13.0,31.0,-18.0,44.0,-2.727287408698552,-1.0212798613929648,-9.227287408698551,39.47872013860704,15.125716364954243,24.353003773652794,NE,NE,WFS_TARGET_SPECIFIC_RESIDUAL
2025_07_NO_CHI,2025,7,2025-10-19,CHI,NO,4.5,43.5,26.0,14.0,12.0,40.0,0.0,0.0,4.5,43.5,24.0,19.5,CHI,CHI,MARKET
2025_07_NO_CHI,2025,7,2025-10-19,CHI,NO,4.5,43.5,26.0,14.0,12.0,40.0,-0.2662130804325345,1.3698621138227336,4.233786919567465,44.869862113822734,24.5518245166951,20.318037597127635,CHI,CHI,WFS_CORE_IMPACT_RESIDUAL
2025_07_NO_CHI,2025,7,2025-10-19,CHI,NO,4.5,43.5,26.0,14.0,12.0,40.0,0.5748912829584824,1.6821874857444035,5.0748912829584825,45.1821874857444,25.12853938435144,20.05364810139296,CHI,CHI,WFS_CORE_RESIDUAL
2025_07_NO_CHI,2025,7,2025-10-19,CHI,NO,4.5,43.5,26.0,14.0,12.0,40.0,-0.7398164834284502,1.296808544503399,3.7601835165715496,44.7968085445034,24.278496030537475,20.518312513965924,CHI,CHI,WFS_TARGET_SPECIFIC_COACHING_RESIDUAL
2025_07_NO_CHI,2025,7,2025-10-19,CHI,NO,4.5,43.5,26.0,14.0,12.0,40.0,-0.46145447089566305,1.3698621138227336,4.038545529104337,44.869862113822734,24.454203821463537,20.415658292359197,CHI,CHI,WFS_TARGET_SPECIFIC_RESIDUAL
2025_07_NYG_DEN,2025,7,2025-10-19,DEN,NYG,7.5,39.5,33.0,32.0,1.0,65.0,0.0,0.0,7.5,39.5,23.5,16.0,DEN,DEN,MARKET
2025_07_NYG_DEN,2025,7,2025-10-19,DEN,NYG,7.5,39.5,33.0,32.0,1.0,65.0,2.2314666147987383,3.1001596387263106,9.731466614798737,42.60015963872631,26.165813126762522,16.43434651196379,DEN,DEN,WFS_CORE_IMPACT_RESIDUAL
2025_07_NYG_DEN,2025,7,2025-10-19,DEN,NYG,7.5,39.5,33.0,32.0,1.0,65.0,1.0067128186279404,2.7590416443190886,8.50671281862794,42.25904164431909,25.382877231473515,16.876164412845576,DEN,DEN,WFS_CORE_RESIDUAL
2025_07_NYG_DEN,2025,7,2025-10-19,DEN,NYG,7.5,39.5,33.0,32.0,1.0,65.0,2.0823574694370066,3.4458527953542495,9.582357469437007,42.94585279535425,26.264105132395628,16.68174766295862,DEN,DEN,WFS_TARGET_SPECIFIC_COACHING_RESIDUAL
2025_07_NYG_DEN,2025,7,2025-10-19,DEN,NYG,7.5,39.5,33.0,32.0,1.0,65.0,1.9451503332435438,3.1001596387263106,9.445150333243543,42.60015963872631,26.02265498598493,16.577504652741382,DEN,DEN,WFS_TARGET_SPECIFIC_RESIDUAL
2025_07_PHI_MIN,2025,7,2025-10-19,MIN,PHI,-2.5,43.5,22.0,28.0,-6.0,50.0,0.0,0.0,-2.5,43.5,20.5,23.0,PHI,PHI,MARKET
2025_07_PHI_MIN,2025,7,2025-10-19,MIN,PHI,-2.5,43.5,22.0,28.0,-6.0,50.0,1.0101208957603447,0.9965827849176209,-1.4898791042396553,44.49658278491762,21.503351840338983,22.993230944578638,PHI,PHI,WFS_CORE_IMPACT_RESIDUAL
2025_07_PHI_MIN,2025,7,2025-10-19,MIN,PHI,-2.5,43.5,22.0,28.0,-6.0,50.0,1.2887479006322684,1.6724309501412553,-1.2112520993677316,45.172430950141255,21.98058942538676,23.191841524754494,PHI,PHI,WFS_CORE_RESIDUAL
2025_07_PHI_MIN,2025,7,2025-10-19,MIN,PHI,-2.5,43.5,22.0,28.0,-6.0,50.0,0.6352091280299239,1.3479012612332089,-1.864790871970076,44.84790126123321,21.491555194631566,23.356346066601645,PHI,PHI,WFS_TARGET_SPECIFIC_COACHING_RESIDUAL
2025_07_PHI_MIN,2025,7,2025-10-19,MIN,PHI,-2.5,43.5,22.0,28.0,-6.0,50.0,0.6131098476117137,0.9965827849176209,-1.8868901523882862,44.49658278491762,21.304846316264666,23.191736468652955,PHI,PHI,WFS_TARGET_SPECIFIC_RESIDUAL
2025_07_WAS_DAL,2025,7,2025-10-19,DAL,WAS,1.5,54.5,44.0,22.0,22.0,66.0,0.0,0.0,1.5,54.5,28.0,26.5,DAL,DAL,MARKET
2025_07_WAS_DAL,2025,7,2025-10-19,DAL,WAS,1.5,54.5,44.0,22.0,22.0,66.0,2.9793695059540157,1.001886919786793,4.479369505954016,55.50188691978679,29.990628212870405,25.511258706916387,DAL,DAL,WFS_CORE_IMPACT_RESIDUAL
2025_07_WAS_DAL,2025,7,2025-10-19,DAL,WAS,1.5,54.5,44.0,22.0,22.0,66.0,0.4024787035217911,0.7384046383253294,1.9024787035217912,55.23840463832533,28.57044167092356,26.667962967401767,DAL,DAL,WFS_CORE_RESIDUAL
2025_07_WAS_DAL,2025,7,2025-10-19,DAL,WAS,1.5,54.5,44.0,22.0,22.0,66.0,2.5947082664095498,0.6204688938964396,4.094708266409549,55.12046889389644,29.607588580152992,25.512880313743445,DAL,DAL,WFS_TARGET_SPECIFIC_COACHING_RESIDUAL
2025_07_WAS_DAL,2025,7,2025-10-19,DAL,WAS,1.5,54.5,44.0,22.0,22.0,66.0,2.939454027825914,1.001886919786793,4.439454027825914,55.50188691978679,29.97067047380635,25.53121644598044,DAL,DAL,WFS_TARGET_SPECIFIC_RESIDUAL
2025_07_HOU_SEA,2025,7,2025-10-20,SEA,HOU,3.0,41.5,27.0,19.0,8.0,46.0,0.0,0.0,3.0,41.5,22.25,19.25,SEA,SEA,MARKET
2025_07_HOU_SEA,2025,7,2025-10-20,SEA,HOU,3.0,41.5,27.0,19.0,8.0,46.0,1.8632032601363602,1.88060339976333,4.86320326013636,43.38060339976333,24.121903329949845,19.258700069813486,SEA,SEA,WFS_CORE_IMPACT_RESIDUAL
2025_07_HOU_SEA,2025,7,2025-10-20,SEA,HOU,3.0,41.5,27.0,19.0,8.0,46.0,0.9414471367596255,2.1185136662771265,3.9414471367596255,43.618513666277124,23.779980401518376,19.83853326475875,SEA,SEA,WFS_CORE_RESIDUAL
2025_07_HOU_SEA,2025,7,2025-10-20,SEA,HOU,3.0,41.5,27.0,19.0,8.0,46.0,1.4515502988360407,2.116787521334603,4.4515502988360405,43.6167875213346,24.03416891008532,19.58261861124928,SEA,SEA,WFS_TARGET_SPECIFIC_COACHING_RESIDUAL
2025_07_HOU_SEA,2025,7,2025-10-20,SEA,HOU,3.0,41.5,27.0,19.0,8.0,46.0,1.5898375470467763,1.88060339976333,4.589837547046776,43.38060339976333,23.985220473405054,19.395382926358277,SEA,SEA,WFS_TARGET_SPECIFIC_RESIDUAL
2025_07_TB_DET,2025,7,2025-10-20,DET,TB,6.0,54.5,24.0,9.0,15.0,33.0,0.0,0.0,6.0,54.5,30.25,24.25,DET,DET,MARKET
2025_07_TB_DET,2025,7,2025-10-20,DET,TB,6.0,54.5,24.0,9.0,15.0,33.0,4.857645716913757,3.8720493589604086,10.857645716913757,58.37204935896041,34.61484753793708,23.757201821023326,DET,DET,WFS_CORE_IMPACT_RESIDUAL
2025_07_TB_DET,2025,7,2025-10-20,DET,TB,6.0,54.5,24.0,9.0,15.0,33.0,1.6066130154611618,2.156244753544003,7.6066130154611615,56.656244753544,32.13142888450258,24.52481586904142,DET,DET,WFS_CORE_RESIDUAL
2025_07_TB_DET,2025,7,2025-10-20,DET,TB,6.0,54.5,24.0,9.0,15.0,33.0,4.209364833182136,4.3667114226830535,10.209364833182136,58.86671142268305,34.538038127932595,24.32867329475046,DET,DET,WFS_TARGET_SPECIFIC_COACHING_RESIDUAL
2025_07_TB_DET,2025,7,2025-10-20,DET,TB,6.0,54.5,24.0,9.0,15.0,33.0,3.9996276898336753,3.8720493589604086,9.999627689833675,58.37204935896041,34.18583852439704,24.18621083456337,DET,DET,WFS_TARGET_SPECIFIC_RESIDUAL
2025_08_MIN_LAC,2025,8,2025-10-23,LAC,MIN,3.0,45.5,37.0,10.0,27.0,47.0,0.0,0.0,3.0,45.5,24.25,21.25,LAC,LAC,MARKET
2025_08_MIN_LAC,2025,8,2025-10-23,LAC,MIN,3.0,45.5,37.0,10.0,27.0,47.0,0.8016434631276234,1.0188073526376458,3.8016434631276232,46.518807352637644,25.160225407882635,21.35858194475501,LAC,LAC,WFS_CORE_IMPACT_RESIDUAL
2025_08_MIN_LAC,2025,8,2025-10-23,LAC,MIN,3.0,45.5,37.0,10.0,27.0,47.0,0.5243776394715667,1.2552066552027783,3.5243776394715667,46.75520665520278,25.13979214733717,21.615414507865605,LAC,LAC,WFS_CORE_RESIDUAL
2025_08_MIN_LAC,2025,8,2025-10-23,LAC,MIN,3.0,45.5,37.0,10.0,27.0,47.0,6.594672459206923,1.3173720358620131,9.594672459206922,46.817372035862014,28.20602224753447,18.611349788327544,LAC,LAC,WFS_TARGET_SPECIFIC_COACHING_RESIDUAL
2025_08_MIN_LAC,2025,8,2025-10-23,LAC,MIN,3.0,45.5,37.0,10.0,27.0,47.0,6.6020528202313455,1.0188073526376458,9.602052820231346,46.518807352637644,28.060430086434494,18.45837726620315,LAC,LAC,WFS_TARGET_SPECIFIC_RESIDUAL
2025_08_BUF_CAR,2025,8,2025-10-26,CAR,BUF,-7.0,47.5,9.0,40.0,-31.0,49.0,0.0,0.0,-7.0,47.5,20.25,27.25,BUF,BUF,MARKET
2025_08_BUF_CAR,2025,8,2025-10-26,CAR,BUF,-7.0,47.5,9.0,40.0,-31.0,49.0,1.9044797929150257,2.1201580333304624,-5.0955202070849746,49.62015803333046,22.262318913122744,27.357839120207718,BUF,BUF,WFS_CORE_IMPACT_RESIDUAL
2025_08_BUF_CAR,2025,8,2025-10-26,CAR,BUF,-7.0,47.5,9.0,40.0,-31.0,49.0,2.232353119012962,0.7724770920669386,-4.767646880987038,48.272477092066936,21.75241510553995,26.520061986526986,BUF,BUF,WFS_CORE_RESIDUAL
2025_08_BUF_CAR,2025,8,2025-10-26,CAR,BUF,-7.0,47.5,9.0,40.0,-31.0,49.0,-1.5003449170085505,1.9096750830246059,-8.500344917008551,49.40967508302461,20.45466508300803,28.95501000001658,BUF,BUF,WFS_TARGET_SPECIFIC_COACHING_RESIDUAL
2025_08_BUF_CAR,2025,8,2025-10-26,CAR,BUF,-7.0,47.5,9.0,40.0,-31.0,49.0,-1.1613980056766045,2.1201580333304624,-8.161398005676604,49.62015803333046,20.72938001382693,28.890778019503532,BUF,BUF,WFS_TARGET_SPECIFIC_RESIDUAL
2025_08_CHI_BAL,2025,8,2025-10-26,BAL,CHI,2.5,45.5,30.0,16.0,14.0,46.0,0.0,0.0,2.5,45.5,24.0,21.5,BAL,BAL,MARKET
2025_08_CHI_BAL,2025,8,2025-10-26,BAL,CHI,2.5,45.5,30.0,16.0,14.0,46.0,2.280026314616071,2.0861370113993396,4.780026314616071,47.58613701139934,26.183081663007705,21.403055348391632,BAL,BAL,WFS_CORE_IMPACT_RESIDUAL
2025_08_CHI_BAL,2025,8,2025-10-26,BAL,CHI,2.5,45.5,30.0,16.0,14.0,46.0,0.5983309878477361,0.6581686657350194,3.098330987847736,46.15816866573502,24.62824982679138,21.52991883894364,BAL,BAL,WFS_CORE_RESIDUAL
2025_08_CHI_BAL,2025,8,2025-10-26,BAL,CHI,2.5,45.5,30.0,16.0,14.0,46.0,1.3331636116867123,2.378529103262089,3.8331636116867123,47.87852910326209,25.8558463574744,22.022682745787687,BAL,BAL,WFS_TARGET_SPECIFIC_COACHING_RESIDUAL
2025_08_CHI_BAL,2025,8,2025-10-26,BAL,CHI,2.5,45.5,30.0,16.0,14.0,46.0,0.9247267020441251,2.0861370113993396,3.424726702044125,47.58613701139934,25.50543185672173,22.080705154677606,BAL,BAL,WFS_TARGET_SPECIFIC_RESIDUAL
2025_08_CLE_NE,2025,8,2025-10-26,NE,CLE,7.0,40.5,32.0,13.0,19.0,45.0,0.0,0.0,7.0,40.5,23.75,16.75,NE,NE,MARKET
2025_08_CLE_NE,2025,8,2025-10-26,NE,CLE,7.0,40.5,32.0,13.0,19.0,45.0,1.1326361341765432,1.5187833202611212,8.132636134176543,42.01878332026112,25.075709727218833,16.94307359304229,NE,NE,WFS_CORE_IMPACT_RESIDUAL
2025_08_CLE_NE,2025,8,2025-10-26,NE,CLE,7.0,40.5,32.0,13.0,19.0,45.0,1.5818129600993647,2.336921049461913,8.581812960099365,42.836921049461914,25.70936700478064,17.127554044681276,NE,NE,WFS_CORE_RESIDUAL
2025_08_CLE_NE,2025,8,2025-10-26,NE,CLE,7.0,40.5,32.0,13.0,19.0,45.0,0.7268728199696097,1.7917596867975065,7.72687281996961,42.291759686797505,25.009316253383556,17.28244343341395,NE,NE,WFS_TARGET_SPECIFIC_COACHING_RESIDUAL
2025_08_CLE_NE,2025,8,2025-10-26,NE,CLE,7.0,40.5,32.0,13.0,19.0,45.0,0.948953731564502,1.5187833202611212,7.948953731564502,42.01878332026112,24.98386852591281,17.03491479434831,NE,NE,WFS_TARGET_SPECIFIC_RESIDUAL
2025_08_DAL_DEN,2025,8,2025-10-26,DEN,DAL,3.5,51.5,44.0,24.0,20.0,68.0,0.0,0.0,3.5,51.5,27.5,24.0,DEN,DEN,MARKET
2025_08_DAL_DEN,2025,8,2025-10-26,DEN,DAL,3.5,51.5,44.0,24.0,20.0,68.0,0.6328028762365727,2.5246317793698285,4.132802876236573,54.02463177936983,29.0787173278032,24.945914451566626,DEN,DEN,WFS_CORE_IMPACT_RESIDUAL
2025_08_DAL_DEN,2025,8,2025-10-26,DEN,DAL,3.5,51.5,44.0,24.0,20.0,68.0,0.535724936630345,1.8447780952536257,4.035724936630345,53.34477809525362,28.690251515941984,24.65452657931164,DEN,DEN,WFS_CORE_RESIDUAL
2025_08_DAL_DEN,2025,8,2025-10-26,DEN,DAL,3.5,51.5,44.0,24.0,20.0,68.0,0.6742245029234942,2.39810095829989,4.174224502923495,53.89810095829989,29.036162730611693,24.8619382276882,DEN,DEN,WFS_TARGET_SPECIFIC_COACHING_RESIDUAL
2025_08_DAL_DEN,2025,8,2025-10-26,DEN,DAL,3.5,51.5,44.0,24.0,20.0,68.0,0.41136891940795733,2.5246317793698285,3.9113689194079573,54.02463177936983,28.96800034938889,25.056631429980936,DEN,DEN,WFS_TARGET_SPECIFIC_RESIDUAL
2025_08_GB_PIT,2025,8,2025-10-26,PIT,GB,-3.0,46.5,25.0,35.0,-10.0,60.0,0.0,0.0,-3.0,46.5,21.75,24.75,GB,GB,MARKET
2025_08_GB_PIT,2025,8,2025-10-26,PIT,GB,-3.0,46.5,25.0,35.0,-10.0,60.0,1.4570814546207453,1.1211330544591889,-1.5429185453792547,47.621133054459186,23.039107254539967,24.58202579991922,GB,GB,WFS_CORE_IMPACT_RESIDUAL
2025_08_GB_PIT,2025,8,2025-10-26,PIT,GB,-3.0,46.5,25.0,35.0,-10.0,60.0,1.1181639503937335,1.4578190691363306,-1.8818360496062665,47.95781906913633,23.037991509765032,24.919827559371296,GB,GB,WFS_CORE_RESIDUAL
2025_08_GB_PIT,2025,8,2025-10-26,PIT,GB,-3.0,46.5,25.0,35.0,-10.0,60.0,1.1833950281244072,1.3848244469890685,-1.8166049718755928,47.88482444698907,23.03410973755674,24.85071470943233,GB,GB,WFS_TARGET_SPECIFIC_COACHING_RESIDUAL
2025_08_GB_PIT,2025,8,2025-10-26,PIT,GB,-3.0,46.5,25.0,35.0,-10.0,60.0,1.0943688677110723,1.1211330544591889,-1.9056311322889277,47.621133054459186,22.85775096108513,24.763382093374055,GB,GB,WFS_TARGET_SPECIFIC_RESIDUAL
2025_08_MIA_ATL,2025,8,2025-10-26,ATL,MIA,7.0,44.5,10.0,34.0,-24.0,44.0,0.0,0.0,7.0,44.5,25.75,18.75,MIA,ATL,MARKET
2025_08_MIA_ATL,2025,8,2025-10-26,ATL,MIA,7.0,44.5,10.0,34.0,-24.0,44.0,1.1791517495932675,1.4385704864939362,8.179151749593267,45.93857048649394,27.058861118043602,18.879709368450335,MIA,ATL,WFS_CORE_IMPACT_RESIDUAL
2025_08_MIA_ATL,2025,8,2025-10-26,ATL,MIA,7.0,44.5,10.0,34.0,-24.0,44.0,1.5950325210280731,1.7409291320274916,8.595032521028074,46.24092913202749,27.41798082652778,18.822948305499708,MIA,ATL,WFS_CORE_RESIDUAL
2025_08_MIA_ATL,2025,8,2025-10-26,ATL,MIA,7.0,44.5,10.0,34.0,-24.0,44.0,0.958301257085923,1.463011703573019,7.958301257085923,45.96301170357302,26.96065648032947,19.002355223243548,MIA,ATL,WFS_TARGET_SPECIFIC_COACHING_RESIDUAL
2025_08_MIA_ATL,2025,8,2025-10-26,ATL,MIA,7.0,44.5,10.0,34.0,-24.0,44.0,1.1367792609259166,1.4385704864939362,8.136779260925916,45.93857048649394,27.037674873709925,18.900895612784012,MIA,ATL,WFS_TARGET_SPECIFIC_RESIDUAL
2025_08_NYG_PHI,2025,8,2025-10-26,PHI,NYG,7.0,43.5,38.0,20.0,18.0,58.0,0.0,0.0,7.0,43.5,25.25,18.25,PHI,PHI,MARKET
2025_08_NYG_PHI,2025,8,2025-10-26,PHI,NYG,7.0,43.5,38.0,20.0,18.0,58.0,-0.801222005084198,2.231512084026194,6.198777994915802,45.73151208402619,25.965145039470997,19.766367044555196,PHI,PHI,WFS_CORE_IMPACT_RESIDUAL
2025_08_NYG_PHI,2025,8,2025-10-26,PHI,NYG,7.0,43.5,38.0,20.0,18.0,58.0,0.14311377824894697,2.4562562774106236,7.143113778248947,45.956256277410624,26.549685027829785,19.40657124958084,PHI,PHI,WFS_CORE_RESIDUAL
2025_08_NYG_PHI,2025,8,2025-10-26,PHI,NYG,7.0,43.5,38.0,20.0,18.0,58.0,-1.8218591792866277,2.9571853156620027,5.178140820713372,46.457185315662,25.817663068187688,20.639522247474314,PHI,PHI,WFS_TARGET_SPECIFIC_COACHING_RESIDUAL
2025_08_NYG_PHI,2025,8,2025-10-26,PHI,NYG,7.0,43.5,38.0,20.0,18.0,58.0,-2.098172928572479,2.231512084026194,4.901827071427521,45.73151208402619,25.316669577726856,20.414842506299337,PHI,PHI,WFS_TARGET_SPECIFIC_RESIDUAL
2025_08_NYJ_CIN,2025,8,2025-10-26,CIN,NYJ,5.5,43.5,38.0,39.0,-1.0,77.0,0.0,0.0,5.5,43.5,24.5,19.0,NYJ,CIN,MARKET
2025_08_NYJ_CIN,2025,8,2025-10-26,CIN,NYJ,5.5,43.5,38.0,39.0,-1.0,77.0,5.503063098911297,3.7111031585082404,11.003063098911298,47.21110315850824,29.107083128709768,18.10402002979847,NYJ,CIN,WFS_CORE_IMPACT_RESIDUAL
2025_08_NYJ_CIN,2025,8,2025-10-26,CIN,NYJ,5.5,43.5,38.0,39.0,-1.0,77.0,-0.06294963401524013,1.179775430952857,5.43705036598476,44.67977543095286,25.05841289846881,19.62136253248405,NYJ,CIN,WFS_CORE_RESIDUAL
2025_08_NYJ_CIN,2025,8,2025-10-26,CIN,NYJ,5.5,43.5,38.0,39.0,-1.0,77.0,5.644933577098323,3.9735204210288724,11.144933577098323,47.47352042102887,29.309226999063597,18.164293421965276,NYJ,CIN,WFS_TARGET_SPECIFIC_COACHING_RESIDUAL
2025_08_NYJ_CIN,2025,8,2025-10-26,CIN,NYJ,5.5,43.5,38.0,39.0,-1.0,77.0,5.477791435520349,3.7111031585082404,10.977791435520349,47.21110315850824,29.09444729701429,18.116655861493946,NYJ,CIN,WFS_TARGET_SPECIFIC_RESIDUAL
2025_08_SF_HOU,2025,8,2025-10-26,HOU,SF,2.5,41.5,26.0,15.0,11.0,41.0,0.0,0.0,2.5,41.5,22.0,19.5,HOU,HOU,MARKET
2025_08_SF_HOU,2025,8,2025-10-26,HOU,SF,2.5,41.5,26.0,15.0,11.0,41.0,4.432778350332682,2.754518119013803,6.932778350332682,44.2545181190138,25.593648234673243,18.66086988434056,HOU,HOU,WFS_CORE_IMPACT_RESIDUAL
2025_08_SF_HOU,2025,8,2025-10-26,HOU,SF,2.5,41.5,26.0,15.0,11.0,41.0,1.335951295505553,2.0360794217011002,3.835951295505553,43.5360794217011,23.686015358603328,19.850064063097776,HOU,HOU,WFS_CORE_RESIDUAL
2025_08_SF_HOU,2025,8,2025-10-26,HOU,SF,2.5,41.5,26.0,15.0,11.0,41.0,3.0260077011209914,3.013567192172091,5.526007701120991,44.51356719217209,25.01978744664654,19.49377974552555,HOU,HOU,WFS_TARGET_SPECIFIC_COACHING_RESIDUAL
2025_08_SF_HOU,2025,8,2025-10-26,HOU,SF,2.5,41.5,26.0,15.0,11.0,41.0,2.945576576325928,2.754518119013803,5.445576576325928,44.2545181190138,24.850047347669864,19.404470771343938,HOU,HOU,WFS_TARGET_SPECIFIC_RESIDUAL
2025_08_TB_NO,2025,8,2025-10-26,NO,TB,-4.5,46.5,3.0,23.0,-20.0,26.0,0.0,0.0,-4.5,46.5,21.0,25.5,TB,TB,MARKET
2025_08_TB_NO,2025,8,2025-10-26,NO,TB,-4.5,46.5,3.0,23.0,-20.0,26.0,4.429944643219744,3.171376923035129,-0.07005535678025598,49.671376923035126,24.800660783127434,24.870716139907692,TB,TB,WFS_CORE_IMPACT_RESIDUAL
2025_08_TB_NO,2025,8,2025-10-26,NO,TB,-4.5,46.5,3.0,23.0,-20.0,26.0,0.6538156186897355,1.1966851513068237,-3.8461843813102643,47.69668515130682,21.92525038499828,25.771434766308545,TB,TB,WFS_CORE_RESIDUAL
2025_08_TB_NO,2025,8,2025-10-26,NO,TB,-4.5,46.5,3.0,23.0,-20.0,26.0,3.7640933385054365,2.8715935753950985,-0.7359066614945635,49.371593575395096,24.317843456950268,25.053750118444828,TB,TB,WFS_TARGET_SPECIFIC_COACHING_RESIDUAL
2025_08_TB_NO,2025,8,2025-10-26,NO,TB,-4.5,46.5,3.0,23.0,-20.0,26.0,4.080271478627575,3.171376923035129,-0.41972852137242533,49.671376923035126,24.62582420083135,25.045552722203777,TB,TB,WFS_TARGET_SPECIFIC_RESIDUAL
2025_08_TEN_IND,2025,8,2025-10-26,IND,TEN,15.5,47.5,38.0,14.0,24.0,52.0,0.0,0.0,15.5,47.5,31.5,16.0,IND,IND,MARKET
2025_08_TEN_IND,2025,8,2025-10-26,IND,TEN,15.5,47.5,38.0,14.0,24.0,52.0,2.3600541066216034,4.03176963000005,17.860054106621604,51.53176963000005,34.69591186831083,16.835857761689223,IND,IND,WFS_CORE_IMPACT_RESIDUAL
2025_08_TEN_IND,2025,8,2025-10-26,IND,TEN,15.5,47.5,38.0,14.0,24.0,52.0,1.664621708513049,3.141679084195219,17.16462170851305,50.64167908419522,33.903150396354135,16.738528687841082,IND,IND,WFS_CORE_RESIDUAL
2025_08_TEN_IND,2025,8,2025-10-26,IND,TEN,15.5,47.5,38.0,14.0,24.0,52.0,2.4900986184492457,4.19486311161542,17.990098618449245,51.69486311161542,34.84248086503233,16.852382246583087,IND,IND,WFS_TARGET_SPECIFIC_COACHING_RESIDUAL
2025_08_TEN_IND,2025,8,2025-10-26,IND,TEN,15.5,47.5,38.0,14.0,24.0,52.0,2.3359407388893736,4.03176963000005,17.835940738889374,51.53176963000005,34.68385518444471,16.84791444555534,IND,IND,WFS_TARGET_SPECIFIC_RESIDUAL
2025_08_WAS_KC,2025,8,2025-10-27,KC,WAS,10.5,48.5,28.0,7.0,21.0,35.0,0.0,0.0,10.5,48.5,29.5,19.0,KC,KC,MARKET
2025_08_WAS_KC,2025,8,2025-10-27,KC,WAS,10.5,48.5,28.0,7.0,21.0,35.0,4.494924467254508,2.0919997118781226,14.994924467254508,50.591999711878124,32.79346208956632,17.79853762231181,KC,KC,WFS_CORE_IMPACT_RESIDUAL
2025_08_WAS_KC,2025,8,2025-10-27,KC,WAS,10.5,48.5,28.0,7.0,21.0,35.0,1.8036080908217516,2.1100425039309907,12.30360809082175,50.61004250393099,31.45682529737637,19.153217206554622,KC,KC,WFS_CORE_RESIDUAL
2025_08_WAS_KC,2025,8,2025-10-27,KC,WAS,10.5,48.5,28.0,7.0,21.0,35.0,4.362858973990754,2.3803049260161933,14.862858973990754,50.880304926016194,32.871581950003474,18.00872297601272,KC,KC,WFS_TARGET_SPECIFIC_COACHING_RESIDUAL
2025_08_WAS_KC,2025,8,2025-10-27,KC,WAS,10.5,48.5,28.0,7.0,21.0,35.0,4.074903031257148,2.0919997118781226,14.574903031257147,50.591999711878124,32.583451371567634,18.00854834031049,KC,KC,WFS_TARGET_SPECIFIC_RESIDUAL
2025_09_BAL_MIA,2025,9,2025-10-30,MIA,BAL,-7.5,51.5,6.0,28.0,-22.0,34.0,0.0,0.0,-7.5,51.5,22.0,29.5,BAL,BAL,MARKET
2025_09_BAL_MIA,2025,9,2025-10-30,MIA,BAL,-7.5,51.5,6.0,28.0,-22.0,34.0,0.4318886979357891,1.2828022814617195,-7.068111302064211,52.78280228146172,22.857345489698755,29.925456791762965,BAL,BAL,WFS_CORE_IMPACT_RESIDUAL
2025_09_BAL_MIA,2025,9,2025-10-30,MIA,BAL,-7.5,51.5,6.0,28.0,-22.0,34.0,1.0074930023785218,1.674469047173522,-6.492506997621478,53.174469047173524,23.340981024776024,29.8334880223975,BAL,BAL,WFS_CORE_RESIDUAL
2025_09_BAL_MIA,2025,9,2025-10-30,MIA,BAL,-7.5,51.5,6.0,28.0,-22.0,34.0,-0.027365425134347664,1.478889334042485,-7.527365425134348,52.978889334042485,22.725761954454068,30.253127379588417,BAL,BAL,WFS_TARGET_SPECIFIC_COACHING_RESIDUAL
2025_09_BAL_MIA,2025,9,2025-10-30,MIA,BAL,-7.5,51.5,6.0,28.0,-22.0,34.0,-0.05722687023628703,1.2828022814617195,-7.557226870236287,52.78280228146172,22.612787705612718,30.170014575849002,BAL,BAL,WFS_TARGET_SPECIFIC_RESIDUAL
2025_09_ATL_NE,2025,9,2025-11-02,NE,ATL,5.5,45.5,24.0,23.0,1.0,47.0,0.0,0.0,5.5,45.5,25.5,20.0,NE,NE,MARKET
2025_09_ATL_NE,2025,9,2025-11-02,NE,ATL,5.5,45.5,24.0,23.0,1.0,47.0,3.1834729368084482,2.0689102580053063,8.683472936808448,47.5689102580053,28.126191597406876,19.442718660598427,NE,NE,WFS_CORE_IMPACT_RESIDUAL
2025_09_ATL_NE,2025,9,2025-11-02,NE,ATL,5.5,45.5,24.0,23.0,1.0,47.0,2.7164533744533013,1.9218076401533293,8.216453374453302,47.42180764015333,27.819130507303317,19.602677132850015,NE,NE,WFS_CORE_RESIDUAL
2025_09_ATL_NE,2025,9,2025-11-02,NE,ATL,5.5,45.5,24.0,23.0,1.0,47.0,-0.3973391914917036,2.1727056475182254,5.102660808508296,47.67270564751823,26.387683228013262,21.285022419504966,NE,NE,WFS_TARGET_SPECIFIC_COACHING_RESIDUAL
2025_09_ATL_NE,2025,9,2025-11-02,NE,ATL,5.5,45.5,24.0,23.0,1.0,47.0,-0.29006771799585823,2.0689102580053063,5.209932282004142,47.5689102580053,26.38942127000472,21.179488988000582,NE,NE,WFS_TARGET_SPECIFIC_RESIDUAL
2025_09_CAR_GB,2025,9,2025-11-02,GB,CAR,12.5,43.5,13.0,16.0,-3.0,29.0,0.0,0.0,12.5,43.5,28.0,15.5,CAR,GB,MARKET
2025_09_CAR_GB,2025,9,2025-11-02,GB,CAR,12.5,43.5,13.0,16.0,-3.0,29.0,0.8998526602114568,1.7319921429958527,13.399852660211456,45.23199214299585,29.315922401603654,15.916069741392196,CAR,GB,WFS_CORE_IMPACT_RESIDUAL
2025_09_CAR_GB,2025,9,2025-11-02,GB,CAR,12.5,43.5,13.0,16.0,-3.0,29.0,1.5654951704031723,2.2868165191954715,14.065495170403173,45.78681651919547,29.92615584479932,15.860660674396147,CAR,GB,WFS_CORE_RESIDUAL
2025_09_CAR_GB,2025,9,2025-11-02,GB,CAR,12.5,43.5,13.0,16.0,-3.0,29.0,1.518343518771104,1.9617233190111287,14.018343518771104,45.46172331901113,29.740033418891116,15.721689900120012,CAR,GB,WFS_TARGET_SPECIFIC_COACHING_RESIDUAL
2025_09_CAR_GB,2025,9,2025-11-02,GB,CAR,12.5,43.5,13.0,16.0,-3.0,29.0,1.3407568699386134,1.7319921429958527,13.840756869938613,45.23199214299585,29.536374506467233,15.695617636528619,CAR,GB,WFS_TARGET_SPECIFIC_RESIDUAL
2025_09_CHI_CIN,2025,9,2025-11-02,CIN,CHI,-3.0,51.5,42.0,47.0,-5.0,89.0,0.0,0.0,-3.0,51.5,24.25,27.25,CHI,CHI,MARKET
2025_09_CHI_CIN,2025,9,2025-11-02,CIN,CHI,-3.0,51.5,42.0,47.0,-5.0,89.0,2.400865685910665,2.2023093877679485,-0.5991343140893348,53.70230938776795,26.551587536839307,27.15072185092864,CHI,CHI,WFS_CORE_IMPACT_RESIDUAL
2025_09_CHI_CIN,2025,9,2025-11-02,CIN,CHI,-3.0,51.5,42.0,47.0,-5.0,89.0,0.15178070186657455,0.7057816168948753,-2.8482192981334253,52.205781616894875,24.678781159380726,27.52700045751415,CHI,CHI,WFS_CORE_RESIDUAL
2025_09_CHI_CIN,2025,9,2025-11-02,CIN,CHI,-3.0,51.5,42.0,47.0,-5.0,89.0,2.240200996851678,2.2025766479801425,-0.7597990031483222,53.702576647980145,26.47138882241591,27.231187825564234,CHI,CHI,WFS_TARGET_SPECIFIC_COACHING_RESIDUAL
2025_09_CHI_CIN,2025,9,2025-11-02,CIN,CHI,-3.0,51.5,42.0,47.0,-5.0,89.0,2.0291621209395196,2.2023093877679485,-0.9708378790604804,53.70230938776795,26.365735754353732,27.336573633414215,CHI,CHI,WFS_TARGET_SPECIFIC_RESIDUAL
2025_09_DEN_HOU,2025,9,2025-11-02,HOU,DEN,1.5,40.5,15.0,18.0,-3.0,33.0,0.0,0.0,1.5,40.5,21.0,19.5,DEN,HOU,MARKET
2025_09_DEN_HOU,2025,9,2025-11-02,HOU,DEN,1.5,40.5,15.0,18.0,-3.0,33.0,2.6855600852805686,2.739214838236374,4.185560085280569,43.23921483823637,23.71238746175847,19.5268273764779,DEN,HOU,WFS_CORE_IMPACT_RESIDUAL
2025_09_DEN_HOU,2025,9,2025-11-02,HOU,DEN,1.5,40.5,15.0,18.0,-3.0,33.0,1.6025577835508564,2.355782533780159,3.102557783550856,42.85578253378016,22.979170158665507,19.87661237511465,DEN,HOU,WFS_CORE_RESIDUAL
2025_09_DEN_HOU,2025,9,2025-11-02,HOU,DEN,1.5,40.5,15.0,18.0,-3.0,33.0,2.4834256350265247,3.0325298780102865,3.9834256350265247,43.53252987801029,23.757977756518407,19.77455212149188,DEN,HOU,WFS_TARGET_SPECIFIC_COACHING_RESIDUAL
2025_09_DEN_HOU,2025,9,2025-11-02,HOU,DEN,1.5,40.5,15.0,18.0,-3.0,33.0,2.391232123434641,2.739214838236374,3.891232123434641,43.23921483823637,23.565223480835506,19.673991357400865,DEN,HOU,WFS_TARGET_SPECIFIC_RESIDUAL
2025_09_IND_PIT,2025,9,2025-11-02,PIT,IND,-3.5,51.5,27.0,20.0,7.0,47.0,0.0,0.0,-3.5,51.5,24.0,27.5,PIT,IND,MARKET
2025_09_IND_PIT,2025,9,2025-11-02,PIT,IND,-3.5,51.5,27.0,20.0,7.0,47.0,-0.039644682603424394,1.7943973890682945,-3.5396446826034245,53.294397389068294,24.877376353232435,28.41702103583586,PIT,IND,WFS_CORE_IMPACT_RESIDUAL
2025_09_IND_PIT,2025,9,2025-11-02,PIT,IND,-3.5,51.5,27.0,20.0,7.0,47.0,0.44375735876339306,1.8291376841753964,-3.056242641236607,53.32913768417539,25.136447521469393,28.192690162706,PIT,IND,WFS_CORE_RESIDUAL
2025_09_IND_PIT,2025,9,2025-11-02,PIT,IND,-3.5,51.5,27.0,20.0,7.0,47.0,-0.05779312757305888,2.080354011309858,-3.557793127573059,53.58035401130986,25.0112804418684,28.569073569441457,PIT,IND,WFS_TARGET_SPECIFIC_COACHING_RESIDUAL
2025_09_IND_PIT,2025,9,2025-11-02,PIT,IND,-3.5,51.5,27.0,20.0,7.0,47.0,-0.09619802561658257,1.7943973890682945,-3.5961980256165824,53.294397389068294,24.849099681725857,28.445297707342437,PIT,IND,WFS_TARGET_SPECIFIC_RESIDUAL
2025_09_JAX_LV,2025,9,2025-11-02,LV,JAX,-2.5,43.5,29.0,30.0,-1.0,59.0,0.0,0.0,-2.5,43.5,20.5,23.0,JAX,JAX,MARKET
2025_09_JAX_LV,2025,9,2025-11-02,LV,JAX,-2.5,43.5,29.0,30.0,-1.0,59.0,2.237133579997533,1.2290171295790047,-0.26286642000246685,44.729017129579006,22.23307535478827,22.495941774790737,JAX,JAX,WFS_CORE_IMPACT_RESIDUAL
2025_09_JAX_LV,2025,9,2025-11-02,LV,JAX,-2.5,43.5,29.0,30.0,-1.0,59.0,-0.0802122845375434,-0.19968125385204855,-2.5802122845375433,43.30031874614795,20.360053230805203,22.940265515342748,JAX,JAX,WFS_CORE_RESIDUAL
2025_09_JAX_LV,2025,9,2025-11-02,LV,JAX,-2.5,43.5,29.0,30.0,-1.0,59.0,2.3456532938802925,0.9290308044860228,-0.15434670611970747,44.429030804486025,22.137342049183157,22.291688755302868,JAX,JAX,WFS_TARGET_SPECIFIC_COACHING_RESIDUAL
2025_09_JAX_LV,2025,9,2025-11-02,LV,JAX,-2.5,43.5,29.0,30.0,-1.0,59.0,2.5027318184319487,1.2290171295790047,0.002731818431948696,44.729017129579006,22.365874474005476,22.36314265557353,JAX,LV,WFS_TARGET_SPECIFIC_RESIDUAL
2025_09_KC_BUF,2025,9,2025-11-02,BUF,KC,-2.5,53.5,28.0,21.0,7.0,49.0,0.0,0.0,-2.5,53.5,25.5,28.0,BUF,KC,MARKET
2025_09_KC_BUF,2025,9,2025-11-02,BUF,KC,-2.5,53.5,28.0,21.0,7.0,49.0,3.0891898031217173,3.4409286701169473,0.5891898031217173,56.940928670116946,28.765059236619333,28.175869433497613,BUF,BUF,WFS_CORE_IMPACT_RESIDUAL
2025_09_KC_BUF,2025,9,2025-11-02,BUF,KC,-2.5,53.5,28.0,21.0,7.0,49.0,2.40379963040084,2.998071359860047,-0.09620036959915979,56.49807135986005,28.200935495130445,28.297135864729604,BUF,KC,WFS_CORE_RESIDUAL
2025_09_KC_BUF,2025,9,2025-11-02,BUF,KC,-2.5,53.5,28.0,21.0,7.0,49.0,2.4351437885930154,4.073379732987713,-0.06485621140698461,57.57337973298771,28.754261760790364,28.819117972197347,BUF,KC,WFS_TARGET_SPECIFIC_COACHING_RESIDUAL
2025_09_KC_BUF,2025,9,2025-11-02,BUF,KC,-2.5,53.5,28.0,21.0,7.0,49.0,2.347499631206468,3.4409286701169473,-0.15250036879353202,56.940928670116946,28.394214150661707,28.54671451945524,BUF,KC,WFS_TARGET_SPECIFIC_RESIDUAL
2025_09_LAC_TEN,2025,9,2025-11-02,TEN,LAC,-10.0,44.5,20.0,27.0,-7.0,47.0,0.0,0.0,-10.0,44.5,17.25,27.25,LAC,LAC,MARKET
2025_09_LAC_TEN,2025,9,2025-11-02,TEN,LAC,-10.0,44.5,20.0,27.0,-7.0,47.0,-1.7796155280350667,1.5733760989402823,-11.779615528035066,46.07337609894028,17.146880285452607,28.926495813487673,LAC,LAC,WFS_CORE_IMPACT_RESIDUAL
2025_09_LAC_TEN,2025,9,2025-11-02,TEN,LAC,-10.0,44.5,20.0,27.0,-7.0,47.0,-0.9123412370744052,0.7066673220941198,-10.912341237074406,45.20666732209412,17.147163042509856,28.059504279584264,LAC,LAC,WFS_CORE_RESIDUAL
2025_09_LAC_TEN,2025,9,2025-11-02,TEN,LAC,-10.0,44.5,20.0,27.0,-7.0,47.0,-1.981387120976357,1.3479091335286375,-11.981387120976358,45.84790913352864,16.93326100627614,28.914648127252498,LAC,LAC,WFS_TARGET_SPECIFIC_COACHING_RESIDUAL
2025_09_LAC_TEN,2025,9,2025-11-02,TEN,LAC,-10.0,44.5,20.0,27.0,-7.0,47.0,-1.861101515690259,1.5733760989402823,-11.861101515690258,46.07337609894028,17.10613729162501,28.96723880731527,LAC,LAC,WFS_TARGET_SPECIFIC_RESIDUAL
2025_09_MIN_DET,2025,9,2025-11-02,DET,MIN,9.5,47.5,24.0,27.0,-3.0,51.0,0.0,0.0,9.5,47.5,28.5,19.0,MIN,DET,MARKET
2025_09_MIN_DET,2025,9,2025-11-02,DET,MIN,9.5,47.5,24.0,27.0,-3.0,51.0,2.0725874425913315,1.412206641638392,11.572587442591331,48.91220664163839,30.24239704211486,18.669809599523532,MIN,DET,WFS_CORE_IMPACT_RESIDUAL
2025_09_MIN_DET,2025,9,2025-11-02,DET,MIN,9.5,47.5,24.0,27.0,-3.0,51.0,2.073004322411262,1.6924843788822894,11.573004322411261,49.19248437888229,30.382744350646774,18.809740028235517,MIN,DET,WFS_CORE_RESIDUAL
2025_09_MIN_DET,2025,9,2025-11-02,DET,MIN,9.5,47.5,24.0,27.0,-3.0,51.0,2.119633795553341,2.0062156581004804,11.61963379555334,49.50621565810048,30.56292472682691,18.94329093127357,MIN,DET,WFS_TARGET_SPECIFIC_COACHING_RESIDUAL
2025_09_MIN_DET,2025,9,2025-11-02,DET,MIN,9.5,47.5,24.0,27.0,-3.0,51.0,1.9373785820488747,1.412206641638392,11.437378582048876,48.91220664163839,30.174792611843635,18.737414029794756,MIN,DET,WFS_TARGET_SPECIFIC_RESIDUAL
2025_09_NO_LA,2025,9,2025-11-02,LA,NO,14.0,44.5,34.0,10.0,24.0,44.0,0.0,0.0,14.0,44.5,29.25,15.25,LA,LA,MARKET
2025_09_NO_LA,2025,9,2025-11-02,LA,NO,14.0,44.5,34.0,10.0,24.0,44.0,1.8209990877377331,1.7957228648684913,15.820999087737732,46.295722864868495,31.058360976303113,15.237361888565381,LA,LA,WFS_CORE_IMPACT_RESIDUAL
2025_09_NO_LA,2025,9,2025-11-02,LA,NO,14.0,44.5,34.0,10.0,24.0,44.0,1.8793334064344587,2.7404135991765823,15.879333406434458,47.240413599176584,31.559873502805523,15.680540096371063,LA,LA,WFS_CORE_RESIDUAL
2025_09_NO_LA,2025,9,2025-11-02,LA,NO,14.0,44.5,34.0,10.0,24.0,44.0,1.8633447907941048,2.158991844648904,15.863344790794105,46.6589918446489,31.261168317721506,15.397823526927398,LA,LA,WFS_TARGET_SPECIFIC_COACHING_RESIDUAL
2025_09_NO_LA,2025,9,2025-11-02,LA,NO,14.0,44.5,34.0,10.0,24.0,44.0,1.6096858662703364,1.7957228648684913,15.609685866270336,46.295722864868495,30.952704365569417,15.34301849929908,LA,LA,WFS_TARGET_SPECIFIC_RESIDUAL
2025_09_SEA_WAS,2025,9,2025-11-02,WAS,SEA,-2.5,47.5,14.0,38.0,-24.0,52.0,0.0,0.0,-2.5,47.5,22.5,25.0,SEA,SEA,MARKET
2025_09_SEA_WAS,2025,9,2025-11-02,WAS,SEA,-2.5,47.5,14.0,38.0,-24.0,52.0,1.0292563661869087,1.7311683137532947,-1.4707436338130913,49.231168313753294,23.8802123399701,25.350955973783194,SEA,SEA,WFS_CORE_IMPACT_RESIDUAL
2025_09_SEA_WAS,2025,9,2025-11-02,WAS,SEA,-2.5,47.5,14.0,38.0,-24.0,52.0,0.45281897146306527,0.7655655701382195,-2.0471810285369347,48.26556557013822,23.109192270800644,25.156373299337577,SEA,SEA,WFS_CORE_RESIDUAL
2025_09_SEA_WAS,2025,9,2025-11-02,WAS,SEA,-2.5,47.5,14.0,38.0,-24.0,52.0,-0.32392362283805665,1.9538241367146436,-2.8239236228380564,49.453824136714644,23.314950256938292,26.13887387977635,SEA,SEA,WFS_TARGET_SPECIFIC_COACHING_RESIDUAL
2025_09_SEA_WAS,2025,9,2025-11-02,WAS,SEA,-2.5,47.5,14.0,38.0,-24.0,52.0,-0.3692539055343489,1.7311683137532947,-2.869253905534349,49.231168313753294,23.180957204109472,26.050211109643822,SEA,SEA,WFS_TARGET_SPECIFIC_RESIDUAL
2025_09_SF_NYG,2025,9,2025-11-02,NYG,SF,-2.5,47.5,24.0,34.0,-10.0,58.0,0.0,0.0,-2.5,47.5,22.5,25.0,SF,SF,MARKET
2025_09_SF_NYG,2025,9,2025-11-02,NYG,SF,-2.5,47.5,24.0,34.0,-10.0,58.0,2.1581659926541787,2.4312925965724133,-0.34183400734582126,49.93129259657241,24.794729294613294,25.136563301959118,SF,SF,WFS_CORE_IMPACT_RESIDUAL
2025_09_SF_NYG,2025,9,2025-11-02,NYG,SF,-2.5,47.5,24.0,34.0,-10.0,58.0,1.5356763635844928,1.396014644138135,-0.9643236364155072,48.896014644138134,23.965845503861313,24.93016914027682,SF,SF,WFS_CORE_RESIDUAL
2025_09_SF_NYG,2025,9,2025-11-02,NYG,SF,-2.5,47.5,24.0,34.0,-10.0,58.0,1.0292831704946754,2.1726261878875106,-1.4707168295053246,49.67262618788751,24.10095467919109,25.57167150869642,SF,SF,WFS_TARGET_SPECIFIC_COACHING_RESIDUAL
2025_09_SF_NYG,2025,9,2025-11-02,NYG,SF,-2.5,47.5,24.0,34.0,-10.0,58.0,1.1284402082531426,2.4312925965724133,-1.3715597917468574,49.93129259657241,24.27986640241278,25.651426194159633,SF,SF,WFS_TARGET_SPECIFIC_RESIDUAL
2025_09_ARI_DAL,2025,9,2025-11-03,DAL,ARI,3.5,53.5,17.0,27.0,-10.0,44.0,0.0,0.0,3.5,53.5,28.5,25.0,ARI,DAL,MARKET
2025_09_ARI_DAL,2025,9,2025-11-03,DAL,ARI,3.5,53.5,17.0,27.0,-10.0,44.0,-1.0702595146841585,0.9370603912334089,2.4297404853158415,54.43706039123341,28.433400438274624,26.003659952958785,ARI,DAL,WFS_CORE_IMPACT_RESIDUAL
2025_09_ARI_DAL,2025,9,2025-11-03,DAL,ARI,3.5,53.5,17.0,27.0,-10.0,44.0,0.22126006121884015,0.8680097262748785,3.7212600612188402,54.36800972627488,29.04463489374686,25.323374832528017,ARI,DAL,WFS_CORE_RESIDUAL
2025_09_ARI_DAL,2025,9,2025-11-03,DAL,ARI,3.5,53.5,17.0,27.0,-10.0,44.0,-1.0315288212114377,0.8083589201206224,2.4684711787885623,54.308358920120625,28.388415049454593,25.91994387066603,ARI,DAL,WFS_TARGET_SPECIFIC_COACHING_RESIDUAL
2025_09_ARI_DAL,2025,9,2025-11-03,DAL,ARI,3.5,53.5,17.0,27.0,-10.0,44.0,-0.6237679807398256,0.9370603912334089,2.8762320192601742,54.43706039123341,28.65664620524679,25.78041418598662,ARI,DAL,WFS_TARGET_SPECIFIC_RESIDUAL
2025_10_LV_DEN,2025,10,2025-11-06,DEN,LV,9.5,42.5,10.0,7.0,3.0,17.0,0.0,0.0,9.5,42.5,26.0,16.5,DEN,DEN,MARKET
2025_10_LV_DEN,2025,10,2025-11-06,DEN,LV,9.5,42.5,10.0,7.0,3.0,17.0,1.935260300787838,3.1234671067227016,11.435260300787839,45.6234671067227,28.52936370375527,17.09410340296743,DEN,DEN,WFS_CORE_IMPACT_RESIDUAL
2025_10_LV_DEN,2025,10,2025-11-06,DEN,LV,9.5,42.5,10.0,7.0,3.0,17.0,1.164871229652233,2.642953167771085,10.664871229652233,45.14295316777108,27.90391219871166,17.239040969059424,DEN,DEN,WFS_CORE_RESIDUAL
2025_10_LV_DEN,2025,10,2025-11-06,DEN,LV,9.5,42.5,10.0,7.0,3.0,17.0,2.014841775739208,3.4382687906690705,11.514841775739209,45.93826879066907,28.72655528320414,17.211713507464932,DEN,DEN,WFS_TARGET_SPECIFIC_COACHING_RESIDUAL
2025_10_LV_DEN,2025,10,2025-11-06,DEN,LV,9.5,42.5,10.0,7.0,3.0,17.0,1.8408448793439132,3.1234671067227016,11.340844879343914,45.6234671067227,28.482155993033306,17.141311113689394,DEN,DEN,WFS_TARGET_SPECIFIC_RESIDUAL
2025_10_ARI_SEA,2025,10,2025-11-09,SEA,ARI,7.0,44.5,44.0,22.0,22.0,66.0,0.0,0.0,7.0,44.5,25.75,18.75,SEA,SEA,MARKET
2025_10_ARI_SEA,2025,10,2025-11-09,SEA,ARI,7.0,44.5,44.0,22.0,22.0,66.0,1.0692437143634035,3.282163158244543,8.069243714363404,47.78216315824454,27.925703436303973,19.85645972194057,SEA,SEA,WFS_CORE_IMPACT_RESIDUAL
2025_10_ARI_SEA,2025,10,2025-11-09,SEA,ARI,7.0,44.5,44.0,22.0,22.0,66.0,1.7932135203984634,2.7286867685727056,8.793213520398464,47.22868676857271,28.010950144485584,19.217736624087124,SEA,SEA,WFS_CORE_RESIDUAL
2025_10_ARI_SEA,2025,10,2025-11-09,SEA,ARI,7.0,44.5,44.0,22.0,22.0,66.0,0.8721753962681165,3.45305533205203,7.8721753962681165,47.95305533205203,27.912615364160075,20.040439967891956,SEA,SEA,WFS_TARGET_SPECIFIC_COACHING_RESIDUAL
2025_10_ARI_SEA,2025,10,2025-11-09,SEA,ARI,7.0,44.5,44.0,22.0,22.0,66.0,0.9605560888696246,3.282163158244543,7.960556088869625,47.78216315824454,27.871359623557083,19.91080353468746,SEA,SEA,WFS_TARGET_SPECIFIC_RESIDUAL
2025_10_ATL_IND,2025,10,2025-11-09,IND,ATL,6.5,48.5,31.0,25.0,6.0,56.0,0.0,0.0,6.5,48.5,27.5,21.0,IND,IND,MARKET
2025_10_ATL_IND,2025,10,2025-11-09,IND,ATL,6.5,48.5,31.0,25.0,6.0,56.0,0.840716162268597,2.307397096531581,7.340716162268597,50.80739709653158,29.07405662940009,21.73334046713149,IND,IND,WFS_CORE_IMPACT_RESIDUAL
2025_10_ATL_IND,2025,10,2025-11-09,IND,ATL,6.5,48.5,31.0,25.0,6.0,56.0,1.4755795256008648,2.4487983200435695,7.975579525600865,50.94879832004357,29.462188922822218,21.486609397221354,IND,IND,WFS_CORE_RESIDUAL
2025_10_ATL_IND,2025,10,2025-11-09,IND,ATL,6.5,48.5,31.0,25.0,6.0,56.0,0.7472635448530224,2.481308414693749,7.2472635448530225,50.98130841469375,29.114285979773385,21.867022434920365,IND,IND,WFS_TARGET_SPECIFIC_COACHING_RESIDUAL
2025_10_ATL_IND,2025,10,2025-11-09,IND,ATL,6.5,48.5,31.0,25.0,6.0,56.0,0.6048993211675028,2.307397096531581,7.104899321167503,50.80739709653158,28.95614820884954,21.85124888768204,IND,IND,WFS_TARGET_SPECIFIC_RESIDUAL
2025_10_BAL_MIN,2025,10,2025-11-09,MIN,BAL,-4.5,48.5,19.0,27.0,-8.0,46.0,0.0,0.0,-4.5,48.5,22.0,26.5,BAL,BAL,MARKET
2025_10_BAL_MIN,2025,10,2025-11-09,MIN,BAL,-4.5,48.5,19.0,27.0,-8.0,46.0,-1.0017780608254525,1.2666576981074247,-5.501778060825453,49.76665769810742,22.132439818640986,27.634217879466437,BAL,BAL,WFS_CORE_IMPACT_RESIDUAL
2025_10_BAL_MIN,2025,10,2025-11-09,MIN,BAL,-4.5,48.5,19.0,27.0,-8.0,46.0,-0.0857582853001717,1.3125992125198347,-4.585758285300171,49.812599212519835,22.61342046360983,27.199178748910004,BAL,BAL,WFS_CORE_RESIDUAL
2025_10_BAL_MIN,2025,10,2025-11-09,MIN,BAL,-4.5,48.5,19.0,27.0,-8.0,46.0,-2.21906552399662,1.6392158727568005,-6.71906552399662,50.1392158727568,21.71007517438009,28.42914069837671,BAL,BAL,WFS_TARGET_SPECIFIC_COACHING_RESIDUAL
2025_10_BAL_MIN,2025,10,2025-11-09,MIN,BAL,-4.5,48.5,19.0,27.0,-8.0,46.0,-2.3006399957101342,1.2666576981074247,-6.800639995710134,49.76665769810742,21.483008851198644,28.28364884690878,BAL,BAL,WFS_TARGET_SPECIFIC_RESIDUAL
2025_10_BUF_MIA,2025,10,2025-11-09,MIA,BUF,-8.5,50.5,30.0,13.0,17.0,43.0,0.0,0.0,-8.5,50.5,21.0,29.5,MIA,BUF,MARKET
2025_10_BUF_MIA,2025,10,2025-11-09,MIA,BUF,-8.5,50.5,30.0,13.0,17.0,43.0,0.6594072632168215,0.725071109127738,-7.8405927367831785,51.22507110912774,21.69223918617228,29.53283192295546,MIA,BUF,WFS_CORE_IMPACT_RESIDUAL
2025_10_BUF_MIA,2025,10,2025-11-09,MIA,BUF,-8.5,50.5,30.0,13.0,17.0,43.0,0.6534772874281938,0.8889093834730237,-7.846522712571806,51.38890938347302,21.771193335450608,29.617716048022412,MIA,BUF,WFS_CORE_RESIDUAL
2025_10_BUF_MIA,2025,10,2025-11-09,MIA,BUF,-8.5,50.5,30.0,13.0,17.0,43.0,2.3011038302458195,1.0318254705026733,-6.19889616975418,51.531825470502675,22.666464650374248,28.865360820128426,MIA,BUF,WFS_TARGET_SPECIFIC_COACHING_RESIDUAL
2025_10_BUF_MIA,2025,10,2025-11-09,MIA,BUF,-8.5,50.5,30.0,13.0,17.0,43.0,2.304540894662853,0.725071109127738,-6.195459105337147,51.22507110912774,22.514806001895295,28.710265107232445,MIA,BUF,WFS_TARGET_SPECIFIC_RESIDUAL
2025_10_CLE_NYJ,2025,10,2025-11-09,NYJ,CLE,-1.5,37.5,27.0,20.0,7.0,47.0,0.0,0.0,-1.5,37.5,18.0,19.5,NYJ,CLE,MARKET
2025_10_CLE_NYJ,2025,10,2025-11-09,NYJ,CLE,-1.5,37.5,27.0,20.0,7.0,47.0,1.7756808753259463,-0.07627368048918062,0.2756808753259463,37.42372631951082,18.849703597418383,18.574022722092437,NYJ,NYJ,WFS_CORE_IMPACT_RESIDUAL
2025_10_CLE_NYJ,2025,10,2025-11-09,NYJ,CLE,-1.5,37.5,27.0,20.0,7.0,47.0,0.4651470037129266,0.1660527541259716,-1.0348529962870734,37.66605275412597,18.31559987891945,19.35045287520652,NYJ,CLE,WFS_CORE_RESIDUAL
2025_10_CLE_NYJ,2025,10,2025-11-09,NYJ,CLE,-1.5,37.5,27.0,20.0,7.0,47.0,1.2108881178591222,-0.30067067397313113,-0.2891118821408778,37.19932932602687,18.455108721942995,18.744220604083875,NYJ,CLE,WFS_TARGET_SPECIFIC_COACHING_RESIDUAL
2025_10_CLE_NYJ,2025,10,2025-11-09,NYJ,CLE,-1.5,37.5,27.0,20.0,7.0,47.0,1.5305860480803524,-0.07627368048918062,0.030586048080352368,37.42372631951082,18.727156183795586,18.696570135715234,NYJ,NYJ,WFS_TARGET_SPECIFIC_RESIDUAL
2025_10_DET_WAS,2025,10,2025-11-09,WAS,DET,-8.5,49.5,22.0,44.0,-22.0,66.0,0.0,0.0,-8.5,49.5,20.5,29.0,DET,DET,MARKET
2025_10_DET_WAS,2025,10,2025-11-09,WAS,DET,-8.5,49.5,22.0,44.0,-22.0,66.0,0.8962069754950035,1.8122849997971275,-7.603793024504997,51.31228499979713,21.854245987646067,29.458039012151062,DET,DET,WFS_CORE_IMPACT_RESIDUAL
2025_10_DET_WAS,2025,10,2025-11-09,WAS,DET,-8.5,49.5,22.0,44.0,-22.0,66.0,1.001352363275137,0.7034692157570864,-7.498647636724863,50.20346921575709,21.352410789516114,28.851058426240975,DET,DET,WFS_CORE_RESIDUAL
2025_10_DET_WAS,2025,10,2025-11-09,WAS,DET,-8.5,49.5,22.0,44.0,-22.0,66.0,0.010274641698899911,1.979412919086982,-8.4897253583011,51.47941291908698,21.49484378039294,29.98456913869404,DET,DET,WFS_TARGET_SPECIFIC_COACHING_RESIDUAL
2025_10_DET_WAS,2025,10,2025-11-09,WAS,DET,-8.5,49.5,22.0,44.0,-22.0,66.0,0.14974893911496287,1.8122849997971275,-8.350251060885038,51.31228499979713,21.481016969456046,29.831268030341082,DET,DET,WFS_TARGET_SPECIFIC_RESIDUAL
2025_10_JAX_HOU,2025,10,2025-11-09,HOU,JAX,-1.5,37.5,36.0,29.0,7.0,65.0,0.0,0.0,-1.5,37.5,18.0,19.5,HOU,JAX,MARKET
2025_10_JAX_HOU,2025,10,2025-11-09,HOU,JAX,-1.5,37.5,36.0,29.0,7.0,65.0,3.2322903838680768,3.247550306708012,1.7322903838680768,40.747550306708014,21.239920345288045,19.50762996141997,HOU,HOU,WFS_CORE_IMPACT_RESIDUAL
2025_10_JAX_HOU,2025,10,2025-11-09,HOU,JAX,-1.5,37.5,36.0,29.0,7.0,65.0,1.0418277502545898,2.1791087192903293,-0.45817224974541015,39.679108719290326,19.61046823477246,20.068640484517868,HOU,JAX,WFS_CORE_RESIDUAL
2025_10_JAX_HOU,2025,10,2025-11-09,HOU,JAX,-1.5,37.5,36.0,29.0,7.0,65.0,3.1411725481261805,3.3394947699037876,1.6411725481261805,40.83949476990379,21.240333659014983,19.599161110888804,HOU,HOU,WFS_TARGET_SPECIFIC_COACHING_RESIDUAL
2025_10_JAX_HOU,2025,10,2025-11-09,HOU,JAX,-1.5,37.5,36.0,29.0,7.0,65.0,2.8575481237590075,3.247550306708012,1.3575481237590075,40.747550306708014,21.052549215233512,19.695001091474502,HOU,HOU,WFS_TARGET_SPECIFIC_RESIDUAL
2025_10_LA_SF,2025,10,2025-11-09,SF,LA,-5.5,49.5,26.0,42.0,-16.0,68.0,0.0,0.0,-5.5,49.5,22.0,27.5,LA,LA,MARKET
2025_10_LA_SF,2025,10,2025-11-09,SF,LA,-5.5,49.5,26.0,42.0,-16.0,68.0,-0.07080956780545722,1.7564344137235413,-5.570809567805457,51.25643441372354,22.842812422959042,28.413621990764497,LA,LA,WFS_CORE_IMPACT_RESIDUAL
2025_10_LA_SF,2025,10,2025-11-09,SF,LA,-5.5,49.5,26.0,42.0,-16.0,68.0,1.3225831393227283,2.5258700250964043,-4.177416860677272,52.0258700250964,23.924226582209567,28.101643442886836,LA,LA,WFS_CORE_RESIDUAL
2025_10_LA_SF,2025,10,2025-11-09,SF,LA,-5.5,49.5,26.0,42.0,-16.0,68.0,-3.370580024813665,2.15978279949709,-8.870580024813664,51.65978279949709,21.394601387341712,30.265181412155375,LA,LA,WFS_TARGET_SPECIFIC_COACHING_RESIDUAL
2025_10_LA_SF,2025,10,2025-11-09,SF,LA,-5.5,49.5,26.0,42.0,-16.0,68.0,-3.4348272676870324,1.7564344137235413,-8.934827267687032,51.25643441372354,21.160803573018253,30.095630840705287,LA,LA,WFS_TARGET_SPECIFIC_RESIDUAL
2025_10_NE_TB,2025,10,2025-11-09,TB,NE,2.5,48.5,23.0,28.0,-5.0,51.0,0.0,0.0,2.5,48.5,25.5,23.0,NE,TB,MARKET
2025_10_NE_TB,2025,10,2025-11-09,TB,NE,2.5,48.5,23.0,28.0,-5.0,51.0,-1.3964127137537865,0.30771329021107086,1.1035872862462135,48.80771329021107,24.95565028822864,23.85206300198243,NE,TB,WFS_CORE_IMPACT_RESIDUAL
2025_10_NE_TB,2025,10,2025-11-09,TB,NE,2.5,48.5,23.0,28.0,-5.0,51.0,0.3582341846795005,1.8358627917260306,2.8582341846795005,50.33586279172603,26.597048488202766,23.738814303523263,NE,TB,WFS_CORE_RESIDUAL
2025_10_NE_TB,2025,10,2025-11-09,TB,NE,2.5,48.5,23.0,28.0,-5.0,51.0,-3.427143542720453,0.45727144696422284,-0.9271435427204531,48.95727144696422,24.015063952121885,24.942207494842336,NE,NE,WFS_TARGET_SPECIFIC_COACHING_RESIDUAL
2025_10_NE_TB,2025,10,2025-11-09,TB,NE,2.5,48.5,23.0,28.0,-5.0,51.0,-3.722172883730684,0.30771329021107086,-1.2221728837306838,48.80771329021107,23.79277020324019,25.014943086970877,NE,NE,WFS_TARGET_SPECIFIC_RESIDUAL
2025_10_NO_CAR,2025,10,2025-11-09,CAR,NO,5.5,38.5,7.0,17.0,-10.0,24.0,0.0,0.0,5.5,38.5,22.0,16.5,NO,CAR,MARKET
2025_10_NO_CAR,2025,10,2025-11-09,CAR,NO,5.5,38.5,7.0,17.0,-10.0,24.0,2.080362683363984,0.3411327276149894,7.580362683363984,38.84113272761499,23.21074770548949,15.630385022125504,NO,CAR,WFS_CORE_IMPACT_RESIDUAL
2025_10_NO_CAR,2025,10,2025-11-09,CAR,NO,5.5,38.5,7.0,17.0,-10.0,24.0,1.855183549233591,1.4213209795108033,7.355183549233591,39.9213209795108,23.6382522643722,16.283068715138604,NO,CAR,WFS_CORE_RESIDUAL
2025_10_NO_CAR,2025,10,2025-11-09,CAR,NO,5.5,38.5,7.0,17.0,-10.0,24.0,1.7207811154661707,0.2940784644100134,7.2207811154661705,38.79407846441001,23.007429789938094,15.786648674471921,NO,CAR,WFS_TARGET_SPECIFIC_COACHING_RESIDUAL
2025_10_NO_CAR,2025,10,2025-11-09,CAR,NO,5.5,38.5,7.0,17.0,-10.0,24.0,1.8176939901053275,0.3411327276149894,7.317693990105328,38.84113272761499,23.079413358860158,15.761719368754832,NO,CAR,WFS_TARGET_SPECIFIC_RESIDUAL
2025_10_NYG_CHI,2025,10,2025-11-09,CHI,NYG,4.5,45.5,24.0,20.0,4.0,44.0,0.0,0.0,4.5,45.5,25.0,20.5,CHI,CHI,MARKET
2025_10_NYG_CHI,2025,10,2025-11-09,CHI,NYG,4.5,45.5,24.0,20.0,4.0,44.0,1.5075023458654981,2.1251382071750378,6.007502345865499,47.62513820717504,26.81632027652027,20.808817930654772,CHI,CHI,WFS_CORE_IMPACT_RESIDUAL
2025_10_NYG_CHI,2025,10,2025-11-09,CHI,NYG,4.5,45.5,24.0,20.0,4.0,44.0,1.6869876666831765,1.2421804425056227,6.1869876666831765,46.74218044250562,26.464584054594397,20.277596387911224,CHI,CHI,WFS_CORE_RESIDUAL
2025_10_NYG_CHI,2025,10,2025-11-09,CHI,NYG,4.5,45.5,24.0,20.0,4.0,44.0,0.6849359610930356,2.070150967019721,5.184935961093036,47.57015096701972,26.37754346405638,21.19260750296334,CHI,CHI,WFS_TARGET_SPECIFIC_COACHING_RESIDUAL
2025_10_NYG_CHI,2025,10,2025-11-09,CHI,NYG,4.5,45.5,24.0,20.0,4.0,44.0,1.0007062851432338,2.1251382071750378,5.500706285143234,47.62513820717504,26.562922246159136,21.062215961015905,CHI,CHI,WFS_TARGET_SPECIFIC_RESIDUAL
2025_10_PIT_LAC,2025,10,2025-11-09,LAC,PIT,3.0,45.5,25.0,10.0,15.0,35.0,0.0,0.0,3.0,45.5,24.25,21.25,LAC,LAC,MARKET
2025_10_PIT_LAC,2025,10,2025-11-09,LAC,PIT,3.0,45.5,25.0,10.0,15.0,35.0,1.8174691518999433,1.458863232129424,4.817469151899943,46.958863232129424,25.888166192014683,21.07069704011474,LAC,LAC,WFS_CORE_IMPACT_RESIDUAL
2025_10_PIT_LAC,2025,10,2025-11-09,LAC,PIT,3.0,45.5,25.0,10.0,15.0,35.0,0.9591829071841035,1.7896402953952795,3.9591829071841036,47.28964029539528,25.62441160128969,21.66522869410559,LAC,LAC,WFS_CORE_RESIDUAL
2025_10_PIT_LAC,2025,10,2025-11-09,LAC,PIT,3.0,45.5,25.0,10.0,15.0,35.0,1.5107868049055062,1.7451433850974805,4.510786804905506,47.24514338509748,25.877965095001493,21.367178290095985,LAC,LAC,WFS_TARGET_SPECIFIC_COACHING_RESIDUAL
2025_10_PIT_LAC,2025,10,2025-11-09,LAC,PIT,3.0,45.5,25.0,10.0,15.0,35.0,1.528449754280126,1.458863232129424,4.5284497542801265,46.958863232129424,25.743656493204774,21.21520673892465,LAC,LAC,WFS_TARGET_SPECIFIC_RESIDUAL
2025_10_PHI_GB,2025,10,2025-11-10,GB,PHI,1.5,45.5,7.0,10.0,-3.0,17.0,0.0,0.0,1.5,45.5,23.5,22.0,PHI,GB,MARKET
2025_10_PHI_GB,2025,10,2025-11-10,GB,PHI,1.5,45.5,7.0,10.0,-3.0,17.0,0.19629797103323926,1.4562723126464294,1.6962979710332393,46.956272312646426,24.326285141839833,22.629987170806594,PHI,GB,WFS_CORE_IMPACT_RESIDUAL
2025_10_PHI_GB,2025,10,2025-11-10,GB,PHI,1.5,45.5,7.0,10.0,-3.0,17.0,0.5515551262365067,1.6388130025609382,2.0515551262365066,47.13881300256094,24.595184064398723,22.543628938162215,PHI,GB,WFS_CORE_RESIDUAL
2025_10_PHI_GB,2025,10,2025-11-10,GB,PHI,1.5,45.5,7.0,10.0,-3.0,17.0,0.04458942726381279,1.8281665324742176,1.5445894272638128,47.32816653247422,24.436377979869018,22.891788552605203,PHI,GB,WFS_TARGET_SPECIFIC_COACHING_RESIDUAL
2025_10_PHI_GB,2025,10,2025-11-10,GB,PHI,1.5,45.5,7.0,10.0,-3.0,17.0,-0.014122820599537393,1.4562723126464294,1.4858771794004626,46.956272312646426,24.221074746023444,22.735197566622983,PHI,GB,WFS_TARGET_SPECIFIC_RESIDUAL
2025_11_NYJ_NE,2025,11,2025-11-13,NE,NYJ,12.5,43.5,27.0,14.0,13.0,41.0,0.0,0.0,12.5,43.5,28.0,15.5,NE,NE,MARKET
2025_11_NYJ_NE,2025,11,2025-11-13,NE,NYJ,12.5,43.5,27.0,14.0,13.0,41.0,2.1771328380416644,2.358374803811572,14.677132838041665,45.85837480381157,30.267753820926618,15.590620982884953,NE,NE,WFS_CORE_IMPACT_RESIDUAL
2025_11_NYJ_NE,2025,11,2025-11-13,NE,NYJ,12.5,43.5,27.0,14.0,13.0,41.0,2.0769171225232017,2.2621118602836012,14.576917122523202,45.7621118602836,30.169514491403405,15.5925973688802,NE,NE,WFS_CORE_RESIDUAL
2025_11_NYJ_NE,2025,11,2025-11-13,NE,NYJ,12.5,43.5,27.0,14.0,13.0,41.0,1.271530950668089,2.434194291601888,13.771530950668089,45.93419429160189,29.85286262113499,16.081331670466902,NE,NE,WFS_TARGET_SPECIFIC_COACHING_RESIDUAL
2025_11_NYJ_NE,2025,11,2025-11-13,NE,NYJ,12.5,43.5,27.0,14.0,13.0,41.0,1.3617333014765909,2.358374803811572,13.86173330147659,45.85837480381157,29.86005405264408,15.99832075116749,NE,NE,WFS_TARGET_SPECIFIC_RESIDUAL
2025_11_BAL_CLE,2025,11,2025-11-16,CLE,BAL,-7.5,37.5,16.0,23.0,-7.0,39.0,0.0,0.0,-7.5,37.5,15.0,22.5,BAL,BAL,MARKET
2025_11_BAL_CLE,2025,11,2025-11-16,CLE,BAL,-7.5,37.5,16.0,23.0,-7.0,39.0,2.093966014447156,2.2899361581916704,-5.406033985552844,39.78993615819167,17.191951086319413,22.59798507187226,BAL,BAL,WFS_CORE_IMPACT_RESIDUAL
2025_11_BAL_CLE,2025,11,2025-11-16,CLE,BAL,-7.5,37.5,16.0,23.0,-7.0,39.0,0.5784862191304209,1.1266965457798026,-6.921513780869579,38.6266965457798,15.852591382455111,22.77410516332469,BAL,BAL,WFS_CORE_RESIDUAL
2025_11_BAL_CLE,2025,11,2025-11-16,CLE,BAL,-7.5,37.5,16.0,23.0,-7.0,39.0,1.9234307455847195,2.2904007818886245,-5.576569254415281,39.79040078188862,17.10691576373667,22.683485018151952,BAL,BAL,WFS_TARGET_SPECIFIC_COACHING_RESIDUAL
2025_11_BAL_CLE,2025,11,2025-11-16,CLE,BAL,-7.5,37.5,16.0,23.0,-7.0,39.0,2.0056097247554385,2.2899361581916704,-5.4943902752445615,39.78993615819167,17.147772941473555,22.642163216718117,BAL,BAL,WFS_TARGET_SPECIFIC_RESIDUAL
2025_11_CAR_ATL,2025,11,2025-11-16,ATL,CAR,4.5,42.5,27.0,30.0,-3.0,57.0,0.0,0.0,4.5,42.5,23.5,19.0,CAR,ATL,MARKET
2025_11_CAR_ATL,2025,11,2025-11-16,ATL,CAR,4.5,42.5,27.0,30.0,-3.0,57.0,-0.13718469054176058,0.5360366329404457,4.36281530945824,43.036036632940444,23.699425971199343,19.3366106617411,CAR,ATL,WFS_CORE_IMPACT_RESIDUAL
2025_11_CAR_ATL,2025,11,2025-11-16,ATL,CAR,4.5,42.5,27.0,30.0,-3.0,57.0,0.6091628270162762,0.8181078589486899,5.109162827016276,43.31810785894869,24.213635342982485,19.104472515966208,CAR,ATL,WFS_CORE_RESIDUAL
2025_11_CAR_ATL,2025,11,2025-11-16,ATL,CAR,4.5,42.5,27.0,30.0,-3.0,57.0,-0.411875420836962,0.5902843677091044,4.088124579163038,43.0902843677091,23.58920447343607,19.501079894273033,CAR,ATL,WFS_TARGET_SPECIFIC_COACHING_RESIDUAL
2025_11_CAR_ATL,2025,11,2025-11-16,ATL,CAR,4.5,42.5,27.0,30.0,-3.0,57.0,-0.2944934643421163,0.5360366329404457,4.205506535657884,43.036036632940444,23.620771584299163,19.41526504864128,CAR,ATL,WFS_TARGET_SPECIFIC_RESIDUAL
2025_11_CHI_MIN,2025,11,2025-11-16,MIN,CHI,3.0,47.5,17.0,19.0,-2.0,36.0,0.0,0.0,3.0,47.5,25.25,22.25,CHI,MIN,MARKET
2025_11_CHI_MIN,2025,11,2025-11-16,MIN,CHI,3.0,47.5,17.0,19.0,-2.0,36.0,0.002270696156050578,1.1028927400934228,3.0022706961560504,48.602892740093424,25.80258171812474,22.800311021968685,CHI,MIN,WFS_CORE_IMPACT_RESIDUAL
2025_11_CHI_MIN,2025,11,2025-11-16,MIN,CHI,3.0,47.5,17.0,19.0,-2.0,36.0,0.3333786598478184,0.8998585103891193,3.3333786598478183,48.399858510389116,25.866618585118466,22.53323992527065,CHI,MIN,WFS_CORE_RESIDUAL
2025_11_CHI_MIN,2025,11,2025-11-16,MIN,CHI,3.0,47.5,17.0,19.0,-2.0,36.0,0.16500808161176073,1.2104026071838663,3.1650080816117607,48.710402607183866,25.937705344397813,22.772697262786053,CHI,MIN,WFS_TARGET_SPECIFIC_COACHING_RESIDUAL
2025_11_CHI_MIN,2025,11,2025-11-16,MIN,CHI,3.0,47.5,17.0,19.0,-2.0,36.0,-0.14687082780800062,1.1028927400934228,2.8531291721919994,48.602892740093424,25.72801095614271,22.874881783950713,CHI,MIN,WFS_TARGET_SPECIFIC_RESIDUAL
2025_11_CIN_PIT,2025,11,2025-11-16,PIT,CIN,5.5,48.5,34.0,12.0,22.0,46.0,0.0,0.0,5.5,48.5,27.0,21.5,PIT,PIT,MARKET
2025_11_CIN_PIT,2025,11,2025-11-16,PIT,CIN,5.5,48.5,34.0,12.0,22.0,46.0,1.8579750507899018,1.8467788880608351,7.357975050789902,50.34677888806083,28.852376969425368,21.494401918635464,PIT,PIT,WFS_CORE_IMPACT_RESIDUAL
2025_11_CIN_PIT,2025,11,2025-11-16,PIT,CIN,5.5,48.5,34.0,12.0,22.0,46.0,-0.23456227148169329,0.2017075880781738,5.2654377285183065,48.70170758807817,26.98357265829824,21.718134929779932,PIT,PIT,WFS_CORE_RESIDUAL
2025_11_CIN_PIT,2025,11,2025-11-16,PIT,CIN,5.5,48.5,34.0,12.0,22.0,46.0,1.657655796841518,2.116901965069874,7.157655796841518,50.61690196506987,28.887278880955694,21.729623084114177,PIT,PIT,WFS_TARGET_SPECIFIC_COACHING_RESIDUAL
2025_11_CIN_PIT,2025,11,2025-11-16,PIT,CIN,5.5,48.5,34.0,12.0,22.0,46.0,1.4596835860605764,1.8467788880608351,6.959683586060576,50.34677888806083,28.653231237060705,21.693547651000127,PIT,PIT,WFS_TARGET_SPECIFIC_RESIDUAL
2025_11_DET_PHI,2025,11,2025-11-16,PHI,DET,2.5,46.5,16.0,9.0,7.0,25.0,0.0,0.0,2.5,46.5,24.5,22.0,PHI,PHI,MARKET
2025_11_DET_PHI,2025,11,2025-11-16,PHI,DET,2.5,46.5,16.0,9.0,7.0,25.0,4.095400352276628,2.9499119149342308,6.595400352276628,49.44991191493423,28.02265613360543,21.427255781328803,PHI,PHI,WFS_CORE_IMPACT_RESIDUAL
2025_11_DET_PHI,2025,11,2025-11-16,PHI,DET,2.5,46.5,16.0,9.0,7.0,25.0,1.857772640856694,1.2066705634104742,4.357772640856694,47.706670563410476,26.032221602133585,21.67444896127689,PHI,PHI,WFS_CORE_RESIDUAL
2025_11_DET_PHI,2025,11,2025-11-16,PHI,DET,2.5,46.5,16.0,9.0,7.0,25.0,3.8816733567678567,3.4914044616115083,6.381673356767857,49.99140446161151,28.186538909189682,21.804865552421827,PHI,PHI,WFS_TARGET_SPECIFIC_COACHING_RESIDUAL
2025_11_DET_PHI,2025,11,2025-11-16,PHI,DET,2.5,46.5,16.0,9.0,7.0,25.0,3.723702666543454,2.9499119149342308,6.2237026665434545,49.44991191493423,27.836807290738843,21.61310462419539,PHI,PHI,WFS_TARGET_SPECIFIC_RESIDUAL
2025_11_GB_NYG,2025,11,2025-11-16,NYG,GB,-7.5,41.5,20.0,27.0,-7.0,47.0,0.0,0.0,-7.5,41.5,17.0,24.5,GB,GB,MARKET
2025_11_GB_NYG,2025,11,2025-11-16,NYG,GB,-7.5,41.5,20.0,27.0,-7.0,47.0,0.7888042351852919,0.9321051267061684,-6.7111957648147085,42.43210512670617,17.86045468094573,24.57165044576044,GB,GB,WFS_CORE_IMPACT_RESIDUAL
2025_11_GB_NYG,2025,11,2025-11-16,NYG,GB,-7.5,41.5,20.0,27.0,-7.0,47.0,1.6609547158990214,1.2982462947644906,-5.839045284100979,42.79824629476449,18.479600505331756,24.318645789432733,GB,GB,WFS_CORE_RESIDUAL
2025_11_GB_NYG,2025,11,2025-11-16,NYG,GB,-7.5,41.5,20.0,27.0,-7.0,47.0,0.48040736325050626,0.799521723987666,-7.019592636749493,42.29952172398767,17.639964543619087,24.65955718036858,GB,GB,WFS_TARGET_SPECIFIC_COACHING_RESIDUAL
2025_11_GB_NYG,2025,11,2025-11-16,NYG,GB,-7.5,41.5,20.0,27.0,-7.0,47.0,0.6194066451451465,0.9321051267061684,-6.880593354854853,42.43210512670617,17.77575588592566,24.65634924078051,GB,GB,WFS_TARGET_SPECIFIC_RESIDUAL
2025_11_HOU_TEN,2025,11,2025-11-16,TEN,HOU,-5.5,37.5,13.0,16.0,-3.0,29.0,0.0,0.0,-5.5,37.5,16.0,21.5,HOU,HOU,MARKET
2025_11_HOU_TEN,2025,11,2025-11-16,TEN,HOU,-5.5,37.5,13.0,16.0,-3.0,29.0,2.1394490965549395,0.8227045294713289,-3.3605509034450605,38.32270452947133,17.481076813013136,20.841627716458195,HOU,HOU,WFS_CORE_IMPACT_RESIDUAL
2025_11_HOU_TEN,2025,11,2025-11-16,TEN,HOU,-5.5,37.5,13.0,16.0,-3.0,29.0,-0.19475664098241124,0.2618944880011223,-5.694756640982411,37.761894488001126,16.033568923509357,21.72832556449177,HOU,HOU,WFS_CORE_RESIDUAL
2025_11_HOU_TEN,2025,11,2025-11-16,TEN,HOU,-5.5,37.5,13.0,16.0,-3.0,29.0,1.5194389374921282,0.6904957811801865,-3.9805610625078716,38.19049578118019,17.104967359336158,21.08552842184403,HOU,HOU,WFS_TARGET_SPECIFIC_COACHING_RESIDUAL
2025_11_HOU_TEN,2025,11,2025-11-16,TEN,HOU,-5.5,37.5,13.0,16.0,-3.0,29.0,1.7965574824891861,0.8227045294713289,-3.7034425175108137,38.32270452947133,17.309631005980258,21.013073523491073,HOU,HOU,WFS_TARGET_SPECIFIC_RESIDUAL
2025_11_KC_DEN,2025,11,2025-11-16,DEN,KC,-3.5,44.5,22.0,19.0,3.0,41.0,0.0,0.0,-3.5,44.5,20.5,24.0,DEN,KC,MARKET
2025_11_KC_DEN,2025,11,2025-11-16,DEN,KC,-3.5,44.5,22.0,19.0,3.0,41.0,1.1845698182466236,2.6764867370006695,-2.3154301817533764,47.17648673700067,22.430528277623647,24.745958459377025,DEN,KC,WFS_CORE_IMPACT_RESIDUAL
2025_11_KC_DEN,2025,11,2025-11-16,DEN,KC,-3.5,44.5,22.0,19.0,3.0,41.0,1.346809263380348,2.004423531426702,-2.153190736619652,46.5044235314267,22.175616397403527,24.328807134023176,DEN,KC,WFS_CORE_RESIDUAL
2025_11_KC_DEN,2025,11,2025-11-16,DEN,KC,-3.5,44.5,22.0,19.0,3.0,41.0,0.8688347326396492,3.1514529457802327,-2.631165267360351,47.651452945780235,22.51014383920994,25.141309106570294,DEN,KC,WFS_TARGET_SPECIFIC_COACHING_RESIDUAL
2025_11_KC_DEN,2025,11,2025-11-16,DEN,KC,-3.5,44.5,22.0,19.0,3.0,41.0,0.8611030916078267,2.6764867370006695,-2.6388969083921734,47.17648673700067,22.268794914304248,24.907691822696425,DEN,KC,WFS_TARGET_SPECIFIC_RESIDUAL
2025_11_LAC_JAX,2025,11,2025-11-16,JAX,LAC,-3.0,43.5,35.0,6.0,29.0,41.0,0.0,0.0,-3.0,43.5,20.25,23.25,JAX,LAC,MARKET
2025_11_LAC_JAX,2025,11,2025-11-16,JAX,LAC,-3.0,43.5,35.0,6.0,29.0,41.0,-1.7749408684851105,1.969918120229538,-4.7749408684851105,45.469918120229536,20.347488625872213,25.122429494357323,JAX,LAC,WFS_CORE_IMPACT_RESIDUAL
2025_11_LAC_JAX,2025,11,2025-11-16,JAX,LAC,-3.0,43.5,35.0,6.0,29.0,41.0,0.3890609365751455,1.3353089601569257,-2.6109390634248544,44.83530896015692,21.112184948366036,23.723124011790887,JAX,LAC,WFS_CORE_RESIDUAL
2025_11_LAC_JAX,2025,11,2025-11-16,JAX,LAC,-3.0,43.5,35.0,6.0,29.0,41.0,-2.3184825167239893,1.9324391711648679,-5.318482516723989,45.432439171164866,20.05697832722044,25.375460843944428,JAX,LAC,WFS_TARGET_SPECIFIC_COACHING_RESIDUAL
2025_11_LAC_JAX,2025,11,2025-11-16,JAX,LAC,-3.0,43.5,35.0,6.0,29.0,41.0,-2.070008078203222,1.969918120229538,-5.070008078203222,45.469918120229536,20.199955021013157,25.26996309921638,JAX,LAC,WFS_TARGET_SPECIFIC_RESIDUAL
2025_11_SEA_LA,2025,11,2025-11-16,LA,SEA,3.0,49.5,21.0,19.0,2.0,40.0,0.0,0.0,3.0,49.5,26.25,23.25,LA,LA,MARKET
2025_11_SEA_LA,2025,11,2025-11-16,LA,SEA,3.0,49.5,21.0,19.0,2.0,40.0,2.857574620472827,1.6974362195653674,5.8575746204728265,51.19743621956537,28.527505420019097,22.66993079954627,LA,LA,WFS_CORE_IMPACT_RESIDUAL
2025_11_SEA_LA,2025,11,2025-11-16,LA,SEA,3.0,49.5,21.0,19.0,2.0,40.0,1.8600786571342458,1.9795390809208797,4.860078657134245,51.47953908092088,28.169808869027563,23.309730211893317,LA,LA,WFS_CORE_RESIDUAL
2025_11_SEA_LA,2025,11,2025-11-16,LA,SEA,3.0,49.5,21.0,19.0,2.0,40.0,2.7840876361288425,1.8503162096855983,5.7840876361288425,51.3503162096856,28.567201922907223,22.78311428677838,LA,LA,WFS_TARGET_SPECIFIC_COACHING_RESIDUAL
2025_11_SEA_LA,2025,11,2025-11-16,LA,SEA,3.0,49.5,21.0,19.0,2.0,40.0,2.5922585045023014,1.6974362195653674,5.592258504502301,51.19743621956537,28.394847362033836,22.802588857531532,LA,LA,WFS_TARGET_SPECIFIC_RESIDUAL
2025_11_SF_ARI,2025,11,2025-11-16,ARI,SF,-3.5,48.5,22.0,41.0,-19.0,63.0,0.0,0.0,-3.5,48.5,22.5,26.0,SF,SF,MARKET
2025_11_SF_ARI,2025,11,2025-11-16,ARI,SF,-3.5,48.5,22.0,41.0,-19.0,63.0,-1.8981101317181701,-0.29209465337012447,-5.39811013171817,48.20790534662988,21.404897607455855,26.803007739174024,SF,SF,WFS_CORE_IMPACT_RESIDUAL
2025_11_SF_ARI,2025,11,2025-11-16,ARI,SF,-3.5,48.5,22.0,41.0,-19.0,63.0,0.4046221375657248,0.9968973812725085,-3.095377862434275,49.49689738127251,23.200759759419118,26.296137621853394,SF,SF,WFS_CORE_RESIDUAL
2025_11_SF_ARI,2025,11,2025-11-16,ARI,SF,-3.5,48.5,22.0,41.0,-19.0,63.0,-3.2741184488406168,-0.2725716776120417,-6.774118448840617,48.22742832238796,20.72665493677367,27.500773385614288,SF,SF,WFS_TARGET_SPECIFIC_COACHING_RESIDUAL
2025_11_SF_ARI,2025,11,2025-11-16,ARI,SF,-3.5,48.5,22.0,41.0,-19.0,63.0,-3.2547946216337857,-0.29209465337012447,-6.754794621633786,48.20790534662988,20.726555362498047,27.481349984131832,SF,SF,WFS_TARGET_SPECIFIC_RESIDUAL
2025_11_TB_BUF,2025,11,2025-11-16,BUF,TB,6.0,46.5,44.0,32.0,12.0,76.0,0.0,0.0,6.0,46.5,26.25,20.25,BUF,BUF,MARKET
2025_11_TB_BUF,2025,11,2025-11-16,BUF,TB,6.0,46.5,44.0,32.0,12.0,76.0,5.305621174423695,4.638442589895693,11.305621174423695,51.13844258989569,31.22203188215969,19.916410707736,BUF,BUF,WFS_CORE_IMPACT_RESIDUAL
2025_11_TB_BUF,2025,11,2025-11-16,BUF,TB,6.0,46.5,44.0,32.0,12.0,76.0,2.3723702033499374,1.9957872866865567,8.372370203349938,48.49578728668656,28.434078745018248,20.06170854166831,BUF,BUF,WFS_CORE_RESIDUAL
2025_11_TB_BUF,2025,11,2025-11-16,BUF,TB,6.0,46.5,44.0,32.0,12.0,76.0,4.420357143338771,5.142060212088307,10.420357143338771,51.64206021208831,31.03120867771354,20.61085153437477,BUF,BUF,WFS_TARGET_SPECIFIC_COACHING_RESIDUAL
2025_11_TB_BUF,2025,11,2025-11-16,BUF,TB,6.0,46.5,44.0,32.0,12.0,76.0,4.152638520316074,4.638442589895693,10.152638520316074,51.13844258989569,30.64554055510588,20.492902034789807,BUF,BUF,WFS_TARGET_SPECIFIC_RESIDUAL
2025_11_WAS_MIA,2025,11,2025-11-16,MIA,WAS,2.5,47.5,16.0,13.0,3.0,29.0,0.0,0.0,2.5,47.5,25.0,22.5,MIA,MIA,MARKET
2025_11_WAS_MIA,2025,11,2025-11-16,MIA,WAS,2.5,47.5,16.0,13.0,3.0,29.0,6.051074154850983,2.7641531534525567,8.551074154850983,50.264153153452554,29.407613654151767,20.856539499300787,MIA,MIA,WFS_CORE_IMPACT_RESIDUAL
2025_11_WAS_MIA,2025,11,2025-11-16,MIA,WAS,2.5,47.5,16.0,13.0,3.0,29.0,1.284671350588241,1.0888697897649475,3.784671350588241,48.58886978976495,26.186770570176595,22.402099219588354,MIA,MIA,WFS_CORE_RESIDUAL
2025_11_WAS_MIA,2025,11,2025-11-16,MIA,WAS,2.5,47.5,16.0,13.0,3.0,29.0,5.844097421276178,2.769387441159844,8.344097421276178,50.26938744115984,29.306742431218012,20.96264500994183,MIA,MIA,WFS_TARGET_SPECIFIC_COACHING_RESIDUAL
2025_11_WAS_MIA,2025,11,2025-11-16,MIA,WAS,2.5,47.5,16.0,13.0,3.0,29.0,5.723921963126194,2.7641531534525567,8.223921963126195,50.264153153452554,29.244037558289374,21.02011559516318,MIA,MIA,WFS_TARGET_SPECIFIC_RESIDUAL
2025_11_DAL_LV,2025,11,2025-11-17,LV,DAL,-3.5,48.5,16.0,33.0,-17.0,49.0,0.0,0.0,-3.5,48.5,22.5,26.0,DAL,DAL,MARKET
2025_11_DAL_LV,2025,11,2025-11-17,LV,DAL,-3.5,48.5,16.0,33.0,-17.0,49.0,-0.6062043483259363,0.24813871522168204,-4.106204348325936,48.748138715221685,22.320967183447873,26.427171531773812,DAL,DAL,WFS_CORE_IMPACT_RESIDUAL
2025_11_DAL_LV,2025,11,2025-11-17,LV,DAL,-3.5,48.5,16.0,33.0,-17.0,49.0,-0.15724149629334855,-0.04514539728215043,-3.6572414962933486,48.45485460271785,22.398806553212253,26.0560480495056,DAL,DAL,WFS_CORE_RESIDUAL
2025_11_DAL_LV,2025,11,2025-11-17,LV,DAL,-3.5,48.5,16.0,33.0,-17.0,49.0,-0.4519309735319808,-0.24539482683198557,-3.9519309735319808,48.25460517316802,22.15133709981802,26.103268073349998,DAL,DAL,WFS_TARGET_SPECIFIC_COACHING_RESIDUAL
2025_11_DAL_LV,2025,11,2025-11-17,LV,DAL,-3.5,48.5,16.0,33.0,-17.0,49.0,-0.27307699997616625,0.24813871522168204,-3.7730769999761664,48.748138715221685,22.487530857622758,26.260607857598927,DAL,DAL,WFS_TARGET_SPECIFIC_RESIDUAL
2025_12_BUF_HOU,2025,12,2025-11-20,HOU,BUF,-5.5,43.5,23.0,19.0,4.0,42.0,0.0,0.0,-5.5,43.5,19.0,24.5,HOU,BUF,MARKET
2025_12_BUF_HOU,2025,12,2025-11-20,HOU,BUF,-5.5,43.5,23.0,19.0,4.0,42.0,2.1621726120465135,3.1176641653926525,-3.3378273879534865,46.617664165392654,21.639918388719583,24.97774577667307,HOU,BUF,WFS_CORE_IMPACT_RESIDUAL
2025_12_BUF_HOU,2025,12,2025-11-20,HOU,BUF,-5.5,43.5,23.0,19.0,4.0,42.0,1.3335214267937272,2.5023767594246835,-4.166478573206273,46.002376759424685,20.917949093109208,25.084427666315477,HOU,BUF,WFS_CORE_RESIDUAL
2025_12_BUF_HOU,2025,12,2025-11-20,HOU,BUF,-5.5,43.5,23.0,19.0,4.0,42.0,2.6479953206915727,3.4474827753980555,-2.8520046793084273,46.94748277539806,22.047739048044814,24.899743727353243,HOU,BUF,WFS_TARGET_SPECIFIC_COACHING_RESIDUAL
2025_12_BUF_HOU,2025,12,2025-11-20,HOU,BUF,-5.5,43.5,23.0,19.0,4.0,42.0,2.5684107611522355,3.1176641653926525,-2.9315892388477645,46.617664165392654,21.843037463272445,24.77462670212021,HOU,BUF,WFS_TARGET_SPECIFIC_RESIDUAL
2025_12_ATL_NO,2025,12,2025-11-23,NO,ATL,1.5,41.5,10.0,24.0,-14.0,34.0,0.0,0.0,1.5,41.5,21.5,20.0,ATL,NO,MARKET
2025_12_ATL_NO,2025,12,2025-11-23,NO,ATL,1.5,41.5,10.0,24.0,-14.0,34.0,1.427179151707634,1.0882631776952412,2.9271791517076338,42.58826317769524,22.757721164701437,19.830542012993803,ATL,NO,WFS_CORE_IMPACT_RESIDUAL
2025_12_ATL_NO,2025,12,2025-11-23,NO,ATL,1.5,41.5,10.0,24.0,-14.0,34.0,-0.6151735341217593,0.4825280743143273,0.8848264658782407,41.982528074314324,21.433677270096283,20.54885080421804,ATL,NO,WFS_CORE_RESIDUAL
2025_12_ATL_NO,2025,12,2025-11-23,NO,ATL,1.5,41.5,10.0,24.0,-14.0,34.0,1.0365887848302098,0.8347051255081478,2.5365887848302098,42.33470512550815,22.43564695516918,19.89905817033897,ATL,NO,WFS_TARGET_SPECIFIC_COACHING_RESIDUAL
2025_12_ATL_NO,2025,12,2025-11-23,NO,ATL,1.5,41.5,10.0,24.0,-14.0,34.0,1.2734398962594045,1.0882631776952412,2.7734398962594042,42.58826317769524,22.680851536977322,19.907411640717918,ATL,NO,WFS_TARGET_SPECIFIC_RESIDUAL
2025_12_CLE_LV,2025,12,2025-11-23,LV,CLE,3.0,35.5,10.0,24.0,-14.0,34.0,0.0,0.0,3.0,35.5,19.25,16.25,CLE,LV,MARKET
2025_12_CLE_LV,2025,12,2025-11-23,LV,CLE,3.0,35.5,10.0,24.0,-14.0,34.0,2.680886474915435,1.9124743370231372,5.680886474915435,37.412474337023134,21.546680405969283,15.86579393105385,CLE,LV,WFS_CORE_IMPACT_RESIDUAL
2025_12_CLE_LV,2025,12,2025-11-23,LV,CLE,3.0,35.5,10.0,24.0,-14.0,34.0,0.13098623907820922,1.1841722739381462,3.1309862390782093,36.684172273938145,19.90757925650818,16.776593017429967,CLE,LV,WFS_CORE_RESIDUAL
2025_12_CLE_LV,2025,12,2025-11-23,LV,CLE,3.0,35.5,10.0,24.0,-14.0,34.0,2.24966463627569,1.7797654234323108,5.24966463627569,37.27976542343231,21.264715029854,16.01505039357831,CLE,LV,WFS_TARGET_SPECIFIC_COACHING_RESIDUAL
2025_12_CLE_LV,2025,12,2025-11-23,LV,CLE,3.0,35.5,10.0,24.0,-14.0,34.0,2.522724573516711,1.9124743370231372,5.522724573516712,37.412474337023134,21.467599455269923,15.944874881753211,CLE,LV,WFS_TARGET_SPECIFIC_RESIDUAL
2025_12_IND_KC,2025,12,2025-11-23,KC,IND,3.5,50.5,23.0,20.0,3.0,43.0,0.0,0.0,3.5,50.5,27.0,23.5,KC,KC,MARKET
2025_12_IND_KC,2025,12,2025-11-23,KC,IND,3.5,50.5,23.0,20.0,3.0,43.0,0.5752866062206654,1.6723465941368767,4.075286606220665,52.172346594136876,28.12381660017877,24.048529993958105,KC,KC,WFS_CORE_IMPACT_RESIDUAL
2025_12_IND_KC,2025,12,2025-11-23,KC,IND,3.5,50.5,23.0,20.0,3.0,43.0,0.9569073255297963,2.341101821379861,4.456907325529796,52.84110182137986,28.649004573454828,24.19209724792503,KC,KC,WFS_CORE_RESIDUAL
2025_12_IND_KC,2025,12,2025-11-23,KC,IND,3.5,50.5,23.0,20.0,3.0,43.0,0.8945592637093918,2.235076279271012,4.394559263709391,52.73507627927101,28.5648177714902,24.17025850778081,KC,KC,WFS_TARGET_SPECIFIC_COACHING_RESIDUAL
2025_12_IND_KC,2025,12,2025-11-23,KC,IND,3.5,50.5,23.0,20.0,3.0,43.0,0.610999716427018,1.6723465941368767,4.110999716427018,52.172346594136876,28.141673155281946,24.03067343885493,KC,KC,WFS_TARGET_SPECIFIC_RESIDUAL
2025_12_JAX_ARI,2025,12,2025-11-23,ARI,JAX,-2.5,47.5,24.0,27.0,-3.0,51.0,0.0,0.0,-2.5,47.5,22.5,25.0,JAX,JAX,MARKET
2025_12_JAX_ARI,2025,12,2025-11-23,ARI,JAX,-2.5,47.5,24.0,27.0,-3.0,51.0,1.0457026852426041,0.13446068316072385,-1.4542973147573959,47.634460683160725,23.090081684201664,24.54437899895906,JAX,JAX,WFS_CORE_IMPACT_RESIDUAL
2025_12_JAX_ARI,2025,12,2025-11-23,ARI,JAX,-2.5,47.5,24.0,27.0,-3.0,51.0,-0.7399638257859287,1.064380866160817,-3.239963825785929,48.56438086616082,22.662208520187445,25.902172345973373,JAX,JAX,WFS_CORE_RESIDUAL
2025_12_JAX_ARI,2025,12,2025-11-23,ARI,JAX,-2.5,47.5,24.0,27.0,-3.0,51.0,-0.10266478385886066,-0.07121221829167927,-2.602664783858861,47.42878778170832,22.41306149892473,25.015726282783593,JAX,JAX,WFS_TARGET_SPECIFIC_COACHING_RESIDUAL
2025_12_JAX_ARI,2025,12,2025-11-23,ARI,JAX,-2.5,47.5,24.0,27.0,-3.0,51.0,-0.2623015229386908,0.13446068316072385,-2.762301522938691,47.634460683160725,22.436079580111016,25.19838110304971,JAX,JAX,WFS_TARGET_SPECIFIC_RESIDUAL
2025_12_MIN_GB,2025,12,2025-11-23,GB,MIN,6.5,41.5,23.0,6.0,17.0,29.0,0.0,0.0,6.5,41.5,24.0,17.5,GB,GB,MARKET
2025_12_MIN_GB,2025,12,2025-11-23,GB,MIN,6.5,41.5,23.0,6.0,17.0,29.0,0.48055504606781985,0.9722597442397445,6.98055504606782,42.47225974423974,24.72640739515378,17.74585234908596,GB,GB,WFS_CORE_IMPACT_RESIDUAL
2025_12_MIN_GB,2025,12,2025-11-23,GB,MIN,6.5,41.5,23.0,6.0,17.0,29.0,1.005502412808751,2.135035195549193,7.505502412808751,43.63503519554919,25.570268804178973,18.06476639137022,GB,GB,WFS_CORE_RESIDUAL
2025_12_MIN_GB,2025,12,2025-11-23,GB,MIN,6.5,41.5,23.0,6.0,17.0,29.0,0.7600144775540777,1.4608814771785912,7.260014477554078,42.96088147717859,25.110447977366334,17.850433499812254,GB,GB,WFS_TARGET_SPECIFIC_COACHING_RESIDUAL
2025_12_MIN_GB,2025,12,2025-11-23,GB,MIN,6.5,41.5,23.0,6.0,17.0,29.0,0.6449775226007719,0.9722597442397445,7.144977522600772,42.47225974423974,24.80861863342026,17.663641110819484,GB,GB,WFS_TARGET_SPECIFIC_RESIDUAL
2025_12_NE_CIN,2025,12,2025-11-23,CIN,NE,-7.5,50.5,20.0,26.0,-6.0,46.0,0.0,0.0,-7.5,50.5,21.5,29.0,NE,NE,MARKET
2025_12_NE_CIN,2025,12,2025-11-23,CIN,NE,-7.5,50.5,20.0,26.0,-6.0,46.0,-0.6868039773441672,0.9817864763017083,-8.186803977344168,51.48178647630171,21.64749124947877,29.834295226822938,NE,NE,WFS_CORE_IMPACT_RESIDUAL
2025_12_NE_CIN,2025,12,2025-11-23,CIN,NE,-7.5,50.5,20.0,26.0,-6.0,46.0,0.09870392858543885,0.5150434199448358,-7.401296071414561,51.01504341994484,21.806873674265137,29.2081697456797,NE,NE,WFS_CORE_RESIDUAL
2025_12_NE_CIN,2025,12,2025-11-23,CIN,NE,-7.5,50.5,20.0,26.0,-6.0,46.0,-1.2377885532739987,0.9320506004249173,-8.737788553274,51.432050600424915,21.347131023575457,30.084919576849458,NE,NE,WFS_TARGET_SPECIFIC_COACHING_RESIDUAL
2025_12_NE_CIN,2025,12,2025-11-23,CIN,NE,-7.5,50.5,20.0,26.0,-6.0,46.0,-1.427224080028573,0.9817864763017083,-8.927224080028573,51.48178647630171,21.277281198136567,30.20450527816514,NE,NE,WFS_TARGET_SPECIFIC_RESIDUAL
2025_12_NYG_DET,2025,12,2025-11-23,DET,NYG,14.0,50.5,34.0,27.0,7.0,61.0,0.0,0.0,14.0,50.5,32.25,18.25,DET,DET,MARKET
2025_12_NYG_DET,2025,12,2025-11-23,DET,NYG,14.0,50.5,34.0,27.0,7.0,61.0,2.9878765261255147,3.9496160491166585,16.987876526125515,54.449616049116656,35.71874628762109,18.73086976149557,DET,DET,WFS_CORE_IMPACT_RESIDUAL
2025_12_NYG_DET,2025,12,2025-11-23,DET,NYG,14.0,50.5,34.0,27.0,7.0,61.0,1.346789504513902,2.705820076730796,15.346789504513902,53.205820076730795,34.27630479062235,18.929515286108447,DET,DET,WFS_CORE_RESIDUAL
2025_12_NYG_DET,2025,12,2025-11-23,DET,NYG,14.0,50.5,34.0,27.0,7.0,61.0,3.1835937608809033,4.638487782848709,17.183593760880903,55.138487782848706,36.161040771864805,18.9774470109839,DET,DET,WFS_TARGET_SPECIFIC_COACHING_RESIDUAL
2025_12_NYG_DET,2025,12,2025-11-23,DET,NYG,14.0,50.5,34.0,27.0,7.0,61.0,2.8876814822246644,3.9496160491166585,16.887681482224664,54.449616049116656,35.66864876567066,18.780967283445996,DET,DET,WFS_TARGET_SPECIFIC_RESIDUAL
2025_12_NYJ_BAL,2025,12,2025-11-23,BAL,NYJ,14.0,44.5,23.0,10.0,13.0,33.0,0.0,0.0,14.0,44.5,29.25,15.25,BAL,BAL,MARKET
2025_12_NYJ_BAL,2025,12,2025-11-23,BAL,NYJ,14.0,44.5,23.0,10.0,13.0,33.0,0.8034017263386161,1.1491686871745204,14.803401726338617,45.64916868717452,30.22628520675657,15.422883480417953,BAL,BAL,WFS_CORE_IMPACT_RESIDUAL
2025_12_NYJ_BAL,2025,12,2025-11-23,BAL,NYJ,14.0,44.5,23.0,10.0,13.0,33.0,1.7841277061336696,2.247437810384576,15.78412770613367,46.747437810384575,31.26578275825912,15.481655052125452,BAL,BAL,WFS_CORE_RESIDUAL
2025_12_NYJ_BAL,2025,12,2025-11-23,BAL,NYJ,14.0,44.5,23.0,10.0,13.0,33.0,-1.1046340064147206,1.5501211874171117,12.89536599358528,46.05012118741711,29.472743590501196,16.577377596915916,BAL,BAL,WFS_TARGET_SPECIFIC_COACHING_RESIDUAL
2025_12_NYJ_BAL,2025,12,2025-11-23,BAL,NYJ,14.0,44.5,23.0,10.0,13.0,33.0,-1.455640492834191,1.1491686871745204,12.544359507165808,45.64916868717452,29.096764097170166,16.552404590004357,BAL,BAL,WFS_TARGET_SPECIFIC_RESIDUAL
2025_12_PHI_DAL,2025,12,2025-11-23,DAL,PHI,-3.0,47.5,24.0,21.0,3.0,45.0,0.0,0.0,-3.0,47.5,22.25,25.25,DAL,PHI,MARKET
2025_12_PHI_DAL,2025,12,2025-11-23,DAL,PHI,-3.0,47.5,24.0,21.0,3.0,45.0,0.8303801915087491,0.897755767603191,-2.169619808491251,48.39775576760319,23.114067979555973,25.28368778804722,DAL,PHI,WFS_CORE_IMPACT_RESIDUAL
2025_12_PHI_DAL,2025,12,2025-11-23,DAL,PHI,-3.0,47.5,24.0,21.0,3.0,45.0,0.7332287793743185,1.551610266235794,-2.2667712206256816,49.05161026623579,23.392419522805056,25.659190743430734,DAL,PHI,WFS_CORE_RESIDUAL
2025_12_PHI_DAL,2025,12,2025-11-23,DAL,PHI,-3.0,47.5,24.0,21.0,3.0,45.0,0.20790993357779283,0.8426693487902143,-2.7920900664222073,48.34266934879022,22.775289641184006,25.56737970760621,DAL,PHI,WFS_TARGET_SPECIFIC_COACHING_RESIDUAL
2025_12_PHI_DAL,2025,12,2025-11-23,DAL,PHI,-3.0,47.5,24.0,21.0,3.0,45.0,0.7098748458794318,0.897755767603191,-2.290125154120568,48.39775576760319,23.053815306741313,25.34394046086188,DAL,PHI,WFS_TARGET_SPECIFIC_RESIDUAL
2025_12_PIT_CHI,2025,12,2025-11-23,CHI,PIT,3.0,46.5,31.0,28.0,3.0,59.0,0.0,0.0,3.0,46.5,24.75,21.75,CHI,CHI,MARKET
2025_12_PIT_CHI,2025,12,2025-11-23,CHI,PIT,3.0,46.5,31.0,28.0,3.0,59.0,1.1931213563840861,1.7654843256083124,4.193121356384086,48.26548432560831,26.229302840996198,22.036181484612115,CHI,CHI,WFS_CORE_IMPACT_RESIDUAL
2025_12_PIT_CHI,2025,12,2025-11-23,CHI,PIT,3.0,46.5,31.0,28.0,3.0,59.0,1.6508025965918693,2.5183880788643718,4.65080259659187,49.01838807886437,26.834595337728118,22.18379274113625,CHI,CHI,WFS_CORE_RESIDUAL
2025_12_PIT_CHI,2025,12,2025-11-23,CHI,PIT,3.0,46.5,31.0,28.0,3.0,59.0,0.37906352960713247,1.859511425132983,3.3790635296071323,48.359511425132986,25.869287477370058,22.490223947762928,CHI,CHI,WFS_TARGET_SPECIFIC_COACHING_RESIDUAL
2025_12_PIT_CHI,2025,12,2025-11-23,CHI,PIT,3.0,46.5,31.0,28.0,3.0,59.0,0.7692448006514211,1.7654843256083124,3.769244800651421,48.26548432560831,26.017364563129867,22.248119762478446,CHI,CHI,WFS_TARGET_SPECIFIC_RESIDUAL
2025_12_SEA_TEN,2025,12,2025-11-23,TEN,SEA,-12.5,41.5,24.0,30.0,-6.0,54.0,0.0,0.0,-12.5,41.5,14.5,27.0,SEA,SEA,MARKET
2025_12_SEA_TEN,2025,12,2025-11-23,TEN,SEA,-12.5,41.5,24.0,30.0,-6.0,54.0,-0.19641825217115158,0.21080911525540533,-12.696418252171151,41.71080911525541,14.50719543154213,27.20361368371328,SEA,SEA,WFS_CORE_IMPACT_RESIDUAL
2025_12_SEA_TEN,2025,12,2025-11-23,TEN,SEA,-12.5,41.5,24.0,30.0,-6.0,54.0,0.17309661195993298,0.09135513378943563,-12.326903388040067,41.591355133789435,14.632225872874685,26.95912926091475,SEA,SEA,WFS_CORE_RESIDUAL
2025_12_SEA_TEN,2025,12,2025-11-23,TEN,SEA,-12.5,41.5,24.0,30.0,-6.0,54.0,-1.8262030440374961,-0.04543680412696291,-14.326203044037497,41.454563195873035,13.564180075917768,27.890383119955267,SEA,SEA,WFS_TARGET_SPECIFIC_COACHING_RESIDUAL
2025_12_SEA_TEN,2025,12,2025-11-23,TEN,SEA,-12.5,41.5,24.0,30.0,-6.0,54.0,-1.6481342699075856,0.21080911525540533,-14.148134269907585,41.71080911525541,13.78133742267391,27.929471692581497,SEA,SEA,WFS_TARGET_SPECIFIC_RESIDUAL
2025_12_TB_LA,2025,12,2025-11-23,LA,TB,7.0,49.5,34.0,7.0,27.0,41.0,0.0,0.0,7.0,49.5,28.25,21.25,LA,LA,MARKET
2025_12_TB_LA,2025,12,2025-11-23,LA,TB,7.0,49.5,34.0,7.0,27.0,41.0,4.007743524828813,3.973173006328149,11.007743524828813,53.473173006328146,32.24045826557848,21.232714740749667,LA,LA,WFS_CORE_IMPACT_RESIDUAL
2025_12_TB_LA,2025,12,2025-11-23,LA,TB,7.0,49.5,34.0,7.0,27.0,41.0,1.6646764882789227,2.318305341758353,8.664676488278923,51.818305341758354,30.241490915018638,21.576814426739716,LA,LA,WFS_CORE_RESIDUAL
2025_12_TB_LA,2025,12,2025-11-23,LA,TB,7.0,49.5,34.0,7.0,27.0,41.0,3.7005023222555895,4.229713606249628,10.70050232225559,53.729713606249625,32.21510796425261,21.51460564199702,LA,LA,WFS_TARGET_SPECIFIC_COACHING_RESIDUAL
2025_12_TB_LA,2025,12,2025-11-23,LA,TB,7.0,49.5,34.0,7.0,27.0,41.0,3.544910580148484,3.973173006328149,10.544910580148484,53.473173006328146,32.00904179323832,21.464131213089832,LA,LA,WFS_TARGET_SPECIFIC_RESIDUAL
2025_12_CAR_SF,2025,12,2025-11-24,SF,CAR,7.5,48.5,20.0,9.0,11.0,29.0,0.0,0.0,7.5,48.5,28.0,20.5,SF,SF,MARKET
2025_12_CAR_SF,2025,12,2025-11-24,SF,CAR,7.5,48.5,20.0,9.0,11.0,29.0,0.9684475482298979,2.567073424000385,8.468447548229898,51.067073424000384,29.76776048611514,21.299312937885244,SF,SF,WFS_CORE_IMPACT_RESIDUAL
2025_12_CAR_SF,2025,12,2025-11-24,SF,CAR,7.5,48.5,20.0,9.0,11.0,29.0,1.4097885902076972,2.0108072856762953,8.909788590207697,50.51080728567629,29.710297937941995,20.800509347734298,SF,SF,WFS_CORE_RESIDUAL
2025_12_CAR_SF,2025,12,2025-11-24,SF,CAR,7.5,48.5,20.0,9.0,11.0,29.0,0.9763645761333561,2.8132174042409717,8.476364576133356,51.31321740424097,29.894790990187165,21.41842641405381,SF,SF,WFS_TARGET_SPECIFIC_COACHING_RESIDUAL
2025_12_CAR_SF,2025,12,2025-11-24,SF,CAR,7.5,48.5,20.0,9.0,11.0,29.0,0.7736614761924037,2.567073424000385,8.273661476192403,51.067073424000384,29.670367450096393,21.39670597390399,SF,SF,WFS_TARGET_SPECIFIC_RESIDUAL
2025_13_CIN_BAL,2025,13,2025-11-27,BAL,CIN,7.0,52.5,14.0,32.0,-18.0,46.0,0.0,0.0,7.0,52.5,29.75,22.75,CIN,BAL,MARKET
2025_13_CIN_BAL,2025,13,2025-11-27,BAL,CIN,7.0,52.5,14.0,32.0,-18.0,46.0,5.274009141381481,3.37128828217095,12.27400914138148,55.87128828217095,34.07264871177622,21.798639570394734,CIN,BAL,WFS_CORE_IMPACT_RESIDUAL
2025_13_CIN_BAL,2025,13,2025-11-27,BAL,CIN,7.0,52.5,14.0,32.0,-18.0,46.0,3.1027903014059137,2.7674820991017013,10.102790301405914,55.2674820991017,32.68513620025381,22.58234589884789,CIN,BAL,WFS_CORE_RESIDUAL
2025_13_CIN_BAL,2025,13,2025-11-27,BAL,CIN,7.0,52.5,14.0,32.0,-18.0,46.0,5.9508840708750155,3.775261942561099,12.950884070875016,56.2752619425611,34.61307300671806,21.66218893584304,CIN,BAL,WFS_TARGET_SPECIFIC_COACHING_RESIDUAL
2025_13_CIN_BAL,2025,13,2025-11-27,BAL,CIN,7.0,52.5,14.0,32.0,-18.0,46.0,5.698547623523921,3.37128828217095,12.698547623523922,55.87128828217095,34.28491795284744,21.586370329323515,CIN,BAL,WFS_TARGET_SPECIFIC_RESIDUAL
2025_13_GB_DET,2025,13,2025-11-27,DET,GB,2.5,48.5,24.0,31.0,-7.0,55.0,0.0,0.0,2.5,48.5,25.5,23.0,GB,DET,MARKET
2025_13_GB_DET,2025,13,2025-11-27,DET,GB,2.5,48.5,24.0,31.0,-7.0,55.0,1.262409655891618,4.3184794644321185,3.7624096558916182,52.818479464432116,28.290444560161866,24.52803490427025,GB,DET,WFS_CORE_IMPACT_RESIDUAL
2025_13_GB_DET,2025,13,2025-11-27,DET,GB,2.5,48.5,24.0,31.0,-7.0,55.0,1.9970397691196042,3.228837593058312,4.4970397691196045,51.728837593058316,28.11293868108896,23.615898911969357,GB,DET,WFS_CORE_RESIDUAL
2025_13_GB_DET,2025,13,2025-11-27,DET,GB,2.5,48.5,24.0,31.0,-7.0,55.0,0.1575138634307677,4.925556755027749,2.6575138634307676,53.42555675502775,28.041535309229257,25.384021445798492,GB,DET,WFS_TARGET_SPECIFIC_COACHING_RESIDUAL
2025_13_GB_DET,2025,13,2025-11-27,DET,GB,2.5,48.5,24.0,31.0,-7.0,55.0,-0.0310577190337432,4.3184794644321185,2.4689422809662567,52.818479464432116,27.643710872699188,25.174768591732928,GB,DET,WFS_TARGET_SPECIFIC_RESIDUAL
2025_13_KC_DAL,2025,13,2025-11-27,DAL,KC,-3.5,53.5,31.0,28.0,3.0,59.0,0.0,0.0,-3.5,53.5,25.0,28.5,DAL,KC,MARKET
2025_13_KC_DAL,2025,13,2025-11-27,DAL,KC,-3.5,53.5,31.0,28.0,3.0,59.0,2.727099492041223,1.9770668644514302,-0.7729005079587772,55.47706686445143,27.352083178246325,28.124983686205105,DAL,KC,WFS_CORE_IMPACT_RESIDUAL
2025_13_KC_DAL,2025,13,2025-11-27,DAL,KC,-3.5,53.5,31.0,28.0,3.0,59.0,2.1160804377121365,2.575527847807756,-1.3839195622878635,56.075527847807756,27.345804142759945,28.72972370504781,DAL,KC,WFS_CORE_RESIDUAL
2025_13_KC_DAL,2025,13,2025-11-27,DAL,KC,-3.5,53.5,31.0,28.0,3.0,59.0,1.8857269407546384,2.010527925039133,-1.6142730592453616,55.510527925039135,26.948127432896886,28.56240049214225,DAL,KC,WFS_TARGET_SPECIFIC_COACHING_RESIDUAL
2025_13_KC_DAL,2025,13,2025-11-27,DAL,KC,-3.5,53.5,31.0,28.0,3.0,59.0,2.341397901840661,1.9770668644514302,-1.158602098159339,55.47706686445143,27.159232383146044,28.317834481305386,DAL,KC,WFS_TARGET_SPECIFIC_RESIDUAL
2025_13_CHI_PHI,2025,13,2025-11-28,PHI,CHI,7.0,43.5,15.0,24.0,-9.0,39.0,0.0,0.0,7.0,43.5,25.25,18.25,CHI,PHI,MARKET
2025_13_CHI_PHI,2025,13,2025-11-28,PHI,CHI,7.0,43.5,15.0,24.0,-9.0,39.0,2.72924501614206,2.3875068838442703,9.729245016142059,45.88750688384427,27.808375949993163,18.079130933851104,CHI,PHI,WFS_CORE_IMPACT_RESIDUAL
2025_13_CHI_PHI,2025,13,2025-11-28,PHI,CHI,7.0,43.5,15.0,24.0,-9.0,39.0,2.6202440636467133,2.4514179532320517,9.620244063646712,45.95141795323205,27.78583100843938,18.165586944792672,CHI,PHI,WFS_CORE_RESIDUAL
2025_13_CHI_PHI,2025,13,2025-11-28,PHI,CHI,7.0,43.5,15.0,24.0,-9.0,39.0,2.7607367853975124,2.6896204280453566,9.760736785397512,46.18962042804536,27.975178606721435,18.214441821323923,CHI,PHI,WFS_TARGET_SPECIFIC_COACHING_RESIDUAL
2025_13_CHI_PHI,2025,13,2025-11-28,PHI,CHI,7.0,43.5,15.0,24.0,-9.0,39.0,2.3846199868203124,2.3875068838442703,9.384619986820312,45.88750688384427,27.63606343533229,18.251443448511978,CHI,PHI,WFS_TARGET_SPECIFIC_RESIDUAL
2025_13_ARI_TB,2025,13,2025-11-30,TB,ARI,4.5,44.5,20.0,17.0,3.0,37.0,0.0,0.0,4.5,44.5,24.5,20.0,TB,TB,MARKET
2025_13_ARI_TB,2025,13,2025-11-30,TB,ARI,4.5,44.5,20.0,17.0,3.0,37.0,3.6061823164079154,2.646453824258969,8.106182316407915,47.14645382425897,27.626318070333443,19.520135753925526,TB,TB,WFS_CORE_IMPACT_RESIDUAL
2025_13_ARI_TB,2025,13,2025-11-30,TB,ARI,4.5,44.5,20.0,17.0,3.0,37.0,1.5027616869845624,1.2488532296862882,6.002761686984562,45.74885322968629,25.875807458335427,19.873045771350863,TB,TB,WFS_CORE_RESIDUAL
2025_13_ARI_TB,2025,13,2025-11-30,TB,ARI,4.5,44.5,20.0,17.0,3.0,37.0,3.6047185218360296,2.945237818097107,8.10471852183603,47.445237818097105,27.774978169966566,19.67025964813054,TB,TB,WFS_TARGET_SPECIFIC_COACHING_RESIDUAL
2025_13_ARI_TB,2025,13,2025-11-30,TB,ARI,4.5,44.5,20.0,17.0,3.0,37.0,3.331459625962751,2.646453824258969,7.831459625962751,47.14645382425897,27.48895672511086,19.65749709914811,TB,TB,WFS_TARGET_SPECIFIC_RESIDUAL
2025_13_ATL_NYJ,2025,13,2025-11-30,NYJ,ATL,-3.0,38.5,27.0,24.0,3.0,51.0,0.0,0.0,-3.0,38.5,17.75,20.75,NYJ,ATL,MARKET
2025_13_ATL_NYJ,2025,13,2025-11-30,NYJ,ATL,-3.0,38.5,27.0,24.0,3.0,51.0,3.7543328753282186,0.1453855553983987,0.7543328753282186,38.6453855553984,19.699859215363308,18.94552634003509,NYJ,NYJ,WFS_CORE_IMPACT_RESIDUAL
2025_13_ATL_NYJ,2025,13,2025-11-30,NYJ,ATL,-3.0,38.5,27.0,24.0,3.0,51.0,0.844095370189037,0.2211664878722546,-2.155904629810963,38.72116648787225,18.282630929030645,20.438535558841608,NYJ,ATL,WFS_CORE_RESIDUAL
2025_13_ATL_NYJ,2025,13,2025-11-30,NYJ,ATL,-3.0,38.5,27.0,24.0,3.0,51.0,3.382639063760447,-0.12775399451806654,0.3826390637604469,38.372246005481934,19.37744253462119,18.994803470860745,NYJ,NYJ,WFS_TARGET_SPECIFIC_COACHING_RESIDUAL
2025_13_ATL_NYJ,2025,13,2025-11-30,NYJ,ATL,-3.0,38.5,27.0,24.0,3.0,51.0,3.6333468265526747,0.1453855553983987,0.6333468265526747,38.6453855553984,19.639366190975537,19.006019364422862,NYJ,NYJ,WFS_TARGET_SPECIFIC_RESIDUAL
2025_13_BUF_PIT,2025,13,2025-11-30,PIT,BUF,-3.0,44.5,7.0,26.0,-19.0,33.0,0.0,0.0,-3.0,44.5,20.75,23.75,BUF,BUF,MARKET
2025_13_BUF_PIT,2025,13,2025-11-30,PIT,BUF,-3.0,44.5,7.0,26.0,-19.0,33.0,2.9783156974953346,1.0330213343150678,-0.021684302504665354,45.533021334315066,22.7556685159052,22.777352818409867,BUF,BUF,WFS_CORE_IMPACT_RESIDUAL
2025_13_BUF_PIT,2025,13,2025-11-30,PIT,BUF,-3.0,44.5,7.0,26.0,-19.0,33.0,2.0884371608424543,0.6088162297163422,-0.9115628391575457,45.10881622971634,22.098626695279396,23.010189534436943,BUF,BUF,WFS_CORE_RESIDUAL
2025_13_BUF_PIT,2025,13,2025-11-30,PIT,BUF,-3.0,44.5,7.0,26.0,-19.0,33.0,2.9176422139472975,1.3015080589240196,-0.0823577860527025,45.80150805892402,22.85957513643566,22.941932922488363,BUF,BUF,WFS_TARGET_SPECIFIC_COACHING_RESIDUAL
2025_13_BUF_PIT,2025,13,2025-11-30,PIT,BUF,-3.0,44.5,7.0,26.0,-19.0,33.0,2.8474602189416296,1.0330213343150678,-0.1525397810583704,45.533021334315066,22.690240776628347,22.84278055768672,BUF,BUF,WFS_TARGET_SPECIFIC_RESIDUAL
2025_13_DEN_WAS,2025,13,2025-11-30,WAS,DEN,-6.5,43.5,26.0,27.0,-1.0,53.0,0.0,0.0,-6.5,43.5,18.5,25.0,DEN,DEN,MARKET
2025_13_DEN_WAS,2025,13,2025-11-30,WAS,DEN,-6.5,43.5,26.0,27.0,-1.0,53.0,1.4896059157975607,-0.10785685670924675,-5.0103940842024395,43.39214314329075,19.190874529544157,24.201268613746596,DEN,DEN,WFS_CORE_IMPACT_RESIDUAL
2025_13_DEN_WAS,2025,13,2025-11-30,WAS,DEN,-6.5,43.5,26.0,27.0,-1.0,53.0,1.5332484610300812,0.24174510611233435,-4.966751538969919,43.74174510611233,19.38749678357121,24.354248322541125,DEN,DEN,WFS_CORE_RESIDUAL
2025_13_DEN_WAS,2025,13,2025-11-30,WAS,DEN,-6.5,43.5,26.0,27.0,-1.0,53.0,1.176988530398853,0.1861691405678993,-5.323011469601147,43.6861691405679,19.181578835483375,24.504590305084523,DEN,DEN,WFS_TARGET_SPECIFIC_COACHING_RESIDUAL
2025_13_DEN_WAS,2025,13,2025-11-30,WAS,DEN,-6.5,43.5,26.0,27.0,-1.0,53.0,1.2637256350334694,-0.10785685670924675,-5.236274364966531,43.39214314329075,19.07793438916211,24.314208754128643,DEN,DEN,WFS_TARGET_SPECIFIC_RESIDUAL
2025_13_HOU_IND,2025,13,2025-11-30,IND,HOU,3.0,44.5,16.0,20.0,-4.0,36.0,0.0,0.0,3.0,44.5,23.75,20.75,HOU,IND,MARKET
2025_13_HOU_IND,2025,13,2025-11-30,IND,HOU,3.0,44.5,16.0,20.0,-4.0,36.0,0.9742370108409824,1.097328982760658,3.9742370108409824,45.59732898276066,24.78578299680082,20.81154598595984,HOU,IND,WFS_CORE_IMPACT_RESIDUAL
2025_13_HOU_IND,2025,13,2025-11-30,IND,HOU,3.0,44.5,16.0,20.0,-4.0,36.0,1.3373337287654323,1.836323912519731,4.337333728765432,46.33632391251973,25.33682882064258,20.99949509187715,HOU,IND,WFS_CORE_RESIDUAL
2025_13_HOU_IND,2025,13,2025-11-30,IND,HOU,3.0,44.5,16.0,20.0,-4.0,36.0,0.8699814295492377,1.4744435305002623,3.8699814295492376,45.97444353050026,24.922212480024747,21.052231050475513,HOU,IND,WFS_TARGET_SPECIFIC_COACHING_RESIDUAL
2025_13_HOU_IND,2025,13,2025-11-30,IND,HOU,3.0,44.5,16.0,20.0,-4.0,36.0,0.8185619013435984,1.097328982760658,3.8185619013435983,45.59732898276066,24.70794544205213,20.88938354070853,HOU,IND,WFS_TARGET_SPECIFIC_RESIDUAL
2025_13_JAX_TEN,2025,13,2025-11-30,TEN,JAX,-6.0,42.5,3.0,25.0,-22.0,28.0,0.0,0.0,-6.0,42.5,18.25,24.25,JAX,JAX,MARKET
2025_13_JAX_TEN,2025,13,2025-11-30,TEN,JAX,-6.0,42.5,3.0,25.0,-22.0,28.0,-0.48020610146488785,1.1358132922529338,-6.480206101464888,43.635813292252934,18.577803595394023,25.05800969685891,JAX,JAX,WFS_CORE_IMPACT_RESIDUAL
2025_13_JAX_TEN,2025,13,2025-11-30,TEN,JAX,-6.0,42.5,3.0,25.0,-22.0,28.0,-0.3028605841970185,0.6172600134150495,-6.302860584197019,43.11726001341505,18.407199714609014,24.710060298806034,JAX,JAX,WFS_CORE_RESIDUAL
2025_13_JAX_TEN,2025,13,2025-11-30,TEN,JAX,-6.0,42.5,3.0,25.0,-22.0,28.0,-0.4844807429370917,0.7005429711820126,-6.484480742937092,43.20054297118201,18.358031114122458,24.842511857059552,JAX,JAX,WFS_TARGET_SPECIFIC_COACHING_RESIDUAL
2025_13_JAX_TEN,2025,13,2025-11-30,TEN,JAX,-6.0,42.5,3.0,25.0,-22.0,28.0,-0.3982688324984206,1.1358132922529338,-6.39826883249842,43.635813292252934,18.61877222987726,25.017041062375675,JAX,JAX,WFS_TARGET_SPECIFIC_RESIDUAL
2025_13_LA_CAR,2025,13,2025-11-30,CAR,LA,-10.0,44.5,31.0,28.0,3.0,59.0,0.0,0.0,-10.0,44.5,17.25,27.25,CAR,LA,MARKET
2025_13_LA_CAR,2025,13,2025-11-30,CAR,LA,-10.0,44.5,31.0,28.0,3.0,59.0,-0.6121284025788949,0.9739763429938113,-10.612128402578895,45.47397634299381,17.430923970207456,28.043052372786352,CAR,LA,WFS_CORE_IMPACT_RESIDUAL
2025_13_LA_CAR,2025,13,2025-11-30,CAR,LA,-10.0,44.5,31.0,28.0,3.0,59.0,0.7000011466303518,1.7546824635765426,-9.299998853369647,46.25468246357654,18.47734180510345,27.777340658473094,CAR,LA,WFS_CORE_RESIDUAL
2025_13_LA_CAR,2025,13,2025-11-30,CAR,LA,-10.0,44.5,31.0,28.0,3.0,59.0,-1.1721721546078199,1.0701695353068643,-11.17217215460782,45.57016953530687,17.198998690349523,28.371170844957344,CAR,LA,WFS_TARGET_SPECIFIC_COACHING_RESIDUAL
2025_13_LA_CAR,2025,13,2025-11-30,CAR,LA,-10.0,44.5,31.0,28.0,3.0,59.0,-0.9127740012778796,0.9739763429938113,-10.91277400127788,45.47397634299381,17.280601170857963,28.193375172135845,CAR,LA,WFS_TARGET_SPECIFIC_RESIDUAL
2025_13_LV_LAC,2025,13,2025-11-30,LAC,LV,10.0,40.5,31.0,14.0,17.0,45.0,0.0,0.0,10.0,40.5,25.25,15.25,LAC,LAC,MARKET
2025_13_LV_LAC,2025,13,2025-11-30,LAC,LV,10.0,40.5,31.0,14.0,17.0,45.0,0.678112835645938,0.4181996956462558,10.678112835645939,40.91819969564626,25.7981562656461,15.120043430000159,LAC,LAC,WFS_CORE_IMPACT_RESIDUAL
2025_13_LV_LAC,2025,13,2025-11-30,LAC,LV,10.0,40.5,31.0,14.0,17.0,45.0,0.633698643370858,1.7704288604229694,10.633698643370858,42.27042886042297,26.45206375189691,15.818365108526056,LAC,LAC,WFS_CORE_RESIDUAL
2025_13_LV_LAC,2025,13,2025-11-30,LAC,LV,10.0,40.5,31.0,14.0,17.0,45.0,-5.489268447667542,0.8153662996874557,4.510731552332458,41.315366299687454,22.913048926009957,18.402317373677498,LAC,LAC,WFS_TARGET_SPECIFIC_COACHING_RESIDUAL
2025_13_LV_LAC,2025,13,2025-11-30,LAC,LV,10.0,40.5,31.0,14.0,17.0,45.0,-5.585061603995709,0.4181996956462558,4.414938396004291,40.91819969564626,22.666569045825273,18.251630649820985,LAC,LAC,WFS_TARGET_SPECIFIC_RESIDUAL
2025_13_MIN_SEA,2025,13,2025-11-30,SEA,MIN,12.5,42.5,26.0,0.0,26.0,26.0,0.0,0.0,12.5,42.5,27.5,15.0,SEA,SEA,MARKET
2025_13_MIN_SEA,2025,13,2025-11-30,SEA,MIN,12.5,42.5,26.0,0.0,26.0,26.0,4.95947066839441,1.768416308135508,17.45947066839441,44.26841630813551,30.863943488264958,13.404472819870549,SEA,SEA,WFS_CORE_IMPACT_RESIDUAL
2025_13_MIN_SEA,2025,13,2025-11-30,SEA,MIN,12.5,42.5,26.0,0.0,26.0,26.0,2.519870945670621,2.2826461893454373,15.019870945670622,44.782646189345435,29.90125856750803,14.881387621837407,SEA,SEA,WFS_CORE_RESIDUAL
2025_13_MIN_SEA,2025,13,2025-11-30,SEA,MIN,12.5,42.5,26.0,0.0,26.0,26.0,5.182662664341948,2.001799157533261,17.682662664341947,44.50179915753326,31.092230910937605,13.409568246595658,SEA,SEA,WFS_TARGET_SPECIFIC_COACHING_RESIDUAL
2025_13_MIN_SEA,2025,13,2025-11-30,SEA,MIN,12.5,42.5,26.0,0.0,26.0,26.0,5.258983817163429,1.768416308135508,17.75898381716343,44.26841630813551,31.01370006264947,13.254716245486039,SEA,SEA,WFS_TARGET_SPECIFIC_RESIDUAL
2025_13_NO_MIA,2025,13,2025-11-30,MIA,NO,5.5,41.5,21.0,17.0,4.0,38.0,0.0,0.0,5.5,41.5,23.5,18.0,MIA,MIA,MARKET
2025_13_NO_MIA,2025,13,2025-11-30,MIA,NO,5.5,41.5,21.0,17.0,4.0,38.0,1.9027818702644697,2.279595027605397,7.402781870264469,43.779595027605396,25.591188448934933,18.188406578670463,MIA,MIA,WFS_CORE_IMPACT_RESIDUAL
2025_13_NO_MIA,2025,13,2025-11-30,MIA,NO,5.5,41.5,21.0,17.0,4.0,38.0,1.2479513200158672,2.162629902936814,6.747951320015867,43.662629902936814,25.20529061147634,18.457339291460475,MIA,MIA,WFS_CORE_RESIDUAL
2025_13_NO_MIA,2025,13,2025-11-30,MIA,NO,5.5,41.5,21.0,17.0,4.0,38.0,1.856902733769994,2.570747276255892,7.356902733769994,44.070747276255894,25.713825005012943,18.35692227124295,MIA,MIA,WFS_TARGET_SPECIFIC_COACHING_RESIDUAL
2025_13_NO_MIA,2025,13,2025-11-30,MIA,NO,5.5,41.5,21.0,17.0,4.0,38.0,1.6001857183578452,2.279595027605397,7.100185718357845,43.779595027605396,25.43989037298162,18.339704654623777,MIA,MIA,WFS_TARGET_SPECIFIC_RESIDUAL
2025_13_SF_CLE,2025,13,2025-11-30,CLE,SF,-5.5,35.5,8.0,26.0,-18.0,34.0,0.0,0.0,-5.5,35.5,15.0,20.5,SF,SF,MARKET
2025_13_SF_CLE,2025,13,2025-11-30,CLE,SF,-5.5,35.5,8.0,26.0,-18.0,34.0,0.30635147574717225,1.8909890334952424,-5.193648524252827,37.390989033495245,16.098670254621208,21.292318778874037,SF,SF,WFS_CORE_IMPACT_RESIDUAL
2025_13_SF_CLE,2025,13,2025-11-30,CLE,SF,-5.5,35.5,8.0,26.0,-18.0,34.0,1.3725378919780131,1.0464628628217532,-4.127462108021987,36.546462862821755,16.209500377399884,20.33696248542187,SF,SF,WFS_CORE_RESIDUAL
2025_13_SF_CLE,2025,13,2025-11-30,CLE,SF,-5.5,35.5,8.0,26.0,-18.0,34.0,0.11209029067398256,1.9460376718430088,-5.387909709326017,37.44603767184301,16.029063981258496,21.416973690584513,SF,SF,WFS_TARGET_SPECIFIC_COACHING_RESIDUAL
2025_13_SF_CLE,2025,13,2025-11-30,CLE,SF,-5.5,35.5,8.0,26.0,-18.0,34.0,0.18137224599099422,1.8909890334952424,-5.318627754009006,37.390989033495245,16.03618063974312,21.354808393752126,SF,SF,WFS_TARGET_SPECIFIC_RESIDUAL
2025_13_NYG_NE,2025,13,2025-12-01,NE,NYG,7.0,46.5,33.0,15.0,18.0,48.0,0.0,0.0,7.0,46.5,26.75,19.75,NE,NE,MARKET
2025_13_NYG_NE,2025,13,2025-12-01,NE,NYG,7.0,46.5,33.0,15.0,18.0,48.0,1.4391515903461651,2.173377543775321,8.439151590346166,48.673377543775324,28.556264567060744,20.11711297671458,NE,NE,WFS_CORE_IMPACT_RESIDUAL
2025_13_NYG_NE,2025,13,2025-12-01,NE,NYG,7.0,46.5,33.0,15.0,18.0,48.0,1.8214660158131055,2.6892286402094596,8.821466015813105,49.18922864020946,29.005347328011283,20.183881312198174,NE,NE,WFS_CORE_RESIDUAL
2025_13_NYG_NE,2025,13,2025-12-01,NE,NYG,7.0,46.5,33.0,15.0,18.0,48.0,1.126677709049788,2.5185110963936768,8.126677709049789,49.018511096393674,28.57259440272173,20.445916693671943,NE,NE,WFS_TARGET_SPECIFIC_COACHING_RESIDUAL
2025_13_NYG_NE,2025,13,2025-12-01,NE,NYG,7.0,46.5,33.0,15.0,18.0,48.0,1.2252670851936984,2.173377543775321,8.225267085193698,48.673377543775324,28.44932231448451,20.224055229290812,NE,NE,WFS_TARGET_SPECIFIC_RESIDUAL
2025_14_DAL_DET,2025,14,2025-12-04,DET,DAL,3.5,55.5,44.0,30.0,14.0,74.0,0.0,0.0,3.5,55.5,29.5,26.0,DET,DET,MARKET
2025_14_DAL_DET,2025,14,2025-12-04,DET,DAL,3.5,55.5,44.0,30.0,14.0,74.0,-1.2584422955974481,3.728837434538459,2.2415577044025516,59.22883743453846,30.735197569470508,28.493639865067955,DET,DET,WFS_CORE_IMPACT_RESIDUAL
2025_14_DAL_DET,2025,14,2025-12-04,DET,DAL,3.5,55.5,44.0,30.0,14.0,74.0,0.6353761101135531,2.559747144512257,4.135376110113553,58.05974714451226,31.097561627312906,26.96218551719935,DET,DET,WFS_CORE_RESIDUAL
2025_14_DAL_DET,2025,14,2025-12-04,DET,DAL,3.5,55.5,44.0,30.0,14.0,74.0,-1.111523129711812,3.9889989536475796,2.388476870288188,59.48899895364758,30.938737911967884,28.550261041679697,DET,DET,WFS_TARGET_SPECIFIC_COACHING_RESIDUAL
2025_14_DAL_DET,2025,14,2025-12-04,DET,DAL,3.5,55.5,44.0,30.0,14.0,74.0,-1.5254147884363094,3.728837434538459,1.9745852115636906,59.22883743453846,30.601711323051077,28.627126111487385,DET,DET,WFS_TARGET_SPECIFIC_RESIDUAL
2025_14_CHI_GB,2025,14,2025-12-07,GB,CHI,6.5,44.5,28.0,21.0,7.0,49.0,0.0,0.0,6.5,44.5,25.5,19.0,GB,GB,MARKET
2025_14_CHI_GB,2025,14,2025-12-07,GB,CHI,6.5,44.5,28.0,21.0,7.0,49.0,3.600035967764716,1.000693748062103,10.100035967764716,45.500693748062105,27.80036485791341,17.700328890148693,GB,GB,WFS_CORE_IMPACT_RESIDUAL
2025_14_CHI_GB,2025,14,2025-12-07,GB,CHI,6.5,44.5,28.0,21.0,7.0,49.0,2.7760867979169723,1.1640138708933803,9.276086797916973,45.66401387089338,27.470050334405176,18.1939635364882,GB,GB,WFS_CORE_RESIDUAL
2025_14_CHI_GB,2025,14,2025-12-07,GB,CHI,6.5,44.5,28.0,21.0,7.0,49.0,3.593779056852802,1.0891630544941089,10.093779056852803,45.58916305449411,27.841471055673455,17.747691998820653,GB,GB,WFS_TARGET_SPECIFIC_COACHING_RESIDUAL
2025_14_CHI_GB,2025,14,2025-12-07,GB,CHI,6.5,44.5,28.0,21.0,7.0,49.0,3.355165655234225,1.000693748062103,9.855165655234225,45.500693748062105,27.677929701648164,17.82276404641394,GB,GB,WFS_TARGET_SPECIFIC_RESIDUAL
2025_14_CIN_BUF,2025,14,2025-12-07,BUF,CIN,6.0,54.5,39.0,34.0,5.0,73.0,0.0,0.0,6.0,54.5,30.25,24.25,BUF,BUF,MARKET
2025_14_CIN_BUF,2025,14,2025-12-07,BUF,CIN,6.0,54.5,39.0,34.0,5.0,73.0,1.3115822936369512,2.5416703942314145,7.311582293636951,57.04167039423142,32.17662634393418,24.865044050297232,BUF,BUF,WFS_CORE_IMPACT_RESIDUAL
2025_14_CIN_BUF,2025,14,2025-12-07,BUF,CIN,6.0,54.5,39.0,34.0,5.0,73.0,2.3753822596817433,2.248785760437034,8.375382259681743,56.74878576043703,32.56208401005939,24.186701750377644,BUF,BUF,WFS_CORE_RESIDUAL
2025_14_CIN_BUF,2025,14,2025-12-07,BUF,CIN,6.0,54.5,39.0,34.0,5.0,73.0,1.3182814162975982,3.0097745425545295,7.318281416297598,57.50977454255453,32.414027979426066,25.095746563128465,BUF,BUF,WFS_TARGET_SPECIFIC_COACHING_RESIDUAL
2025_14_CIN_BUF,2025,14,2025-12-07,BUF,CIN,6.0,54.5,39.0,34.0,5.0,73.0,1.0368750477625093,2.5416703942314145,7.036875047762509,57.04167039423142,32.03927272099696,25.002397673234455,BUF,BUF,WFS_TARGET_SPECIFIC_RESIDUAL
2025_14_DEN_LV,2025,14,2025-12-07,LV,DEN,-8.5,40.5,17.0,24.0,-7.0,41.0,0.0,0.0,-8.5,40.5,16.0,24.5,DEN,DEN,MARKET
2025_14_DEN_LV,2025,14,2025-12-07,LV,DEN,-8.5,40.5,17.0,24.0,-7.0,41.0,-0.6456996843378516,0.8419705970290752,-9.14569968433785,41.341970597029075,16.098135456345613,25.243835140683462,DEN,DEN,WFS_CORE_IMPACT_RESIDUAL
2025_14_DEN_LV,2025,14,2025-12-07,LV,DEN,-8.5,40.5,17.0,24.0,-7.0,41.0,-0.01679975077475404,1.171615031327777,-8.516799750774753,41.671615031327775,16.577407640276512,25.094207391051263,DEN,DEN,WFS_CORE_RESIDUAL
2025_14_DEN_LV,2025,14,2025-12-07,LV,DEN,-8.5,40.5,17.0,24.0,-7.0,41.0,-2.26861292401456,0.7039429308570778,-10.76861292401456,41.203942930857075,15.217665003421256,25.986277927435818,DEN,DEN,WFS_TARGET_SPECIFIC_COACHING_RESIDUAL
2025_14_DEN_LV,2025,14,2025-12-07,LV,DEN,-8.5,40.5,17.0,24.0,-7.0,41.0,-1.9157372031594175,0.8419705970290752,-10.415737203159418,41.341970597029075,15.46311669693483,25.878853900094246,DEN,DEN,WFS_TARGET_SPECIFIC_RESIDUAL
2025_14_HOU_KC,2025,14,2025-12-07,KC,HOU,4.5,41.5,10.0,20.0,-10.0,30.0,0.0,0.0,4.5,41.5,23.0,18.5,HOU,KC,MARKET
2025_14_HOU_KC,2025,14,2025-12-07,KC,HOU,4.5,41.5,10.0,20.0,-10.0,30.0,0.7854491952363162,1.9545814505812764,5.285449195236316,43.45458145058127,24.370015322908795,19.084566127672478,HOU,KC,WFS_CORE_IMPACT_RESIDUAL
2025_14_HOU_KC,2025,14,2025-12-07,KC,HOU,4.5,41.5,10.0,20.0,-10.0,30.0,1.5322964283935292,2.3492776774221964,6.032296428393529,43.849277677422194,24.94078705290786,18.908490624514332,HOU,KC,WFS_CORE_RESIDUAL
2025_14_HOU_KC,2025,14,2025-12-07,KC,HOU,4.5,41.5,10.0,20.0,-10.0,30.0,0.8309520511653364,2.614385009433701,5.330952051165337,44.114385009433704,24.722668530299522,19.391716479134182,HOU,KC,WFS_TARGET_SPECIFIC_COACHING_RESIDUAL
2025_14_HOU_KC,2025,14,2025-12-07,KC,HOU,4.5,41.5,10.0,20.0,-10.0,30.0,0.5733354244917583,1.9545814505812764,5.073335424491758,43.45458145058127,24.263958437536516,19.190623013044757,HOU,KC,WFS_TARGET_SPECIFIC_RESIDUAL
2025_14_IND_JAX,2025,14,2025-12-07,JAX,IND,-2.5,44.5,36.0,19.0,17.0,55.0,0.0,0.0,-2.5,44.5,21.0,23.5,JAX,IND,MARKET
2025_14_IND_JAX,2025,14,2025-12-07,JAX,IND,-2.5,44.5,36.0,19.0,17.0,55.0,1.4077696121697307,2.6193102478511134,-1.0922303878302693,47.11931024785111,23.01353993001042,24.10577031784069,JAX,IND,WFS_CORE_IMPACT_RESIDUAL
2025_14_IND_JAX,2025,14,2025-12-07,JAX,IND,-2.5,44.5,36.0,19.0,17.0,55.0,2.391339873346866,2.7911951468890335,-0.10866012665313418,47.29119514688903,23.591267510117948,23.699927636771083,JAX,IND,WFS_CORE_RESIDUAL
2025_14_IND_JAX,2025,14,2025-12-07,JAX,IND,-2.5,44.5,36.0,19.0,17.0,55.0,0.6856843742330699,2.6293006746312555,-1.81431562576693,47.12930067463125,22.65749252443216,24.47180815019909,JAX,IND,WFS_TARGET_SPECIFIC_COACHING_RESIDUAL
2025_14_IND_JAX,2025,14,2025-12-07,JAX,IND,-2.5,44.5,36.0,19.0,17.0,55.0,1.0044108840952697,2.6193102478511134,-1.4955891159047303,47.11931024785111,22.81186056597319,24.30744968187792,JAX,IND,WFS_TARGET_SPECIFIC_RESIDUAL
2025_14_LA_ARI,2025,14,2025-12-07,ARI,LA,-9.5,49.5,17.0,45.0,-28.0,62.0,0.0,0.0,-9.5,49.5,20.0,29.5,LA,LA,MARKET
2025_14_LA_ARI,2025,14,2025-12-07,ARI,LA,-9.5,49.5,17.0,45.0,-28.0,62.0,-1.808691009171496,-1.3832556352734147,-11.308691009171497,48.116744364726586,18.404026677777544,29.71271768694904,LA,LA,WFS_CORE_IMPACT_RESIDUAL
2025_14_LA_ARI,2025,14,2025-12-07,ARI,LA,-9.5,49.5,17.0,45.0,-28.0,62.0,0.15042928639601433,1.6469950809808154,-9.349570713603987,51.146995080980815,20.898712183688414,30.248282897292402,LA,LA,WFS_CORE_RESIDUAL
2025_14_LA_ARI,2025,14,2025-12-07,ARI,LA,-9.5,49.5,17.0,45.0,-28.0,62.0,-2.944693702629897,-1.2826954335292298,-12.444693702629896,48.21730456647077,17.886305431920437,30.330999134550336,LA,LA,WFS_TARGET_SPECIFIC_COACHING_RESIDUAL
2025_14_LA_ARI,2025,14,2025-12-07,ARI,LA,-9.5,49.5,17.0,45.0,-28.0,62.0,-2.879925908028293,-1.3832556352734147,-12.379925908028293,48.116744364726586,17.868409228349147,30.248335136377438,LA,LA,WFS_TARGET_SPECIFIC_RESIDUAL
2025_14_MIA_NYJ,2025,14,2025-12-07,NYJ,MIA,-2.5,41.5,10.0,34.0,-24.0,44.0,0.0,0.0,-2.5,41.5,19.5,22.0,MIA,MIA,MARKET
2025_14_MIA_NYJ,2025,14,2025-12-07,NYJ,MIA,-2.5,41.5,10.0,34.0,-24.0,44.0,0.22505725940986193,0.8553707773692599,-2.274942740590138,42.35537077736926,20.040214018389563,22.315156758979697,MIA,MIA,WFS_CORE_IMPACT_RESIDUAL
2025_14_MIA_NYJ,2025,14,2025-12-07,NYJ,MIA,-2.5,41.5,10.0,34.0,-24.0,44.0,0.6984224967533039,1.1393620728782357,-1.801577503246696,42.639362072878235,20.41889228481577,22.220469788062466,MIA,MIA,WFS_CORE_RESIDUAL
2025_14_MIA_NYJ,2025,14,2025-12-07,NYJ,MIA,-2.5,41.5,10.0,34.0,-24.0,44.0,0.8119482957347894,0.6619193025956325,-1.6880517042652106,42.161919302595635,20.23693379916521,21.924985503430424,MIA,MIA,WFS_TARGET_SPECIFIC_COACHING_RESIDUAL
2025_14_MIA_NYJ,2025,14,2025-12-07,NYJ,MIA,-2.5,41.5,10.0,34.0,-24.0,44.0,1.2541816082475683,0.8553707773692599,-1.2458183917524317,42.35537077736926,20.554776192808415,21.800594584560844,MIA,MIA,WFS_TARGET_SPECIFIC_RESIDUAL
2025_14_NO_TB,2025,14,2025-12-07,TB,NO,7.5,41.5,20.0,24.0,-4.0,44.0,0.0,0.0,7.5,41.5,24.5,17.0,NO,TB,MARKET
2025_14_NO_TB,2025,14,2025-12-07,TB,NO,7.5,41.5,20.0,24.0,-4.0,44.0,1.393407781622983,2.468788295865718,8.893407781622983,43.96878829586572,26.431098038744352,17.53769025712137,NO,TB,WFS_CORE_IMPACT_RESIDUAL
2025_14_NO_TB,2025,14,2025-12-07,TB,NO,7.5,41.5,20.0,24.0,-4.0,44.0,1.47272614902071,2.2529949478180957,8.97272614902071,43.752994947818095,26.362860548419402,17.390134399398693,NO,TB,WFS_CORE_RESIDUAL
2025_14_NO_TB,2025,14,2025-12-07,TB,NO,7.5,41.5,20.0,24.0,-4.0,44.0,1.6841123368850868,2.82933134779343,9.184112336885086,44.32933134779343,26.756721842339257,17.57260950545417,NO,TB,WFS_TARGET_SPECIFIC_COACHING_RESIDUAL
2025_14_NO_TB,2025,14,2025-12-07,TB,NO,7.5,41.5,20.0,24.0,-4.0,44.0,1.3675421359201942,2.468788295865718,8.867542135920194,43.96878829586572,26.41816521589296,17.550623079972762,NO,TB,WFS_TARGET_SPECIFIC_RESIDUAL
2025_14_PIT_BAL,2025,14,2025-12-07,BAL,PIT,5.5,43.5,22.0,27.0,-5.0,49.0,0.0,0.0,5.5,43.5,24.5,19.0,PIT,BAL,MARKET
2025_14_PIT_BAL,2025,14,2025-12-07,BAL,PIT,5.5,43.5,22.0,27.0,-5.0,49.0,0.9839396937823425,2.984269418687984,6.483939693782342,46.48426941868799,26.484104556235163,20.000164862452824,PIT,BAL,WFS_CORE_IMPACT_RESIDUAL
2025_14_PIT_BAL,2025,14,2025-12-07,BAL,PIT,5.5,43.5,22.0,27.0,-5.0,49.0,1.8090692230264782,2.302547415622421,7.309069223026478,45.80254741562242,26.55580831932445,19.246739096297972,PIT,BAL,WFS_CORE_RESIDUAL
2025_14_PIT_BAL,2025,14,2025-12-07,BAL,PIT,5.5,43.5,22.0,27.0,-5.0,49.0,1.2190951598698916,3.6109377578874584,6.719095159869892,47.110937757887456,26.915016458878675,20.19592129900878,PIT,BAL,WFS_TARGET_SPECIFIC_COACHING_RESIDUAL
2025_14_PIT_BAL,2025,14,2025-12-07,BAL,PIT,5.5,43.5,22.0,27.0,-5.0,49.0,1.0062544550419745,2.984269418687984,6.506254455041974,46.48426941868799,26.49526193686498,19.989007481823005,PIT,BAL,WFS_TARGET_SPECIFIC_RESIDUAL
2025_14_SEA_ATL,2025,14,2025-12-07,ATL,SEA,-7.0,44.5,9.0,37.0,-28.0,46.0,0.0,0.0,-7.0,44.5,18.75,25.75,SEA,SEA,MARKET
2025_14_SEA_ATL,2025,14,2025-12-07,ATL,SEA,-7.0,44.5,9.0,37.0,-28.0,46.0,1.2217497707082579,0.3643591047883853,-5.778250229291742,44.864359104788385,19.54305443774832,25.321304667040064,SEA,SEA,WFS_CORE_IMPACT_RESIDUAL
2025_14_SEA_ATL,2025,14,2025-12-07,ATL,SEA,-7.0,44.5,9.0,37.0,-28.0,46.0,2.2799856287923275,1.370136771612167,-4.7200143712076725,45.87013677161217,20.575061200202246,25.29507557140992,SEA,SEA,WFS_CORE_RESIDUAL
2025_14_SEA_ATL,2025,14,2025-12-07,ATL,SEA,-7.0,44.5,9.0,37.0,-28.0,46.0,-4.507870467699219,0.3028933749101113,-11.50787046769922,44.80289337491011,16.647511453605446,28.155381921304667,SEA,SEA,WFS_TARGET_SPECIFIC_COACHING_RESIDUAL
2025_14_SEA_ATL,2025,14,2025-12-07,ATL,SEA,-7.0,44.5,9.0,37.0,-28.0,46.0,-4.366287839301659,0.3643591047883853,-11.366287839301659,44.864359104788385,16.749035632743364,28.11532347204502,SEA,SEA,WFS_TARGET_SPECIFIC_RESIDUAL
2025_14_TEN_CLE,2025,14,2025-12-07,CLE,TEN,4.5,33.5,29.0,31.0,-2.0,60.0,0.0,0.0,4.5,33.5,19.0,14.5,TEN,CLE,MARKET
2025_14_TEN_CLE,2025,14,2025-12-07,CLE,TEN,4.5,33.5,29.0,31.0,-2.0,60.0,0.6691686922680123,2.3904270314722553,5.169168692268013,35.89042703147226,20.529797861870136,15.360629169602122,TEN,CLE,WFS_CORE_IMPACT_RESIDUAL
2025_14_TEN_CLE,2025,14,2025-12-07,CLE,TEN,4.5,33.5,29.0,31.0,-2.0,60.0,1.399812308247357,1.4817416579476186,5.899812308247357,34.981741657947616,20.440776983097486,14.54096467485013,TEN,CLE,WFS_CORE_RESIDUAL
2025_14_TEN_CLE,2025,14,2025-12-07,CLE,TEN,4.5,33.5,29.0,31.0,-2.0,60.0,1.1405389058386872,2.4798155528553414,5.640538905838687,35.97981555285534,20.810177229347016,15.169638323508327,TEN,CLE,WFS_TARGET_SPECIFIC_COACHING_RESIDUAL
2025_14_TEN_CLE,2025,14,2025-12-07,CLE,TEN,4.5,33.5,29.0,31.0,-2.0,60.0,1.0223673219281157,2.3904270314722553,5.522367321928115,35.89042703147226,20.706397176700186,15.18402985477207,TEN,CLE,WFS_TARGET_SPECIFIC_RESIDUAL
2025_14_WAS_MIN,2025,14,2025-12-07,MIN,WAS,-1.5,43.5,31.0,0.0,31.0,31.0,0.0,0.0,-1.5,43.5,21.0,22.5,MIN,WAS,MARKET
2025_14_WAS_MIN,2025,14,2025-12-07,MIN,WAS,-1.5,43.5,31.0,0.0,31.0,31.0,-0.22354093232397487,1.00266184580145,-1.7235409323239748,44.50266184580145,21.389560456738735,23.113101389062713,MIN,WAS,WFS_CORE_IMPACT_RESIDUAL
2025_14_WAS_MIN,2025,14,2025-12-07,MIN,WAS,-1.5,43.5,31.0,0.0,31.0,31.0,0.32379029128975967,1.3274495090994256,-1.1762097087102403,44.827449509099424,21.825619900194592,23.00182960890483,MIN,WAS,WFS_CORE_RESIDUAL
2025_14_WAS_MIN,2025,14,2025-12-07,MIN,WAS,-1.5,43.5,31.0,0.0,31.0,31.0,-0.023366003662824736,1.3124545835707289,-1.5233660036628247,44.81245458357073,21.644544289953952,23.167910293616774,MIN,WAS,WFS_TARGET_SPECIFIC_COACHING_RESIDUAL
2025_14_WAS_MIN,2025,14,2025-12-07,MIN,WAS,-1.5,43.5,31.0,0.0,31.0,31.0,-0.2032469958239979,1.00266184580145,-1.703246995823998,44.50266184580145,21.399707424988726,23.102954420812722,MIN,WAS,WFS_TARGET_SPECIFIC_RESIDUAL
2025_14_PHI_LAC,2025,14,2025-12-08,LAC,PHI,-1.5,41.5,22.0,19.0,3.0,41.0,0.0,0.0,-1.5,41.5,20.0,21.5,LAC,PHI,MARKET
2025_14_PHI_LAC,2025,14,2025-12-08,LAC,PHI,-1.5,41.5,22.0,19.0,3.0,41.0,1.6833189170151217,2.5133694190477973,0.1833189170151217,44.0133694190478,22.09834416803146,21.91502525101634,LAC,LAC,WFS_CORE_IMPACT_RESIDUAL
2025_14_PHI_LAC,2025,14,2025-12-08,LAC,PHI,-1.5,41.5,22.0,19.0,3.0,41.0,2.249644188439187,1.8146350332717835,0.7496441884391869,43.314635033271784,22.032139610855484,21.2824954224163,LAC,LAC,WFS_CORE_RESIDUAL
2025_14_PHI_LAC,2025,14,2025-12-08,LAC,PHI,-1.5,41.5,22.0,19.0,3.0,41.0,1.411631795319759,2.8090420562706075,-0.08836820468024098,44.309042056270606,22.11033692579518,22.198705130475425,LAC,PHI,WFS_TARGET_SPECIFIC_COACHING_RESIDUAL
2025_14_PHI_LAC,2025,14,2025-12-08,LAC,PHI,-1.5,41.5,22.0,19.0,3.0,41.0,1.5469361954368732,2.5133694190477973,0.04693619543687322,44.0133694190478,22.030152807242334,21.983216611805464,LAC,LAC,WFS_TARGET_SPECIFIC_RESIDUAL
2025_15_ATL_TB,2025,15,2025-12-11,TB,ATL,6.0,43.5,28.0,29.0,-1.0,57.0,0.0,0.0,6.0,43.5,24.75,18.75,ATL,TB,MARKET
2025_15_ATL_TB,2025,15,2025-12-11,TB,ATL,6.0,43.5,28.0,29.0,-1.0,57.0,3.4064389302411384,2.4103331444890674,9.406438930241139,45.910333144489066,27.6583860373651,18.251947107123964,ATL,TB,WFS_CORE_IMPACT_RESIDUAL
2025_15_ATL_TB,2025,15,2025-12-11,TB,ATL,6.0,43.5,28.0,29.0,-1.0,57.0,1.7609768043039224,2.122727682267727,7.7609768043039224,45.62272768226773,26.691852243285826,18.930875438981904,ATL,TB,WFS_CORE_RESIDUAL
2025_15_ATL_TB,2025,15,2025-12-11,TB,ATL,6.0,43.5,28.0,29.0,-1.0,57.0,2.869670931232491,2.7045976556813596,8.869670931232491,46.20459765568136,27.537134293456926,18.667463362224435,ATL,TB,WFS_TARGET_SPECIFIC_COACHING_RESIDUAL
2025_15_ATL_TB,2025,15,2025-12-11,TB,ATL,6.0,43.5,28.0,29.0,-1.0,57.0,2.6272714327771376,2.4103331444890674,8.627271432777137,45.910333144489066,27.2688022886331,18.641530855855965,ATL,TB,WFS_TARGET_SPECIFIC_RESIDUAL
2025_15_ARI_HOU,2025,15,2025-12-14,HOU,ARI,10.5,42.5,40.0,20.0,20.0,60.0,0.0,0.0,10.5,42.5,26.5,16.0,HOU,HOU,MARKET
2025_15_ARI_HOU,2025,15,2025-12-14,HOU,ARI,10.5,42.5,40.0,20.0,20.0,60.0,4.9296288044269065,4.172070251022532,15.429628804426907,46.67207025102253,31.05084952772472,15.621220723297814,HOU,HOU,WFS_CORE_IMPACT_RESIDUAL
2025_15_ARI_HOU,2025,15,2025-12-14,HOU,ARI,10.5,42.5,40.0,20.0,20.0,60.0,1.9190603583499568,2.494476298558702,12.419060358349956,44.9944762985587,28.70676832845433,16.28770797010437,HOU,HOU,WFS_CORE_RESIDUAL
2025_15_ARI_HOU,2025,15,2025-12-14,HOU,ARI,10.5,42.5,40.0,20.0,20.0,60.0,4.949792981458158,4.478445087595261,15.449792981458158,46.97844508759526,31.21411903452671,15.764326053068551,HOU,HOU,WFS_TARGET_SPECIFIC_COACHING_RESIDUAL
2025_15_ARI_HOU,2025,15,2025-12-14,HOU,ARI,10.5,42.5,40.0,20.0,20.0,60.0,4.619406140278015,4.172070251022532,15.119406140278015,46.67207025102253,30.895738195650274,15.776332055372258,HOU,HOU,WFS_TARGET_SPECIFIC_RESIDUAL
2025_15_BAL_CIN,2025,15,2025-12-14,CIN,BAL,-2.5,51.5,0.0,24.0,-24.0,24.0,0.0,0.0,-2.5,51.5,24.5,27.0,BAL,BAL,MARKET
2025_15_BAL_CIN,2025,15,2025-12-14,CIN,BAL,-2.5,51.5,0.0,24.0,-24.0,24.0,-0.39934281824563683,0.07165661292079487,-2.899342818245637,51.5716566129208,24.33615689733758,27.235499715583217,BAL,BAL,WFS_CORE_IMPACT_RESIDUAL
2025_15_BAL_CIN,2025,15,2025-12-14,CIN,BAL,-2.5,51.5,0.0,24.0,-24.0,24.0,1.0469949710140178,1.1089692874260781,-1.4530050289859822,52.60896928742608,25.577982129220047,27.03098715820603,BAL,BAL,WFS_CORE_RESIDUAL
2025_15_BAL_CIN,2025,15,2025-12-14,CIN,BAL,-2.5,51.5,0.0,24.0,-24.0,24.0,-3.1594025635529124,0.25450475148984963,-5.659402563552913,51.75450475148985,23.047551093968465,28.70695365752138,BAL,BAL,WFS_TARGET_SPECIFIC_COACHING_RESIDUAL
2025_15_BAL_CIN,2025,15,2025-12-14,CIN,BAL,-2.5,51.5,0.0,24.0,-24.0,24.0,-3.115808327070904,0.07165661292079487,-5.615808327070904,51.5716566129208,22.977924142924948,28.59373246999585,BAL,BAL,WFS_TARGET_SPECIFIC_RESIDUAL
2025_15_BUF_NE,2025,15,2025-12-14,NE,BUF,-2.5,49.5,31.0,35.0,-4.0,66.0,0.0,0.0,-2.5,49.5,23.5,26.0,BUF,BUF,MARKET
2025_15_BUF_NE,2025,15,2025-12-14,NE,BUF,-2.5,49.5,31.0,35.0,-4.0,66.0,1.068661821275007,0.9477132792629671,-1.431338178724993,50.44771327926297,24.50818755026899,25.93952572899398,BUF,BUF,WFS_CORE_IMPACT_RESIDUAL
2025_15_BUF_NE,2025,15,2025-12-14,NE,BUF,-2.5,49.5,31.0,35.0,-4.0,66.0,1.2081240226958725,2.0616039669218966,-1.2918759773041275,51.56160396692189,25.13486399480888,26.426739972113012,BUF,BUF,WFS_CORE_RESIDUAL
2025_15_BUF_NE,2025,15,2025-12-14,NE,BUF,-2.5,49.5,31.0,35.0,-4.0,66.0,2.7431098214135496,1.2845659582296867,0.24310982141354964,50.784565958229685,25.513837889821616,25.27072806840807,BUF,NE,WFS_TARGET_SPECIFIC_COACHING_RESIDUAL
2025_15_BUF_NE,2025,15,2025-12-14,NE,BUF,-2.5,49.5,31.0,35.0,-4.0,66.0,3.0017050362880644,0.9477132792629671,0.5017050362880644,50.44771327926297,25.474709157775518,24.973004121487453,BUF,NE,WFS_TARGET_SPECIFIC_RESIDUAL
2025_15_CAR_NO,2025,15,2025-12-14,NO,CAR,-2.5,41.5,20.0,17.0,3.0,37.0,0.0,0.0,-2.5,41.5,19.5,22.0,NO,CAR,MARKET
2025_15_CAR_NO,2025,15,2025-12-14,NO,CAR,-2.5,41.5,20.0,17.0,3.0,37.0,0.03740446992359904,-0.3647007129083751,-2.462595530076401,41.13529928709163,19.336351878507614,21.798947408584013,NO,CAR,WFS_CORE_IMPACT_RESIDUAL
2025_15_CAR_NO,2025,15,2025-12-14,NO,CAR,-2.5,41.5,20.0,17.0,3.0,37.0,0.4364111621995517,1.0618760806527556,-2.0635888378004483,42.56187608065276,20.249143621426157,22.312732459226602,NO,CAR,WFS_CORE_RESIDUAL
2025_15_CAR_NO,2025,15,2025-12-14,NO,CAR,-2.5,41.5,20.0,17.0,3.0,37.0,0.566251662849689,-0.6243825336547012,-1.933748337150311,40.8756174663453,19.470934564597492,21.404682901747805,NO,CAR,WFS_TARGET_SPECIFIC_COACHING_RESIDUAL
2025_15_CAR_NO,2025,15,2025-12-14,NO,CAR,-2.5,41.5,20.0,17.0,3.0,37.0,0.8286745375082626,-0.3647007129083751,-1.6713254624917373,41.13529928709163,19.731986912299945,21.403312374791682,NO,CAR,WFS_TARGET_SPECIFIC_RESIDUAL
2025_15_CLE_CHI,2025,15,2025-12-14,CHI,CLE,7.5,38.5,31.0,3.0,28.0,34.0,0.0,0.0,7.5,38.5,23.0,15.5,CHI,CHI,MARKET
2025_15_CLE_CHI,2025,15,2025-12-14,CHI,CLE,7.5,38.5,31.0,3.0,28.0,34.0,5.6003509291038,4.067189586433138,13.1003509291038,42.56718958643314,27.83377025776847,14.733419328664668,CHI,CHI,WFS_CORE_IMPACT_RESIDUAL
2025_15_CLE_CHI,2025,15,2025-12-14,CHI,CLE,7.5,38.5,31.0,3.0,28.0,34.0,1.8048101258528653,2.4025948562793116,9.304810125852866,40.902594856279315,25.10370249106609,15.798892365213224,CHI,CHI,WFS_CORE_RESIDUAL
2025_15_CLE_CHI,2025,15,2025-12-14,CHI,CLE,7.5,38.5,31.0,3.0,28.0,34.0,6.9177232748807125,4.145802024087925,14.417723274880712,42.64580202408793,28.53176264948432,14.114039374603607,CHI,CHI,WFS_TARGET_SPECIFIC_COACHING_RESIDUAL
2025_15_CLE_CHI,2025,15,2025-12-14,CHI,CLE,7.5,38.5,31.0,3.0,28.0,34.0,7.203546088822458,4.067189586433138,14.703546088822458,42.56718958643314,28.635367837627797,13.93182174880534,CHI,CHI,WFS_TARGET_SPECIFIC_RESIDUAL
2025_15_DET_LA,2025,15,2025-12-14,LA,DET,5.5,54.5,41.0,34.0,7.0,75.0,0.0,0.0,5.5,54.5,30.0,24.5,LA,LA,MARKET
2025_15_DET_LA,2025,15,2025-12-14,LA,DET,5.5,54.5,41.0,34.0,7.0,75.0,1.1827629165401874,2.8506130295733314,6.682762916540187,57.35061302957333,32.01668797305676,25.333925056516573,LA,LA,WFS_CORE_IMPACT_RESIDUAL
2025_15_DET_LA,2025,15,2025-12-14,LA,DET,5.5,54.5,41.0,34.0,7.0,75.0,1.0698004506480878,2.126042270218306,6.569800450648088,56.626042270218306,31.597921360433197,25.02812090978511,LA,LA,WFS_CORE_RESIDUAL
2025_15_DET_LA,2025,15,2025-12-14,LA,DET,5.5,54.5,41.0,34.0,7.0,75.0,0.989843511380202,3.096426172659683,6.489843511380202,57.59642617265968,32.043134842019946,25.55329133063974,LA,LA,WFS_TARGET_SPECIFIC_COACHING_RESIDUAL
2025_15_DET_LA,2025,15,2025-12-14,LA,DET,5.5,54.5,41.0,34.0,7.0,75.0,0.8806295000861856,2.8506130295733314,6.380629500086186,57.35061302957333,31.86562126482976,25.484991764743572,LA,LA,WFS_TARGET_SPECIFIC_RESIDUAL
2025_15_GB_DEN,2025,15,2025-12-14,DEN,GB,-1.5,42.5,34.0,26.0,8.0,60.0,0.0,0.0,-1.5,42.5,20.5,22.0,DEN,GB,MARKET
2025_15_GB_DEN,2025,15,2025-12-14,DEN,GB,-1.5,42.5,34.0,26.0,8.0,60.0,0.6507979553754989,1.8955196209109737,-0.8492020446245011,44.395519620910974,21.77315878814324,22.622360832767736,DEN,GB,WFS_CORE_IMPACT_RESIDUAL
2025_15_GB_DEN,2025,15,2025-12-14,DEN,GB,-1.5,42.5,34.0,26.0,8.0,60.0,0.7020148612234822,2.4051923930443575,-0.7979851387765178,44.90519239304436,22.05360362713392,22.85158876591044,DEN,GB,WFS_CORE_RESIDUAL
2025_15_GB_DEN,2025,15,2025-12-14,DEN,GB,-1.5,42.5,34.0,26.0,8.0,60.0,-1.047846799480527,2.33985243483116,-2.547846799480527,44.83985243483116,21.146002817675317,23.69384961715584,DEN,GB,WFS_TARGET_SPECIFIC_COACHING_RESIDUAL
2025_15_GB_DEN,2025,15,2025-12-14,DEN,GB,-1.5,42.5,34.0,26.0,8.0,60.0,-1.177714095913608,1.8955196209109737,-2.677714095913608,44.395519620910974,20.858902762498683,23.53661685841229,DEN,GB,WFS_TARGET_SPECIFIC_RESIDUAL
2025_15_IND_SEA,2025,15,2025-12-14,SEA,IND,13.5,41.5,18.0,16.0,2.0,34.0,0.0,0.0,13.5,41.5,27.5,14.0,SEA,SEA,MARKET
2025_15_IND_SEA,2025,15,2025-12-14,SEA,IND,13.5,41.5,18.0,16.0,2.0,34.0,1.802861447860341,3.976160327202722,15.30286144786034,45.47616032720272,30.38951088753153,15.08664943967119,SEA,SEA,WFS_CORE_IMPACT_RESIDUAL
2025_15_IND_SEA,2025,15,2025-12-14,SEA,IND,13.5,41.5,18.0,16.0,2.0,34.0,2.3913158116672704,3.3604658121011397,15.89131581166727,44.86046581210114,30.375890811884204,14.484575000216935,SEA,SEA,WFS_CORE_RESIDUAL
2025_15_IND_SEA,2025,15,2025-12-14,SEA,IND,13.5,41.5,18.0,16.0,2.0,34.0,1.3984527865572496,4.191917350700387,14.89845278655725,45.691917350700386,30.295185068628818,15.396732282071568,SEA,SEA,WFS_TARGET_SPECIFIC_COACHING_RESIDUAL
2025_15_IND_SEA,2025,15,2025-12-14,SEA,IND,13.5,41.5,18.0,16.0,2.0,34.0,1.4781548086881975,3.976160327202722,14.978154808688197,45.47616032720272,30.227157567945458,15.249002759257262,SEA,SEA,WFS_TARGET_SPECIFIC_RESIDUAL
2025_15_LAC_KC,2025,15,2025-12-14,KC,LAC,5.5,41.5,13.0,16.0,-3.0,29.0,0.0,0.0,5.5,41.5,23.5,18.0,LAC,KC,MARKET
2025_15_LAC_KC,2025,15,2025-12-14,KC,LAC,5.5,41.5,13.0,16.0,-3.0,29.0,1.7959990075134817,0.1311779891850966,7.2959990075134815,41.6311779891851,24.46358849834929,17.16758949083581,LAC,KC,WFS_CORE_IMPACT_RESIDUAL
2025_15_LAC_KC,2025,15,2025-12-14,KC,LAC,5.5,41.5,13.0,16.0,-3.0,29.0,1.6666760199241182,1.547937052792272,7.166676019924118,43.04793705279227,25.107306536358195,17.940630516434076,LAC,KC,WFS_CORE_RESIDUAL
2025_15_LAC_KC,2025,15,2025-12-14,KC,LAC,5.5,41.5,13.0,16.0,-3.0,29.0,-0.5117226684757257,0.7194822252234259,4.988277331524275,42.21948222522342,23.603879778373848,18.615602446849575,LAC,KC,WFS_TARGET_SPECIFIC_COACHING_RESIDUAL
2025_15_LAC_KC,2025,15,2025-12-14,KC,LAC,5.5,41.5,13.0,16.0,-3.0,29.0,-0.919530825523145,0.1311779891850966,4.580469174476855,41.6311779891851,23.105823581830975,18.525354407354122,LAC,KC,WFS_TARGET_SPECIFIC_RESIDUAL
2025_15_LV_PHI,2025,15,2025-12-14,PHI,LV,12.5,37.5,31.0,0.0,31.0,31.0,0.0,0.0,12.5,37.5,25.0,12.5,PHI,PHI,MARKET
2025_15_LV_PHI,2025,15,2025-12-14,PHI,LV,12.5,37.5,31.0,0.0,31.0,31.0,2.96653106651928,2.9926453328509024,15.46653106651928,40.492645332850906,27.979588199685093,12.513057133165812,PHI,PHI,WFS_CORE_IMPACT_RESIDUAL
2025_15_LV_PHI,2025,15,2025-12-14,PHI,LV,12.5,37.5,31.0,0.0,31.0,31.0,0.9499631252863578,2.666362932818097,13.449963125286358,40.166362932818096,26.808163029052228,13.358199903765868,PHI,PHI,WFS_CORE_RESIDUAL
2025_15_LV_PHI,2025,15,2025-12-14,PHI,LV,12.5,37.5,31.0,0.0,31.0,31.0,3.3452109025499692,3.7120790283082084,15.845210902549969,41.21207902830821,28.528644965429088,12.68343406287912,PHI,PHI,WFS_TARGET_SPECIFIC_COACHING_RESIDUAL
2025_15_LV_PHI,2025,15,2025-12-14,PHI,LV,12.5,37.5,31.0,0.0,31.0,31.0,2.9548160225252946,2.9926453328509024,15.454816022525295,40.492645332850906,27.9737306776881,12.518914655162806,PHI,PHI,WFS_TARGET_SPECIFIC_RESIDUAL
2025_15_MIN_DAL,2025,15,2025-12-14,DAL,MIN,5.5,47.5,26.0,34.0,-8.0,60.0,0.0,0.0,5.5,47.5,26.5,21.0,MIN,DAL,MARKET
2025_15_MIN_DAL,2025,15,2025-12-14,DAL,MIN,5.5,47.5,26.0,34.0,-8.0,60.0,0.3700753054760822,0.5011127758798137,5.870075305476083,48.00111277587981,26.935594040677948,21.065518735201863,MIN,DAL,WFS_CORE_IMPACT_RESIDUAL
2025_15_MIN_DAL,2025,15,2025-12-14,DAL,MIN,5.5,47.5,26.0,34.0,-8.0,60.0,0.6384276177232312,1.4416566375069966,6.138427617723231,48.941656637506995,27.540042127615113,21.401614509891882,MIN,DAL,WFS_CORE_RESIDUAL
2025_15_MIN_DAL,2025,15,2025-12-14,DAL,MIN,5.5,47.5,26.0,34.0,-8.0,60.0,-0.18668407032405662,0.5338608551638058,5.313315929675944,48.03386085516381,26.673588392419877,21.360272462743932,MIN,DAL,WFS_TARGET_SPECIFIC_COACHING_RESIDUAL
2025_15_MIN_DAL,2025,15,2025-12-14,DAL,MIN,5.5,47.5,26.0,34.0,-8.0,60.0,0.17878301649962064,0.5011127758798137,5.6787830164996205,48.00111277587981,26.839947896189717,21.161164879690094,MIN,DAL,WFS_TARGET_SPECIFIC_RESIDUAL
2025_15_NYJ_JAX,2025,15,2025-12-14,JAX,NYJ,13.5,40.5,48.0,20.0,28.0,68.0,0.0,0.0,13.5,40.5,27.0,13.5,JAX,JAX,MARKET
2025_15_NYJ_JAX,2025,15,2025-12-14,JAX,NYJ,13.5,40.5,48.0,20.0,28.0,68.0,8.239274688700297,4.98307425298816,21.7392746887003,45.48307425298816,33.61117447084423,11.871899782143931,JAX,JAX,WFS_CORE_IMPACT_RESIDUAL
2025_15_NYJ_JAX,2025,15,2025-12-14,JAX,NYJ,13.5,40.5,48.0,20.0,28.0,68.0,2.578723330503589,2.9100205569437367,16.07872333050359,43.410020556943735,29.744371943723664,13.665648613220073,JAX,JAX,WFS_CORE_RESIDUAL
2025_15_NYJ_JAX,2025,15,2025-12-14,JAX,NYJ,13.5,40.5,48.0,20.0,28.0,68.0,7.620086206603376,4.965842667710629,21.120086206603375,45.46584266771063,33.292964437157,12.172878230553628,JAX,JAX,WFS_TARGET_SPECIFIC_COACHING_RESIDUAL
2025_15_NYJ_JAX,2025,15,2025-12-14,JAX,NYJ,13.5,40.5,48.0,20.0,28.0,68.0,7.760873890929368,4.98307425298816,21.260873890929368,45.48307425298816,33.37197407195876,12.111100181029396,JAX,JAX,WFS_TARGET_SPECIFIC_RESIDUAL
2025_15_TEN_SF,2025,15,2025-12-14,SF,TEN,12.5,44.5,37.0,24.0,13.0,61.0,0.0,0.0,12.5,44.5,28.5,16.0,SF,SF,MARKET
2025_15_TEN_SF,2025,15,2025-12-14,SF,TEN,12.5,44.5,37.0,24.0,13.0,61.0,0.8586089679769395,3.2133869498940517,13.35860896797694,47.71338694989405,30.535997958935496,17.177388990958555,SF,SF,WFS_CORE_IMPACT_RESIDUAL
2025_15_TEN_SF,2025,15,2025-12-14,SF,TEN,12.5,44.5,37.0,24.0,13.0,61.0,1.5791086440882494,2.870763851174275,14.07910864408825,47.370763851174274,30.724936247631263,16.64582760354301,SF,SF,WFS_CORE_RESIDUAL
2025_15_TEN_SF,2025,15,2025-12-14,SF,TEN,12.5,44.5,37.0,24.0,13.0,61.0,1.0759326229094541,3.542475784388584,13.575932622909454,48.042475784388586,30.80920420364902,17.233271580739565,SF,SF,WFS_TARGET_SPECIFIC_COACHING_RESIDUAL
2025_15_TEN_SF,2025,15,2025-12-14,SF,TEN,12.5,44.5,37.0,24.0,13.0,61.0,0.8210008278168266,3.2133869498940517,13.321000827816826,47.71338694989405,30.517193888855438,17.196193061038613,SF,SF,WFS_TARGET_SPECIFIC_RESIDUAL
2025_15_WAS_NYG,2025,15,2025-12-14,NYG,WAS,2.5,46.5,21.0,29.0,-8.0,50.0,0.0,0.0,2.5,46.5,24.5,22.0,WAS,NYG,MARKET
2025_15_WAS_NYG,2025,15,2025-12-14,NYG,WAS,2.5,46.5,21.0,29.0,-8.0,50.0,3.4494676987580606,1.565604698006629,5.949467698758061,48.06560469800663,27.007536198382347,21.058068499624284,WAS,NYG,WFS_CORE_IMPACT_RESIDUAL
2025_15_WAS_NYG,2025,15,2025-12-14,NYG,WAS,2.5,46.5,21.0,29.0,-8.0,50.0,2.044906648511669,0.557393684755803,4.5449066485116685,47.0573936847558,25.801150166633736,21.256243518122066,WAS,NYG,WFS_CORE_RESIDUAL
2025_15_WAS_NYG,2025,15,2025-12-14,NYG,WAS,2.5,46.5,21.0,29.0,-8.0,50.0,3.067529661308575,1.2116924016542958,5.5675296613085745,47.7116924016543,26.639611031481436,21.07208137017286,WAS,NYG,WFS_TARGET_SPECIFIC_COACHING_RESIDUAL
2025_15_WAS_NYG,2025,15,2025-12-14,NYG,WAS,2.5,46.5,21.0,29.0,-8.0,50.0,3.1126096431202575,1.565604698006629,5.6126096431202575,48.06560469800663,26.839107170563445,21.226497527443186,WAS,NYG,WFS_TARGET_SPECIFIC_RESIDUAL
2025_15_MIA_PIT,2025,15,2025-12-15,PIT,MIA,3.0,42.5,28.0,15.0,13.0,43.0,0.0,0.0,3.0,42.5,22.75,19.75,PIT,PIT,MARKET
2025_15_MIA_PIT,2025,15,2025-12-15,PIT,MIA,3.0,42.5,28.0,15.0,13.0,43.0,-0.0035464814308743264,0.2852638345450952,2.9964535185691257,42.7852638345451,22.890858676557112,19.894405157987986,PIT,PIT,WFS_CORE_IMPACT_RESIDUAL
2025_15_MIA_PIT,2025,15,2025-12-15,PIT,MIA,3.0,42.5,28.0,15.0,13.0,43.0,0.5242620517720187,1.139771864558522,3.524262051772019,43.63977186455852,23.58201695816527,20.05775490639325,PIT,PIT,WFS_CORE_RESIDUAL
2025_15_MIA_PIT,2025,15,2025-12-15,PIT,MIA,3.0,42.5,28.0,15.0,13.0,43.0,0.11577131935879711,0.693691860394579,3.1157713193587973,43.19369186039458,23.15473158987669,20.03896027051789,PIT,PIT,WFS_TARGET_SPECIFIC_COACHING_RESIDUAL
2025_15_MIA_PIT,2025,15,2025-12-15,PIT,MIA,3.0,42.5,28.0,15.0,13.0,43.0,0.011041033797736535,0.2852638345450952,3.0110410337977367,42.7852638345451,22.89815243417142,19.88711140037368,PIT,PIT,WFS_TARGET_SPECIFIC_RESIDUAL
2025_16_LA_SEA,2025,16,2025-12-18,SEA,LA,1.5,42.5,38.0,37.0,1.0,75.0,0.0,0.0,1.5,42.5,22.0,20.5,SEA,SEA,MARKET
2025_16_LA_SEA,2025,16,2025-12-18,SEA,LA,1.5,42.5,38.0,37.0,1.0,75.0,0.31531815957694537,1.3618998397689122,1.8153181595769454,43.86189983976891,22.83860899967293,21.02329084009598,SEA,SEA,WFS_CORE_IMPACT_RESIDUAL
2025_16_LA_SEA,2025,16,2025-12-18,SEA,LA,1.5,42.5,38.0,37.0,1.0,75.0,0.9962578975817427,2.352262533614142,2.4962578975817427,44.852262533614145,23.674260215597943,21.1780023180162,SEA,SEA,WFS_CORE_RESIDUAL
2025_16_LA_SEA,2025,16,2025-12-18,SEA,LA,1.5,42.5,38.0,37.0,1.0,75.0,-0.006743032863033356,1.7637998803395762,1.4932569671369667,44.263799880339576,22.87852842373827,21.385271456601306,SEA,SEA,WFS_TARGET_SPECIFIC_COACHING_RESIDUAL
2025_16_LA_SEA,2025,16,2025-12-18,SEA,LA,1.5,42.5,38.0,37.0,1.0,75.0,0.06449949146086195,1.3618998397689122,1.5644994914608619,43.86189983976891,22.713199665614887,21.148700174154023,SEA,SEA,WFS_TARGET_SPECIFIC_RESIDUAL
2025_16_GB_CHI,2025,16,2025-12-20,CHI,GB,1.5,45.5,22.0,16.0,6.0,38.0,0.0,0.0,1.5,45.5,23.5,22.0,CHI,CHI,MARKET
2025_16_GB_CHI,2025,16,2025-12-20,CHI,GB,1.5,45.5,22.0,16.0,6.0,38.0,2.4567528085594823,1.2937048386432268,3.9567528085594823,46.79370483864323,25.375228823601354,21.418476015041875,CHI,CHI,WFS_CORE_IMPACT_RESIDUAL
2025_16_GB_CHI,2025,16,2025-12-20,CHI,GB,1.5,45.5,22.0,16.0,6.0,38.0,2.2583903290219154,2.5301692294334592,3.7583903290219154,48.03016922943346,25.894279779227688,22.135889450205774,CHI,CHI,WFS_CORE_RESIDUAL
2025_16_GB_CHI,2025,16,2025-12-20,CHI,GB,1.5,45.5,22.0,16.0,6.0,38.0,-0.9501982578360075,1.380047373291211,0.5498017421639925,46.88004737329121,23.714924557727603,23.16512281556361,CHI,CHI,WFS_TARGET_SPECIFIC_COACHING_RESIDUAL
2025_16_GB_CHI,2025,16,2025-12-20,CHI,GB,1.5,45.5,22.0,16.0,6.0,38.0,-0.5684158348435895,1.2937048386432268,0.9315841651564105,46.79370483864323,23.86264450189982,22.93106033674341,CHI,CHI,WFS_TARGET_SPECIFIC_RESIDUAL
2025_16_PHI_WAS,2025,16,2025-12-20,WAS,PHI,-7.0,43.5,18.0,29.0,-11.0,47.0,0.0,0.0,-7.0,43.5,18.25,25.25,PHI,PHI,MARKET
2025_16_PHI_WAS,2025,16,2025-12-20,WAS,PHI,-7.0,43.5,18.0,29.0,-11.0,47.0,1.6373604494539113,2.8110552654203573,-5.362639550546088,46.31105526542036,20.474207857437136,25.83684740798322,PHI,PHI,WFS_CORE_IMPACT_RESIDUAL
2025_16_PHI_WAS,2025,16,2025-12-20,WAS,PHI,-7.0,43.5,18.0,29.0,-11.0,47.0,2.1533660760181865,1.795155130421856,-4.8466339239818135,45.295155130421854,20.22426060322002,25.070894527201833,PHI,PHI,WFS_CORE_RESIDUAL
2025_16_PHI_WAS,2025,16,2025-12-20,WAS,PHI,-7.0,43.5,18.0,29.0,-11.0,47.0,1.8390492886454133,3.0311925843997365,-5.1609507113545865,46.53119258439973,20.685120936522573,25.84607164787716,PHI,PHI,WFS_TARGET_SPECIFIC_COACHING_RESIDUAL
2025_16_PHI_WAS,2025,16,2025-12-20,WAS,PHI,-7.0,43.5,18.0,29.0,-11.0,47.0,2.0382112736749884,2.8110552654203573,-4.961788726325011,46.31105526542036,20.674633269547673,25.636421995872684,PHI,PHI,WFS_TARGET_SPECIFIC_RESIDUAL
2025_16_ATL_ARI,2025,16,2025-12-21,ARI,ATL,-2.5,48.5,19.0,26.0,-7.0,45.0,0.0,0.0,-2.5,48.5,23.0,25.5,ATL,ATL,MARKET
2025_16_ATL_ARI,2025,16,2025-12-21,ARI,ATL,-2.5,48.5,19.0,26.0,-7.0,45.0,-0.4826806554384879,0.7427130278979686,-2.9826806554384877,49.24271302789797,23.130016186229742,26.112696841668228,ATL,ATL,WFS_CORE_IMPACT_RESIDUAL
2025_16_ATL_ARI,2025,16,2025-12-21,ARI,ATL,-2.5,48.5,19.0,26.0,-7.0,45.0,-0.5386398230910712,0.4460591871292467,-3.038639823091071,48.946059187129244,22.953709682019085,25.99234950511016,ATL,ATL,WFS_CORE_RESIDUAL
2025_16_ATL_ARI,2025,16,2025-12-21,ARI,ATL,-2.5,48.5,19.0,26.0,-7.0,45.0,-0.6064462545235527,0.7596407392825293,-3.1064462545235525,49.25964073928253,23.07659724237949,26.183043496903043,ATL,ATL,WFS_TARGET_SPECIFIC_COACHING_RESIDUAL
2025_16_ATL_ARI,2025,16,2025-12-21,ARI,ATL,-2.5,48.5,19.0,26.0,-7.0,45.0,-0.7515786283389371,0.7427130278979686,-3.251578628338937,49.24271302789797,22.995567199779515,26.247145828118455,ATL,ATL,WFS_TARGET_SPECIFIC_RESIDUAL
2025_16_BUF_CLE,2025,16,2025-12-21,CLE,BUF,-10.5,41.5,20.0,23.0,-3.0,43.0,0.0,0.0,-10.5,41.5,15.5,26.0,BUF,BUF,MARKET
2025_16_BUF_CLE,2025,16,2025-12-21,CLE,BUF,-10.5,41.5,20.0,23.0,-3.0,43.0,-0.3625043883011399,0.7864501094134027,-10.86250438830114,42.2864501094134,15.71197286055613,26.57447724885727,BUF,BUF,WFS_CORE_IMPACT_RESIDUAL
2025_16_BUF_CLE,2025,16,2025-12-21,CLE,BUF,-10.5,41.5,20.0,23.0,-3.0,43.0,0.48304415567325676,0.5851295763835314,-10.016955844326743,42.08512957638353,16.034086866028392,26.051042710355137,BUF,BUF,WFS_CORE_RESIDUAL
2025_16_BUF_CLE,2025,16,2025-12-21,CLE,BUF,-10.5,41.5,20.0,23.0,-3.0,43.0,-1.835560798471801,0.8568262168839245,-12.335560798471802,42.356826216883924,15.01063270920606,27.346193507677864,BUF,BUF,WFS_TARGET_SPECIFIC_COACHING_RESIDUAL
2025_16_BUF_CLE,2025,16,2025-12-21,CLE,BUF,-10.5,41.5,20.0,23.0,-3.0,43.0,-1.7246308750537576,0.7864501094134027,-12.224630875053757,42.2864501094134,15.030909617179823,27.255540492233578,BUF,BUF,WFS_TARGET_SPECIFIC_RESIDUAL
2025_16_CIN_MIA,2025,16,2025-12-21,MIA,CIN,-3.5,48.5,21.0,45.0,-24.0,66.0,0.0,0.0,-3.5,48.5,22.5,26.0,CIN,CIN,MARKET
2025_16_CIN_MIA,2025,16,2025-12-21,MIA,CIN,-3.5,48.5,21.0,45.0,-24.0,66.0,2.5356195670695953,2.4107999847243557,-0.9643804329304047,50.910799984724356,24.973209775896976,25.93759020882738,CIN,CIN,WFS_CORE_IMPACT_RESIDUAL
2025_16_CIN_MIA,2025,16,2025-12-21,MIA,CIN,-3.5,48.5,21.0,45.0,-24.0,66.0,2.387884386411835,2.6224131803044104,-1.112115613588165,51.12241318030441,25.005148783358123,26.11726439694629,CIN,CIN,WFS_CORE_RESIDUAL
2025_16_CIN_MIA,2025,16,2025-12-21,MIA,CIN,-3.5,48.5,21.0,45.0,-24.0,66.0,2.4362788471242247,2.6037322517261807,-1.0637211528757753,51.10373225172618,25.0200055494252,26.08372670230098,CIN,CIN,WFS_TARGET_SPECIFIC_COACHING_RESIDUAL
2025_16_CIN_MIA,2025,16,2025-12-21,MIA,CIN,-3.5,48.5,21.0,45.0,-24.0,66.0,2.3687525142060473,2.4107999847243557,-1.1312474857939527,50.910799984724356,24.8897762494652,26.021023735259156,CIN,CIN,WFS_TARGET_SPECIFIC_RESIDUAL
2025_16_JAX_DEN,2025,16,2025-12-21,DEN,JAX,3.5,46.5,20.0,34.0,-14.0,54.0,0.0,0.0,3.5,46.5,25.0,21.5,JAX,DEN,MARKET
2025_16_JAX_DEN,2025,16,2025-12-21,DEN,JAX,3.5,46.5,20.0,34.0,-14.0,54.0,2.0059783054658666,2.5393818466711764,5.505978305465867,49.039381846671176,27.27268007606852,21.766701770602655,JAX,DEN,WFS_CORE_IMPACT_RESIDUAL
2025_16_JAX_DEN,2025,16,2025-12-21,DEN,JAX,3.5,46.5,20.0,34.0,-14.0,54.0,1.5936742040384093,2.537560158310366,5.093674204038409,49.03756015831036,27.065617181174385,21.971942977135978,JAX,DEN,WFS_CORE_RESIDUAL
2025_16_JAX_DEN,2025,16,2025-12-21,DEN,JAX,3.5,46.5,20.0,34.0,-14.0,54.0,1.9156117175482987,2.694251110886361,5.415611717548298,49.19425111088636,27.30493141421733,21.889319696669034,JAX,DEN,WFS_TARGET_SPECIFIC_COACHING_RESIDUAL
2025_16_JAX_DEN,2025,16,2025-12-21,DEN,JAX,3.5,46.5,20.0,34.0,-14.0,54.0,1.570858909460511,2.5393818466711764,5.070858909460511,49.039381846671176,27.055120378065844,21.984261468605332,JAX,DEN,WFS_TARGET_SPECIFIC_RESIDUAL
2025_16_KC_TEN,2025,16,2025-12-21,TEN,KC,-3.5,37.5,26.0,9.0,17.0,35.0,0.0,0.0,-3.5,37.5,17.0,20.5,TEN,KC,MARKET
2025_16_KC_TEN,2025,16,2025-12-21,TEN,KC,-3.5,37.5,26.0,9.0,17.0,35.0,3.3972566885917086,1.7487878992301598,-0.1027433114082914,39.24878789923016,19.573022293910935,19.675765605319224,TEN,KC,WFS_CORE_IMPACT_RESIDUAL
2025_16_KC_TEN,2025,16,2025-12-21,TEN,KC,-3.5,37.5,26.0,9.0,17.0,35.0,0.7333018019758877,0.7099888459817415,-2.7666981980241125,38.20998884598174,17.721645323978812,20.48834352200293,TEN,KC,WFS_CORE_RESIDUAL
2025_16_KC_TEN,2025,16,2025-12-21,TEN,KC,-3.5,37.5,26.0,9.0,17.0,35.0,2.9100089578147528,1.598351477417902,-0.5899910421852472,39.0983514774179,19.254180217616327,19.844171259801573,TEN,KC,WFS_TARGET_SPECIFIC_COACHING_RESIDUAL
2025_16_KC_TEN,2025,16,2025-12-21,TEN,KC,-3.5,37.5,26.0,9.0,17.0,35.0,3.2793593992063577,1.7487878992301598,-0.22064060079364234,39.24878789923016,19.514073649218258,19.7347142500119,TEN,KC,WFS_TARGET_SPECIFIC_RESIDUAL
2025_16_LAC_DAL,2025,16,2025-12-21,DAL,LAC,1.5,50.5,17.0,34.0,-17.0,51.0,0.0,0.0,1.5,50.5,26.0,24.5,LAC,DAL,MARKET
2025_16_LAC_DAL,2025,16,2025-12-21,DAL,LAC,1.5,50.5,17.0,34.0,-17.0,51.0,-0.05238344083915111,1.4820874423167192,1.447616559160849,51.98208744231672,26.714852000738784,25.267235441577935,LAC,DAL,WFS_CORE_IMPACT_RESIDUAL
2025_16_LAC_DAL,2025,16,2025-12-21,DAL,LAC,1.5,50.5,17.0,34.0,-17.0,51.0,0.2910054536516049,1.576611461272262,1.791005453651605,52.076611461272265,26.933808457461936,25.14280300381033,LAC,DAL,WFS_CORE_RESIDUAL
2025_16_LAC_DAL,2025,16,2025-12-21,DAL,LAC,1.5,50.5,17.0,34.0,-17.0,51.0,-0.33854997890733834,1.3720467397643406,1.1614500210926617,51.87204673976434,26.516748380428503,25.35529835933584,LAC,DAL,WFS_TARGET_SPECIFIC_COACHING_RESIDUAL
2025_16_LAC_DAL,2025,16,2025-12-21,DAL,LAC,1.5,50.5,17.0,34.0,-17.0,51.0,-0.03204121487835594,1.4820874423167192,1.467958785121644,51.98208744231672,26.725023113719182,25.257064328597536,LAC,DAL,WFS_TARGET_SPECIFIC_RESIDUAL
2025_16_LV_HOU,2025,16,2025-12-21,HOU,LV,14.5,39.5,23.0,21.0,2.0,44.0,0.0,0.0,14.5,39.5,27.0,12.5,HOU,HOU,MARKET
2025_16_LV_HOU,2025,16,2025-12-21,HOU,LV,14.5,39.5,23.0,21.0,2.0,44.0,1.7561446319542482,1.4830753997437016,16.25614463195425,40.983075399743704,28.619610015848977,12.363465383894727,HOU,HOU,WFS_CORE_IMPACT_RESIDUAL
2025_16_LV_HOU,2025,16,2025-12-21,HOU,LV,14.5,39.5,23.0,21.0,2.0,44.0,2.0614249805484146,2.2607810167433344,16.561424980548416,41.76078101674334,29.161102998645877,12.59967801809746,HOU,HOU,WFS_CORE_RESIDUAL
2025_16_LV_HOU,2025,16,2025-12-21,HOU,LV,14.5,39.5,23.0,21.0,2.0,44.0,1.8491514989983566,1.9301633540834662,16.349151498998356,41.43016335408347,28.889657426540914,12.540505927542556,HOU,HOU,WFS_TARGET_SPECIFIC_COACHING_RESIDUAL
2025_16_LV_HOU,2025,16,2025-12-21,HOU,LV,14.5,39.5,23.0,21.0,2.0,44.0,1.5215169563953495,1.4830753997437016,16.02151695639535,40.983075399743704,28.50229617806953,12.480779221674178,HOU,HOU,WFS_TARGET_SPECIFIC_RESIDUAL
2025_16_MIN_NYG,2025,16,2025-12-21,NYG,MIN,-2.5,41.5,13.0,16.0,-3.0,29.0,0.0,0.0,-2.5,41.5,19.5,22.0,MIN,MIN,MARKET
2025_16_MIN_NYG,2025,16,2025-12-21,NYG,MIN,-2.5,41.5,13.0,16.0,-3.0,29.0,1.2033271604926374,0.6484301568858263,-1.2966728395073626,42.14843015688582,20.42587865868923,21.722551498196594,MIN,MIN,WFS_CORE_IMPACT_RESIDUAL
2025_16_MIN_NYG,2025,16,2025-12-21,NYG,MIN,-2.5,41.5,13.0,16.0,-3.0,29.0,1.1899069565181954,1.1888922718979806,-1.3100930434818046,42.688892271897984,20.68939961420809,21.999492657689895,MIN,MIN,WFS_CORE_RESIDUAL
2025_16_MIN_NYG,2025,16,2025-12-21,NYG,MIN,-2.5,41.5,13.0,16.0,-3.0,29.0,1.0153617443101395,0.5309530589136068,-1.4846382556898605,42.03095305891361,20.273157401611876,21.757795657301735,MIN,MIN,WFS_TARGET_SPECIFIC_COACHING_RESIDUAL
2025_16_MIN_NYG,2025,16,2025-12-21,NYG,MIN,-2.5,41.5,13.0,16.0,-3.0,29.0,1.1624035427858443,0.6484301568858263,-1.3375964572141557,42.14843015688582,20.405416849835834,21.74301330704999,MIN,MIN,WFS_TARGET_SPECIFIC_RESIDUAL
2025_16_NE_BAL,2025,16,2025-12-21,BAL,NE,3.5,48.5,24.0,28.0,-4.0,52.0,0.0,0.0,3.5,48.5,26.0,22.5,NE,BAL,MARKET
2025_16_NE_BAL,2025,16,2025-12-21,BAL,NE,3.5,48.5,24.0,28.0,-4.0,52.0,1.8851641183653736,2.47977466610707,5.385164118365374,50.97977466610707,28.18246939223622,22.797305273870847,NE,BAL,WFS_CORE_IMPACT_RESIDUAL
2025_16_NE_BAL,2025,16,2025-12-21,BAL,NE,3.5,48.5,24.0,28.0,-4.0,52.0,2.4005784914849224,2.436284151558458,5.900578491484922,50.93628415155846,28.41843132152169,22.51785283003677,NE,BAL,WFS_CORE_RESIDUAL
2025_16_NE_BAL,2025,16,2025-12-21,BAL,NE,3.5,48.5,24.0,28.0,-4.0,52.0,2.107612301776537,2.7494095130561447,5.607612301776538,51.24940951305614,28.42851090741634,22.820898605639805,NE,BAL,WFS_TARGET_SPECIFIC_COACHING_RESIDUAL
2025_16_NE_BAL,2025,16,2025-12-21,BAL,NE,3.5,48.5,24.0,28.0,-4.0,52.0,1.7118963000350869,2.47977466610707,5.211896300035087,50.97977466610707,28.095835483071077,22.88393918303599,NE,BAL,WFS_TARGET_SPECIFIC_RESIDUAL
2025_16_NYJ_NO,2025,16,2025-12-21,NO,NYJ,6.5,39.5,29.0,6.0,23.0,35.0,0.0,0.0,6.5,39.5,23.0,16.5,NO,NO,MARKET
2025_16_NYJ_NO,2025,16,2025-12-21,NO,NYJ,6.5,39.5,29.0,6.0,23.0,35.0,1.985129756837347,0.3067136962760755,8.485129756837347,39.80671369627608,24.14592172655671,15.660791969719366,NO,NO,WFS_CORE_IMPACT_RESIDUAL
2025_16_NYJ_NO,2025,16,2025-12-21,NO,NYJ,6.5,39.5,29.0,6.0,23.0,35.0,0.9525353958613492,1.4847267752233488,7.452535395861349,40.98472677522335,24.21863108554235,16.766095689681002,NO,NO,WFS_CORE_RESIDUAL
2025_16_NYJ_NO,2025,16,2025-12-21,NO,NYJ,6.5,39.5,29.0,6.0,23.0,35.0,0.18079093940910995,-0.051323777482614075,6.68079093940911,39.448676222517385,23.064733580963246,16.38394264155414,NO,NO,WFS_TARGET_SPECIFIC_COACHING_RESIDUAL
2025_16_NYJ_NO,2025,16,2025-12-21,NO,NYJ,6.5,39.5,29.0,6.0,23.0,35.0,0.3423944598462938,0.3067136962760755,6.842394459846294,39.80671369627608,23.324554078061187,16.48215961821489,NO,NO,WFS_TARGET_SPECIFIC_RESIDUAL
2025_16_PIT_DET,2025,16,2025-12-21,DET,PIT,7.5,52.5,24.0,29.0,-5.0,53.0,0.0,0.0,7.5,52.5,30.0,22.5,PIT,DET,MARKET
2025_16_PIT_DET,2025,16,2025-12-21,DET,PIT,7.5,52.5,24.0,29.0,-5.0,53.0,1.4255033681923006,1.80953248104816,8.9255033681923,54.30953248104816,31.61751792462023,22.692014556427928,PIT,DET,WFS_CORE_IMPACT_RESIDUAL
2025_16_PIT_DET,2025,16,2025-12-21,DET,PIT,7.5,52.5,24.0,29.0,-5.0,53.0,1.5625596242081303,1.563544561117439,9.06255962420813,54.06354456111744,31.563052092662787,22.500492468454652,PIT,DET,WFS_CORE_RESIDUAL
2025_16_PIT_DET,2025,16,2025-12-21,DET,PIT,7.5,52.5,24.0,29.0,-5.0,53.0,1.7494299989462152,2.4902635843865344,9.249429998946216,54.99026358438653,32.119846791666376,22.870416792720157,PIT,DET,WFS_TARGET_SPECIFIC_COACHING_RESIDUAL
2025_16_PIT_DET,2025,16,2025-12-21,DET,PIT,7.5,52.5,24.0,29.0,-5.0,53.0,1.4989687370375777,1.80953248104816,8.998968737037577,54.30953248104816,31.65425060904287,22.65528187200529,PIT,DET,WFS_TARGET_SPECIFIC_RESIDUAL
2025_16_TB_CAR,2025,16,2025-12-21,CAR,TB,-3.0,44.5,23.0,20.0,3.0,43.0,0.0,0.0,-3.0,44.5,20.75,23.75,CAR,TB,MARKET
2025_16_TB_CAR,2025,16,2025-12-21,CAR,TB,-3.0,44.5,23.0,20.0,3.0,43.0,-0.20672297620651758,0.5600688890172677,-3.2067229762065175,45.060068889017266,20.926672956405376,24.13339593261189,CAR,TB,WFS_CORE_IMPACT_RESIDUAL
2025_16_TB_CAR,2025,16,2025-12-21,CAR,TB,-3.0,44.5,23.0,20.0,3.0,43.0,1.086585015401721,1.0897744997647527,-1.913414984598279,45.58977449976475,21.838179757583237,23.751594742181513,CAR,TB,WFS_CORE_RESIDUAL
2025_16_TB_CAR,2025,16,2025-12-21,CAR,TB,-3.0,44.5,23.0,20.0,3.0,43.0,-0.5226916724854278,0.5376205848821399,-3.522691672485428,45.03762058488214,20.757464456198356,24.280156128683785,CAR,TB,WFS_TARGET_SPECIFIC_COACHING_RESIDUAL
2025_16_TB_CAR,2025,16,2025-12-21,CAR,TB,-3.0,44.5,23.0,20.0,3.0,43.0,-0.28558802800156685,0.5600688890172677,-3.285588028001567,45.060068889017266,20.88724043050785,24.172828458509418,CAR,TB,WFS_TARGET_SPECIFIC_RESIDUAL
2025_16_SF_IND,2025,16,2025-12-22,IND,SF,-4.5,46.5,27.0,48.0,-21.0,75.0,0.0,0.0,-4.5,46.5,21.0,25.5,SF,SF,MARKET
2025_16_SF_IND,2025,16,2025-12-22,IND,SF,-4.5,46.5,27.0,48.0,-21.0,75.0,3.8048389444379493,2.3443605970541777,-0.6951610555620507,48.84436059705418,24.07459977074606,24.769760826308115,SF,SF,WFS_CORE_IMPACT_RESIDUAL
2025_16_SF_IND,2025,16,2025-12-22,IND,SF,-4.5,46.5,27.0,48.0,-21.0,75.0,1.3477879073192132,1.6599093249609111,-3.152212092680787,48.159909324960914,22.503848616140065,25.65606070882085,SF,SF,WFS_CORE_RESIDUAL
2025_16_SF_IND,2025,16,2025-12-22,IND,SF,-4.5,46.5,27.0,48.0,-21.0,75.0,4.425796549724934,2.6833463603248355,-0.07420345027506592,49.18334636032483,24.554571455024885,24.62877490529995,SF,SF,WFS_TARGET_SPECIFIC_COACHING_RESIDUAL
2025_16_SF_IND,2025,16,2025-12-22,IND,SF,-4.5,46.5,27.0,48.0,-21.0,75.0,4.404642509267083,2.3443605970541777,-0.09535749073291733,48.84436059705418,24.37450155316063,24.469859043893546,SF,SF,WFS_TARGET_SPECIFIC_RESIDUAL
2025_17_DAL_WAS,2025,17,2025-12-25,WAS,DAL,-8.5,50.5,23.0,30.0,-7.0,53.0,0.0,0.0,-8.5,50.5,21.0,29.5,DAL,DAL,MARKET
2025_17_DAL_WAS,2025,17,2025-12-25,WAS,DAL,-8.5,50.5,23.0,30.0,-7.0,53.0,1.794975849605358,2.7402379047999625,-6.705024150394642,53.24023790479996,23.26760687720266,29.972631027597302,DAL,DAL,WFS_CORE_IMPACT_RESIDUAL
2025_17_DAL_WAS,2025,17,2025-12-25,WAS,DAL,-8.5,50.5,23.0,30.0,-7.0,53.0,1.7699125476658886,1.4534392819191888,-6.730087452334112,51.95343928191919,22.61167591479254,29.34176336712665,DAL,DAL,WFS_CORE_RESIDUAL
2025_17_DAL_WAS,2025,17,2025-12-25,WAS,DAL,-8.5,50.5,23.0,30.0,-7.0,53.0,1.6313357097677472,2.5753461346468813,-6.868664290232253,53.07534613464688,23.103340922207313,29.972005212439566,DAL,DAL,WFS_TARGET_SPECIFIC_COACHING_RESIDUAL
2025_17_DAL_WAS,2025,17,2025-12-25,WAS,DAL,-8.5,50.5,23.0,30.0,-7.0,53.0,1.5572969262273908,2.7402379047999625,-6.942703073772609,53.24023790479996,23.148767415513674,30.091470489286287,DAL,DAL,WFS_TARGET_SPECIFIC_RESIDUAL
2025_17_DEN_KC,2025,17,2025-12-25,KC,DEN,-13.5,37.5,13.0,20.0,-7.0,33.0,0.0,0.0,-13.5,37.5,12.0,25.5,DEN,DEN,MARKET
2025_17_DEN_KC,2025,17,2025-12-25,KC,DEN,-13.5,37.5,13.0,20.0,-7.0,33.0,2.3576663779753,3.443081199039466,-11.142333622024701,40.94308119903947,14.900373788507384,26.042707410532085,DEN,DEN,WFS_CORE_IMPACT_RESIDUAL
2025_17_DEN_KC,2025,17,2025-12-25,KC,DEN,-13.5,37.5,13.0,20.0,-7.0,33.0,0.8899697674393392,2.667873253629133,-12.61003023256066,40.16787325362913,13.778921510534236,26.388951743094896,DEN,DEN,WFS_CORE_RESIDUAL
2025_17_DEN_KC,2025,17,2025-12-25,KC,DEN,-13.5,37.5,13.0,20.0,-7.0,33.0,2.4576333957329686,4.15955871467702,-11.04236660426703,41.65955871467702,15.308596055204994,26.350962659472025,DEN,DEN,WFS_TARGET_SPECIFIC_COACHING_RESIDUAL
2025_17_DEN_KC,2025,17,2025-12-25,KC,DEN,-13.5,37.5,13.0,20.0,-7.0,33.0,2.139154855117193,3.443081199039466,-11.360845144882807,40.94308119903947,14.79111802707833,26.15196317196114,DEN,DEN,WFS_TARGET_SPECIFIC_RESIDUAL
2025_17_DET_MIN,2025,17,2025-12-25,MIN,DET,-7.0,45.5,23.0,10.0,13.0,33.0,0.0,0.0,-7.0,45.5,19.25,26.25,MIN,DET,MARKET
2025_17_DET_MIN,2025,17,2025-12-25,MIN,DET,-7.0,45.5,23.0,10.0,13.0,33.0,1.5897701957671615,2.832897048838319,-5.410229804232839,48.33289704883832,21.46133362230274,26.87156342653558,MIN,DET,WFS_CORE_IMPACT_RESIDUAL
2025_17_DET_MIN,2025,17,2025-12-25,MIN,DET,-7.0,45.5,23.0,10.0,13.0,33.0,2.604825150751774,2.2502579421911126,-4.395174849248226,47.75025794219111,21.677541546471442,26.07271639571967,MIN,DET,WFS_CORE_RESIDUAL
2025_17_DET_MIN,2025,17,2025-12-25,MIN,DET,-7.0,45.5,23.0,10.0,13.0,33.0,-0.28171776496297246,3.08938167496687,-7.2817177649629725,48.58938167496687,20.65383195500195,27.93554971996492,MIN,DET,WFS_TARGET_SPECIFIC_COACHING_RESIDUAL
2025_17_DET_MIN,2025,17,2025-12-25,MIN,DET,-7.0,45.5,23.0,10.0,13.0,33.0,-0.3700426687091923,2.832897048838319,-7.370042668709193,48.33289704883832,20.481427190064565,27.851469858773754,MIN,DET,WFS_TARGET_SPECIFIC_RESIDUAL
2025_17_BAL_GB,2025,17,2025-12-27,GB,BAL,2.5,38.5,24.0,41.0,-17.0,65.0,0.0,0.0,2.5,38.5,20.5,18.0,BAL,GB,MARKET
2025_17_BAL_GB,2025,17,2025-12-27,GB,BAL,2.5,38.5,24.0,41.0,-17.0,65.0,1.0643005286096454,1.547276652287402,3.564300528609645,40.0472766522874,21.805788590448522,18.24148806183888,BAL,GB,WFS_CORE_IMPACT_RESIDUAL
2025_17_BAL_GB,2025,17,2025-12-27,GB,BAL,2.5,38.5,24.0,41.0,-17.0,65.0,1.5563119828982195,2.184215344397079,4.05631198289822,40.68421534439708,22.370263663647652,18.31395168074943,BAL,GB,WFS_CORE_RESIDUAL
2025_17_BAL_GB,2025,17,2025-12-27,GB,BAL,2.5,38.5,24.0,41.0,-17.0,65.0,0.04981092232062508,1.9071631012135446,2.549810922320625,40.40716310121354,21.478487011767083,18.92867608944646,BAL,GB,WFS_TARGET_SPECIFIC_COACHING_RESIDUAL
2025_17_BAL_GB,2025,17,2025-12-27,GB,BAL,2.5,38.5,24.0,41.0,-17.0,65.0,-0.07147508858521455,1.547276652287402,2.4285249114147853,40.0472766522874,21.237900781851092,18.80937587043631,BAL,GB,WFS_TARGET_SPECIFIC_RESIDUAL
2025_17_HOU_LAC,2025,17,2025-12-27,LAC,HOU,1.5,40.5,16.0,20.0,-4.0,36.0,0.0,0.0,1.5,40.5,21.0,19.5,HOU,LAC,MARKET
2025_17_HOU_LAC,2025,17,2025-12-27,LAC,HOU,1.5,40.5,16.0,20.0,-4.0,36.0,2.843309630667551,1.9259683328143313,4.343309630667552,42.42596833281433,23.38463898174094,19.041329351073387,HOU,LAC,WFS_CORE_IMPACT_RESIDUAL
2025_17_HOU_LAC,2025,17,2025-12-27,LAC,HOU,1.5,40.5,16.0,20.0,-4.0,36.0,2.44006067349685,2.5545231524108996,3.94006067349685,43.0545231524109,23.497291912953877,19.557231239457025,HOU,LAC,WFS_CORE_RESIDUAL
2025_17_HOU_LAC,2025,17,2025-12-27,LAC,HOU,1.5,40.5,16.0,20.0,-4.0,36.0,2.552714347802269,2.315743445685039,4.052714347802269,42.81574344568504,23.434228896743655,19.381514548941382,HOU,LAC,WFS_TARGET_SPECIFIC_COACHING_RESIDUAL
2025_17_HOU_LAC,2025,17,2025-12-27,LAC,HOU,1.5,40.5,16.0,20.0,-4.0,36.0,2.6478890010678824,1.9259683328143313,4.147889001067883,42.42596833281433,23.286928666941105,19.139039665873224,HOU,LAC,WFS_TARGET_SPECIFIC_RESIDUAL
2025_17_ARI_CIN,2025,17,2025-12-28,CIN,ARI,7.0,52.5,37.0,14.0,23.0,51.0,0.0,0.0,7.0,52.5,29.75,22.75,CIN,CIN,MARKET
2025_17_ARI_CIN,2025,17,2025-12-28,CIN,ARI,7.0,52.5,37.0,14.0,23.0,51.0,0.1761724218718806,2.233632135288084,7.176172421871881,54.73363213528808,30.954902278579983,23.7787298567081,CIN,CIN,WFS_CORE_IMPACT_RESIDUAL
2025_17_ARI_CIN,2025,17,2025-12-28,CIN,ARI,7.0,52.5,37.0,14.0,23.0,51.0,1.0029387111798926,1.674382959520699,8.002938711179892,54.1743829595207,31.088660835350296,23.085722124170402,CIN,CIN,WFS_CORE_RESIDUAL
2025_17_ARI_CIN,2025,17,2025-12-28,CIN,ARI,7.0,52.5,37.0,14.0,23.0,51.0,0.41217652297068325,2.3232177050691942,7.412176522970683,54.8232177050692,31.11769711401994,23.705520591049257,CIN,CIN,WFS_TARGET_SPECIFIC_COACHING_RESIDUAL
2025_17_ARI_CIN,2025,17,2025-12-28,CIN,ARI,7.0,52.5,37.0,14.0,23.0,51.0,0.29119052117066013,2.233632135288084,7.29119052117066,54.73363213528808,31.012411328229373,23.72122080705871,CIN,CIN,WFS_TARGET_SPECIFIC_RESIDUAL
2025_17_CHI_SF,2025,17,2025-12-28,SF,CHI,3.5,51.5,42.0,38.0,4.0,80.0,0.0,0.0,3.5,51.5,27.5,24.0,SF,SF,MARKET
2025_17_CHI_SF,2025,17,2025-12-28,SF,CHI,3.5,51.5,42.0,38.0,4.0,80.0,4.037751265554782,3.0762123914281916,7.537751265554782,54.57621239142819,31.056981828491487,23.519230562936706,SF,SF,WFS_CORE_IMPACT_RESIDUAL
2025_17_CHI_SF,2025,17,2025-12-28,SF,CHI,3.5,51.5,42.0,38.0,4.0,80.0,2.817903005437468,2.523674972837255,6.3179030054374685,54.023674972837256,30.170788989137364,23.852885983699892,SF,SF,WFS_CORE_RESIDUAL
2025_17_CHI_SF,2025,17,2025-12-28,SF,CHI,3.5,51.5,42.0,38.0,4.0,80.0,4.324636741186152,3.1125668598780982,7.824636741186152,54.6125668598781,31.218601800532127,23.393965059345973,SF,SF,WFS_TARGET_SPECIFIC_COACHING_RESIDUAL
2025_17_CHI_SF,2025,17,2025-12-28,SF,CHI,3.5,51.5,42.0,38.0,4.0,80.0,4.047104082448545,3.0762123914281916,7.547104082448545,54.57621239142819,31.06165823693837,23.514554154489822,SF,SF,WFS_TARGET_SPECIFIC_RESIDUAL
2025_17_JAX_IND,2025,17,2025-12-28,IND,JAX,-3.5,48.5,17.0,23.0,-6.0,40.0,0.0,0.0,-3.5,48.5,22.5,26.0,JAX,JAX,MARKET
2025_17_JAX_IND,2025,17,2025-12-28,IND,JAX,-3.5,48.5,17.0,23.0,-6.0,40.0,0.052141740073813614,1.538706400330159,-3.4478582599261864,50.038706400330156,23.295424070201985,26.74328233012817,JAX,JAX,WFS_CORE_IMPACT_RESIDUAL
2025_17_JAX_IND,2025,17,2025-12-28,IND,JAX,-3.5,48.5,17.0,23.0,-6.0,40.0,0.6864448156737829,1.1178623271342925,-2.813555184326217,49.61786232713429,23.402153571404035,26.215708755730255,JAX,JAX,WFS_CORE_RESIDUAL
2025_17_JAX_IND,2025,17,2025-12-28,IND,JAX,-3.5,48.5,17.0,23.0,-6.0,40.0,1.2010779035930896,1.6191464019996773,-2.29892209640691,50.11914640199968,23.910112152796383,26.209034249203295,JAX,JAX,WFS_TARGET_SPECIFIC_COACHING_RESIDUAL
2025_17_JAX_IND,2025,17,2025-12-28,IND,JAX,-3.5,48.5,17.0,23.0,-6.0,40.0,0.9823293874850342,1.538706400330159,-2.5176706125149657,50.038706400330156,23.760517893907597,26.27818850642256,JAX,JAX,WFS_TARGET_SPECIFIC_RESIDUAL
2025_17_NE_NYJ,2025,17,2025-12-28,NYJ,NE,-12.5,42.5,10.0,42.0,-32.0,52.0,0.0,0.0,-12.5,42.5,15.0,27.5,NE,NE,MARKET
2025_17_NE_NYJ,2025,17,2025-12-28,NYJ,NE,-12.5,42.5,10.0,42.0,-32.0,52.0,1.8872015955787902,3.212377595302193,-10.61279840442121,45.71237759530219,17.549789595440494,28.1625879998617,NE,NE,WFS_CORE_IMPACT_RESIDUAL
2025_17_NE_NYJ,2025,17,2025-12-28,NYJ,NE,-12.5,42.5,10.0,42.0,-32.0,52.0,0.528880737202844,0.4381774519656494,-11.971119262797156,42.93817745196565,15.483529094584247,27.4546483573814,NE,NE,WFS_CORE_RESIDUAL
2025_17_NE_NYJ,2025,17,2025-12-28,NYJ,NE,-12.5,42.5,10.0,42.0,-32.0,52.0,1.2955254088419355,2.747917674264395,-11.204474591158064,45.24791767426439,17.021721541553163,28.22619613271123,NE,NE,WFS_TARGET_SPECIFIC_COACHING_RESIDUAL
2025_17_NE_NYJ,2025,17,2025-12-28,NYJ,NE,-12.5,42.5,10.0,42.0,-32.0,52.0,1.4757479578937933,3.212377595302193,-11.024252042106207,45.71237759530219,17.344062776597994,28.3683148187042,NE,NE,WFS_TARGET_SPECIFIC_RESIDUAL
2025_17_NO_TEN,2025,17,2025-12-28,TEN,NO,-1.5,39.5,26.0,34.0,-8.0,60.0,0.0,0.0,-1.5,39.5,19.0,20.5,NO,NO,MARKET
2025_17_NO_TEN,2025,17,2025-12-28,TEN,NO,-1.5,39.5,26.0,34.0,-8.0,60.0,2.470760055205073,1.9793893899753952,0.9707600552050728,41.479389389975395,21.225074722590236,20.25431466738516,NO,TEN,WFS_CORE_IMPACT_RESIDUAL
2025_17_NO_TEN,2025,17,2025-12-28,TEN,NO,-1.5,39.5,26.0,34.0,-8.0,60.0,1.7492404495550686,1.3459163543013368,0.24924044955506863,40.84591635430134,20.547578401928202,20.298337952373135,NO,TEN,WFS_CORE_RESIDUAL
2025_17_NO_TEN,2025,17,2025-12-28,TEN,NO,-1.5,39.5,26.0,34.0,-8.0,60.0,2.2230895781307614,1.6528542623314955,0.7230895781307614,41.152854262331495,20.937971920231128,20.214882342100367,NO,TEN,WFS_TARGET_SPECIFIC_COACHING_RESIDUAL
2025_17_NO_TEN,2025,17,2025-12-28,TEN,NO,-1.5,39.5,26.0,34.0,-8.0,60.0,2.3593985148686385,1.9793893899753952,0.8593985148686385,41.479389389975395,21.169393952422016,20.30999543755338,NO,TEN,WFS_TARGET_SPECIFIC_RESIDUAL
2025_17_NYG_LV,2025,17,2025-12-28,LV,NYG,-3.0,40.5,10.0,34.0,-24.0,44.0,0.0,0.0,-3.0,40.5,18.75,21.75,NYG,NYG,MARKET
2025_17_NYG_LV,2025,17,2025-12-28,LV,NYG,-3.0,40.5,10.0,34.0,-24.0,44.0,1.8990697310907811,1.7192253526680497,-1.1009302689092189,42.21922535266805,20.559147541879415,21.660077810788632,NYG,NYG,WFS_CORE_IMPACT_RESIDUAL
2025_17_NYG_LV,2025,17,2025-12-28,LV,NYG,-3.0,40.5,10.0,34.0,-24.0,44.0,0.23538631897327253,1.0683757601060253,-2.7646136810267277,41.56837576010602,19.401881039539646,22.166494720566376,NYG,NYG,WFS_CORE_RESIDUAL
2025_17_NYG_LV,2025,17,2025-12-28,LV,NYG,-3.0,40.5,10.0,34.0,-24.0,44.0,1.7051153084896895,1.5081778532622665,-1.2948846915103105,42.00817785326227,20.356646580875978,21.65153127238629,NYG,NYG,WFS_TARGET_SPECIFIC_COACHING_RESIDUAL
2025_17_NYG_LV,2025,17,2025-12-28,LV,NYG,-3.0,40.5,10.0,34.0,-24.0,44.0,1.9633301239052794,1.7192253526680497,-1.0366698760947206,42.21922535266805,20.591277738286664,21.627947614381384,NYG,NYG,WFS_TARGET_SPECIFIC_RESIDUAL
2025_17_PHI_BUF,2025,17,2025-12-28,BUF,PHI,3.0,45.5,12.0,13.0,-1.0,25.0,0.0,0.0,3.0,45.5,24.25,21.25,PHI,BUF,MARKET
2025_17_PHI_BUF,2025,17,2025-12-28,BUF,PHI,3.0,45.5,12.0,13.0,-1.0,25.0,1.5060493935679173,2.6603929042505707,4.506049393567917,48.16039290425057,26.333221148909246,21.827171755341325,PHI,BUF,WFS_CORE_IMPACT_RESIDUAL
2025_17_PHI_BUF,2025,17,2025-12-28,BUF,PHI,3.0,45.5,12.0,13.0,-1.0,25.0,2.2802199928855247,2.4226898384725675,5.280219992885525,47.922689838472564,26.601454915679046,21.32123492279352,PHI,BUF,WFS_CORE_RESIDUAL
2025_17_PHI_BUF,2025,17,2025-12-28,BUF,PHI,3.0,45.5,12.0,13.0,-1.0,25.0,1.3314890483766624,3.2771509214399903,4.331489048376662,48.77715092143999,26.554319984908325,22.222830936531665,PHI,BUF,WFS_TARGET_SPECIFIC_COACHING_RESIDUAL
2025_17_PHI_BUF,2025,17,2025-12-28,BUF,PHI,3.0,45.5,12.0,13.0,-1.0,25.0,1.1569604714633899,2.6603929042505707,4.15696047146339,48.16039290425057,26.158676687856982,22.00171621639359,PHI,BUF,WFS_TARGET_SPECIFIC_RESIDUAL
2025_17_PIT_CLE,2025,17,2025-12-28,CLE,PIT,-4.5,35.5,13.0,6.0,7.0,19.0,0.0,0.0,-4.5,35.5,15.5,20.0,CLE,PIT,MARKET
2025_17_PIT_CLE,2025,17,2025-12-28,CLE,PIT,-4.5,35.5,13.0,6.0,7.0,19.0,-0.17971357244661842,2.9089893617068627,-4.679713572446619,38.408989361706865,16.864637894630125,21.54435146707674,CLE,PIT,WFS_CORE_IMPACT_RESIDUAL
2025_17_PIT_CLE,2025,17,2025-12-28,CLE,PIT,-4.5,35.5,13.0,6.0,7.0,19.0,0.20375491515962324,1.5034521998506085,-4.296245084840376,37.00345219985061,16.353603557505114,20.649848642345493,CLE,PIT,WFS_CORE_RESIDUAL
2025_17_PIT_CLE,2025,17,2025-12-28,CLE,PIT,-4.5,35.5,13.0,6.0,7.0,19.0,-2.2383173813226254,3.0762684799572657,-6.738317381322625,38.576268479957264,15.91897554931732,22.657292930639944,CLE,PIT,WFS_TARGET_SPECIFIC_COACHING_RESIDUAL
2025_17_PIT_CLE,2025,17,2025-12-28,CLE,PIT,-4.5,35.5,13.0,6.0,7.0,19.0,-2.2283632097522657,2.9089893617068627,-6.728363209752265,38.408989361706865,15.8403130759773,22.568676285729566,CLE,PIT,WFS_TARGET_SPECIFIC_RESIDUAL
2025_17_SEA_CAR,2025,17,2025-12-28,CAR,SEA,-6.5,42.5,10.0,27.0,-17.0,37.0,0.0,0.0,-6.5,42.5,18.0,24.5,SEA,SEA,MARKET
2025_17_SEA_CAR,2025,17,2025-12-28,CAR,SEA,-6.5,42.5,10.0,27.0,-17.0,37.0,0.39047999600485767,0.9015105908445271,-6.109520003995143,43.401510590844524,18.64599529342469,24.755515297419834,SEA,SEA,WFS_CORE_IMPACT_RESIDUAL
2025_17_SEA_CAR,2025,17,2025-12-28,CAR,SEA,-6.5,42.5,10.0,27.0,-17.0,37.0,1.1538922063929735,0.4611067199645754,-5.346107793607026,42.961106719964576,18.807499463178775,24.1536072567858,SEA,SEA,WFS_CORE_RESIDUAL
2025_17_SEA_CAR,2025,17,2025-12-28,CAR,SEA,-6.5,42.5,10.0,27.0,-17.0,37.0,0.27049828584900254,0.797314333154751,-6.229501714150998,43.29731433315475,18.533906309501877,24.763408023652875,SEA,SEA,WFS_TARGET_SPECIFIC_COACHING_RESIDUAL
2025_17_SEA_CAR,2025,17,2025-12-28,CAR,SEA,-6.5,42.5,10.0,27.0,-17.0,37.0,0.4333243429809238,0.9015105908445271,-6.0666756570190765,43.401510590844524,18.667417466912724,24.7340931239318,SEA,SEA,WFS_TARGET_SPECIFIC_RESIDUAL
2025_17_TB_MIA,2025,17,2025-12-28,MIA,TB,-5.5,44.5,20.0,17.0,3.0,37.0,0.0,0.0,-5.5,44.5,19.5,25.0,MIA,TB,MARKET
2025_17_TB_MIA,2025,17,2025-12-28,MIA,TB,-5.5,44.5,20.0,17.0,3.0,37.0,0.5612518084063453,2.278341949840647,-4.938748191593655,46.778341949840645,20.919796879123496,25.85854507071715,MIA,TB,WFS_CORE_IMPACT_RESIDUAL
2025_17_TB_MIA,2025,17,2025-12-28,MIA,TB,-5.5,44.5,20.0,17.0,3.0,37.0,1.3052722136928294,2.2187405197048813,-4.194727786307171,46.71874051970488,21.262006366698856,25.456734153006025,MIA,TB,WFS_CORE_RESIDUAL
2025_17_TB_MIA,2025,17,2025-12-28,MIA,TB,-5.5,44.5,20.0,17.0,3.0,37.0,0.5947213367117554,2.5119197939814795,-4.905278663288245,47.01191979398148,21.053320565346617,25.95859922863486,MIA,TB,WFS_TARGET_SPECIFIC_COACHING_RESIDUAL
2025_17_TB_MIA,2025,17,2025-12-28,MIA,TB,-5.5,44.5,20.0,17.0,3.0,37.0,0.5328100739985387,2.278341949840647,-4.967189926001462,46.778341949840645,20.905576011919592,25.872765937921052,MIA,TB,WFS_TARGET_SPECIFIC_RESIDUAL
2025_17_LA_ATL,2025,17,2025-12-29,ATL,LA,-7.5,48.5,27.0,24.0,3.0,51.0,0.0,0.0,-7.5,48.5,20.5,28.0,ATL,LA,MARKET
2025_17_LA_ATL,2025,17,2025-12-29,ATL,LA,-7.5,48.5,27.0,24.0,3.0,51.0,-0.04589400489353365,1.7409916948232615,-7.545894004893533,50.240991694823265,21.347548844964866,28.8934428498584,ATL,LA,WFS_CORE_IMPACT_RESIDUAL
2025_17_LA_ATL,2025,17,2025-12-29,ATL,LA,-7.5,48.5,27.0,24.0,3.0,51.0,0.7230765518244335,1.5061323094129566,-6.776923448175566,50.006132309412955,21.614604430618694,28.39152787879426,ATL,LA,WFS_CORE_RESIDUAL
2025_17_LA_ATL,2025,17,2025-12-29,ATL,LA,-7.5,48.5,27.0,24.0,3.0,51.0,-0.34842291944996046,1.7598402825626143,-7.848422919449961,50.259840282562614,21.205708681556327,29.054131601006286,ATL,LA,WFS_TARGET_SPECIFIC_COACHING_RESIDUAL
2025_17_LA_ATL,2025,17,2025-12-29,ATL,LA,-7.5,48.5,27.0,24.0,3.0,51.0,-0.155576354855485,1.7409916948232615,-7.655576354855485,50.240991694823265,21.29270766998389,28.948284024839374,ATL,LA,WFS_TARGET_SPECIFIC_RESIDUAL
2025_18_CAR_TB,2025,18,2026-01-03,TB,CAR,3.0,43.5,16.0,14.0,2.0,30.0,0.0,0.0,3.0,43.5,23.25,20.25,TB,TB,MARKET
2025_18_CAR_TB,2025,18,2026-01-03,TB,CAR,3.0,43.5,16.0,14.0,2.0,30.0,0.3144794763869132,2.4398483584283728,3.3144794763869134,45.93984835842837,24.627163917407643,21.31268444102073,TB,TB,WFS_CORE_IMPACT_RESIDUAL
2025_18_CAR_TB,2025,18,2026-01-03,TB,CAR,3.0,43.5,16.0,14.0,2.0,30.0,1.3013482551570132,2.5141795830627434,4.301348255157013,46.01417958306274,25.157763919109875,20.856415663952866,TB,TB,WFS_CORE_RESIDUAL
2025_18_CAR_TB,2025,18,2026-01-03,TB,CAR,3.0,43.5,16.0,14.0,2.0,30.0,0.2974329159524005,2.7634292765775563,3.2974329159524007,46.263429276577554,24.780431096264977,21.482998180312578,TB,TB,WFS_TARGET_SPECIFIC_COACHING_RESIDUAL
2025_18_CAR_TB,2025,18,2026-01-03,TB,CAR,3.0,43.5,16.0,14.0,2.0,30.0,0.07610039855130163,2.4398483584283728,3.0761003985513016,45.93984835842837,24.507974378489838,21.431873979938533,TB,TB,WFS_TARGET_SPECIFIC_RESIDUAL
2025_18_SEA_SF,2025,18,2026-01-03,SF,SEA,-2.5,47.5,3.0,13.0,-10.0,16.0,0.0,0.0,-2.5,47.5,22.5,25.0,SEA,SEA,MARKET
2025_18_SEA_SF,2025,18,2026-01-03,SF,SEA,-2.5,47.5,3.0,13.0,-10.0,16.0,3.434751738757533,1.3322549297093524,0.9347517387575328,48.83225492970935,24.883503334233442,23.94875159547591,SEA,SF,WFS_CORE_IMPACT_RESIDUAL
2025_18_SEA_SF,2025,18,2026-01-03,SF,SEA,-2.5,47.5,3.0,13.0,-10.0,16.0,2.8443197997035967,2.0286474345847663,0.3443197997035967,49.52864743458477,24.936483617144184,24.592163817440586,SEA,SF,WFS_CORE_RESIDUAL
2025_18_SEA_SF,2025,18,2026-01-03,SF,SEA,-2.5,47.5,3.0,13.0,-10.0,16.0,3.4046140793302992,1.5275798554581614,0.9046140793302992,49.027579855458164,24.966096967394233,24.06148288806393,SEA,SF,WFS_TARGET_SPECIFIC_COACHING_RESIDUAL
2025_18_SEA_SF,2025,18,2026-01-03,SF,SEA,-2.5,47.5,3.0,13.0,-10.0,16.0,3.159219723220835,1.3322549297093524,0.659219723220835,48.83225492970935,24.745737326465093,24.086517603244257,SEA,SF,WFS_TARGET_SPECIFIC_RESIDUAL
2025_18_ARI_LA,2025,18,2026-01-04,LA,ARI,14.5,49.5,37.0,20.0,17.0,57.0,0.0,0.0,14.5,49.5,32.0,17.5,LA,LA,MARKET
2025_18_ARI_LA,2025,18,2026-01-04,LA,ARI,14.5,49.5,37.0,20.0,17.0,57.0,-0.19923520041962298,1.8776311073457852,14.300764799580376,51.377631107345785,32.83919795346308,18.538433153882703,LA,LA,WFS_CORE_IMPACT_RESIDUAL
2025_18_ARI_LA,2025,18,2026-01-04,LA,ARI,14.5,49.5,37.0,20.0,17.0,57.0,1.1712670056771775,2.464524981374118,15.671267005677178,51.96452498137412,33.817895993525646,18.14662898784847,LA,LA,WFS_CORE_RESIDUAL
2025_18_ARI_LA,2025,18,2026-01-04,LA,ARI,14.5,49.5,37.0,20.0,17.0,57.0,-0.05147124898237561,2.1597900900054605,14.448528751017625,51.65979009000546,33.05415942051154,18.605630669493916,LA,LA,WFS_TARGET_SPECIFIC_COACHING_RESIDUAL
2025_18_ARI_LA,2025,18,2026-01-04,LA,ARI,14.5,49.5,37.0,20.0,17.0,57.0,-0.34386118247282876,1.8776311073457852,14.156138817527172,51.377631107345785,32.76688496243648,18.610746144909307,LA,LA,WFS_TARGET_SPECIFIC_RESIDUAL
2025_18_BAL_PIT,2025,18,2026-01-04,PIT,BAL,-4.5,41.5,26.0,24.0,2.0,50.0,0.0,0.0,-4.5,41.5,18.5,23.0,PIT,BAL,MARKET
2025_18_BAL_PIT,2025,18,2026-01-04,PIT,BAL,-4.5,41.5,26.0,24.0,2.0,50.0,0.48810383176190825,1.0308632912981863,-4.011896168238092,42.53086329129819,19.259483561530047,23.271379729768142,PIT,BAL,WFS_CORE_IMPACT_RESIDUAL
2025_18_BAL_PIT,2025,18,2026-01-04,PIT,BAL,-4.5,41.5,26.0,24.0,2.0,50.0,0.8702785073609272,1.9549959076160162,-3.6297214926390726,43.454995907616016,19.912637207488473,23.542358700127544,PIT,BAL,WFS_CORE_RESIDUAL
2025_18_BAL_PIT,2025,18,2026-01-04,PIT,BAL,-4.5,41.5,26.0,24.0,2.0,50.0,0.3460232360089541,1.389559456704007,-4.153976763991046,42.889559456704006,19.36779134635648,23.521768110347526,PIT,BAL,WFS_TARGET_SPECIFIC_COACHING_RESIDUAL
2025_18_BAL_PIT,2025,18,2026-01-04,PIT,BAL,-4.5,41.5,26.0,24.0,2.0,50.0,0.2532552264704072,1.0308632912981863,-4.246744773529593,42.53086329129819,19.1420592588843,23.38880403241389,PIT,BAL,WFS_TARGET_SPECIFIC_RESIDUAL
2025_18_CLE_CIN,2025,18,2026-01-04,CIN,CLE,9.5,47.5,18.0,20.0,-2.0,38.0,0.0,0.0,9.5,47.5,28.5,19.0,CLE,CIN,MARKET
2025_18_CLE_CIN,2025,18,2026-01-04,CIN,CLE,9.5,47.5,18.0,20.0,-2.0,38.0,3.700703265776806,3.0482596671606492,13.200703265776806,50.54825966716065,31.87448146646873,18.67377820069192,CLE,CIN,WFS_CORE_IMPACT_RESIDUAL
2025_18_CLE_CIN,2025,18,2026-01-04,CIN,CLE,9.5,47.5,18.0,20.0,-2.0,38.0,2.256397535026963,2.888885307497956,11.756397535026963,50.38888530749796,31.07264142126246,19.316243886235497,CLE,CIN,WFS_CORE_RESIDUAL
2025_18_CLE_CIN,2025,18,2026-01-04,CIN,CLE,9.5,47.5,18.0,20.0,-2.0,38.0,3.292521248482062,3.252047038905562,12.792521248482062,50.75204703890556,31.77228414369381,18.97976289521175,CLE,CIN,WFS_TARGET_SPECIFIC_COACHING_RESIDUAL
2025_18_CLE_CIN,2025,18,2026-01-04,CIN,CLE,9.5,47.5,18.0,20.0,-2.0,38.0,3.264494685193194,3.0482596671606492,12.764494685193194,50.54825966716065,31.65637717617692,18.89188249098373,CLE,CIN,WFS_TARGET_SPECIFIC_RESIDUAL
2025_18_DAL_NYG,2025,18,2026-01-04,NYG,DAL,-3.0,50.5,34.0,17.0,17.0,51.0,0.0,0.0,-3.0,50.5,23.75,26.75,NYG,DAL,MARKET
2025_18_DAL_NYG,2025,18,2026-01-04,NYG,DAL,-3.0,50.5,34.0,17.0,17.0,51.0,1.7243403401750457,4.404329633174172,-1.2756596598249543,54.90432963317417,26.81433498667461,28.089994646499562,NYG,DAL,WFS_CORE_IMPACT_RESIDUAL
2025_18_DAL_NYG,2025,18,2026-01-04,NYG,DAL,-3.0,50.5,34.0,17.0,17.0,51.0,2.2291808076411406,1.6621019451900216,-0.7708191923588594,52.162101945190024,25.695641376415583,26.46646056877444,NYG,DAL,WFS_CORE_RESIDUAL
2025_18_DAL_NYG,2025,18,2026-01-04,NYG,DAL,-3.0,50.5,34.0,17.0,17.0,51.0,1.2901956286371066,3.850876195573064,-1.7098043713628934,54.350876195573065,26.320535912105086,28.03034028346798,NYG,DAL,WFS_TARGET_SPECIFIC_COACHING_RESIDUAL
2025_18_DAL_NYG,2025,18,2026-01-04,NYG,DAL,-3.0,50.5,34.0,17.0,17.0,51.0,1.2675264694670065,4.404329633174172,-1.7324735305329935,54.90432963317417,26.58592805132059,28.318401581853582,NYG,DAL,WFS_TARGET_SPECIFIC_RESIDUAL
2025_18_DET_CHI,2025,18,2026-01-04,CHI,DET,3.5,51.5,16.0,19.0,-3.0,35.0,0.0,0.0,3.5,51.5,27.5,24.0,DET,CHI,MARKET
2025_18_DET_CHI,2025,18,2026-01-04,CHI,DET,3.5,51.5,16.0,19.0,-3.0,35.0,3.1332632648403087,2.9980220360715757,6.633263264840309,54.498022036071575,30.565642650455942,23.932379385615633,DET,CHI,WFS_CORE_IMPACT_RESIDUAL
2025_18_DET_CHI,2025,18,2026-01-04,CHI,DET,3.5,51.5,16.0,19.0,-3.0,35.0,2.520537865322642,2.5016294742533223,6.020537865322642,54.00162947425332,30.011083669787983,23.990545804465338,DET,CHI,WFS_CORE_RESIDUAL
2025_18_DET_CHI,2025,18,2026-01-04,CHI,DET,3.5,51.5,16.0,19.0,-3.0,35.0,2.572382771474374,2.9762281637225665,6.072382771474373,54.47622816372257,30.27430546759847,24.201922696124097,DET,CHI,WFS_TARGET_SPECIFIC_COACHING_RESIDUAL
2025_18_DET_CHI,2025,18,2026-01-04,CHI,DET,3.5,51.5,16.0,19.0,-3.0,35.0,2.934094913080562,2.9980220360715757,6.434094913080562,54.498022036071575,30.46605847457607,24.031963561495505,DET,CHI,WFS_TARGET_SPECIFIC_RESIDUAL
2025_18_GB_MIN,2025,18,2026-01-04,MIN,GB,12.5,37.5,16.0,3.0,13.0,19.0,0.0,0.0,12.5,37.5,25.0,12.5,MIN,MIN,MARKET
2025_18_GB_MIN,2025,18,2026-01-04,MIN,GB,12.5,37.5,16.0,3.0,13.0,19.0,1.537106457960701,0.6780308964657058,14.0371064579607,38.17803089646571,26.1075686772132,12.070462219252503,MIN,MIN,WFS_CORE_IMPACT_RESIDUAL
2025_18_GB_MIN,2025,18,2026-01-04,MIN,GB,12.5,37.5,16.0,3.0,13.0,19.0,2.3508766343267604,1.3508559248582428,14.85087663432676,38.850855924858244,26.850866279592502,11.999989645265742,MIN,MIN,WFS_CORE_RESIDUAL
2025_18_GB_MIN,2025,18,2026-01-04,MIN,GB,12.5,37.5,16.0,3.0,13.0,19.0,-1.014621668487653,1.045059315557907,11.485378331512347,38.54505931555791,25.01521882353513,13.52984049202278,MIN,MIN,WFS_TARGET_SPECIFIC_COACHING_RESIDUAL
2025_18_GB_MIN,2025,18,2026-01-04,MIN,GB,12.5,37.5,16.0,3.0,13.0,19.0,-1.1384362385879159,0.6780308964657058,11.361563761412084,38.17803089646571,24.769797328938896,13.40823356752681,MIN,MIN,WFS_TARGET_SPECIFIC_RESIDUAL
2025_18_IND_HOU,2025,18,2026-01-04,HOU,IND,9.5,37.5,38.0,30.0,8.0,68.0,0.0,0.0,9.5,37.5,23.5,14.0,HOU,HOU,MARKET
2025_18_IND_HOU,2025,18,2026-01-04,HOU,IND,9.5,37.5,38.0,30.0,8.0,68.0,2.8067938046946486,2.7420803503241973,12.30679380469465,40.242080350324194,26.274437077509422,13.967643272814772,HOU,HOU,WFS_CORE_IMPACT_RESIDUAL
2025_18_IND_HOU,2025,18,2026-01-04,HOU,IND,9.5,37.5,38.0,30.0,8.0,68.0,1.8636004097357448,2.2247771595699555,11.363600409735746,39.72477715956995,25.54418878465285,14.180588374917104,HOU,HOU,WFS_CORE_RESIDUAL
2025_18_IND_HOU,2025,18,2026-01-04,HOU,IND,9.5,37.5,38.0,30.0,8.0,68.0,2.6163398359171857,3.1305613137998,12.116339835917186,40.6305613137998,26.373450574858495,14.257110738941307,HOU,HOU,WFS_TARGET_SPECIFIC_COACHING_RESIDUAL
2025_18_IND_HOU,2025,18,2026-01-04,HOU,IND,9.5,37.5,38.0,30.0,8.0,68.0,2.4020208824143485,2.7420803503241973,11.902020882414348,40.242080350324194,26.07205061636927,14.170029733954923,HOU,HOU,WFS_TARGET_SPECIFIC_RESIDUAL
2025_18_KC_LV,2025,18,2026-01-04,LV,KC,-3.5,36.5,14.0,12.0,2.0,26.0,0.0,0.0,-3.5,36.5,16.5,20.0,LV,KC,MARKET
2025_18_KC_LV,2025,18,2026-01-04,LV,KC,-3.5,36.5,14.0,12.0,2.0,26.0,-0.29763621958536923,-0.07693203540060012,-3.7976362195853692,36.4230679645994,16.312715872507013,20.110352092092384,LV,KC,WFS_CORE_IMPACT_RESIDUAL
2025_18_KC_LV,2025,18,2026-01-04,LV,KC,-3.5,36.5,14.0,12.0,2.0,26.0,0.08990434579824935,0.15006677507326677,-3.4100956542017506,36.65006677507327,16.619985560435758,20.030081214637512,LV,KC,WFS_CORE_RESIDUAL
2025_18_KC_LV,2025,18,2026-01-04,LV,KC,-3.5,36.5,14.0,12.0,2.0,26.0,-1.0430558688461808,-0.15569635612410362,-4.543055868846181,36.3443036438759,15.900623887514858,20.44367975636104,LV,KC,WFS_TARGET_SPECIFIC_COACHING_RESIDUAL
2025_18_KC_LV,2025,18,2026-01-04,LV,KC,-3.5,36.5,14.0,12.0,2.0,26.0,-0.6374131297471485,-0.07693203540060012,-4.137413129747149,36.4230679645994,16.142827417426126,20.28024054717327,LV,KC,WFS_TARGET_SPECIFIC_RESIDUAL
2025_18_LAC_DEN,2025,18,2026-01-04,DEN,LAC,14.5,37.5,19.0,3.0,16.0,22.0,0.0,0.0,14.5,37.5,26.0,11.5,DEN,DEN,MARKET
2025_18_LAC_DEN,2025,18,2026-01-04,DEN,LAC,14.5,37.5,19.0,3.0,16.0,22.0,2.3124760163676856,3.075210076644697,16.812476016367686,40.575210076644694,28.69384304650619,11.881367030138504,DEN,DEN,WFS_CORE_IMPACT_RESIDUAL
2025_18_LAC_DEN,2025,18,2026-01-04,DEN,LAC,14.5,37.5,19.0,3.0,16.0,22.0,1.4212526224104491,2.1778872267822473,15.92125262241045,39.677887226782246,27.799569924596348,11.878317302185899,DEN,DEN,WFS_CORE_RESIDUAL
2025_18_LAC_DEN,2025,18,2026-01-04,DEN,LAC,14.5,37.5,19.0,3.0,16.0,22.0,2.2304204753996872,3.4603693686727186,16.730420475399686,40.960369368672715,28.8453949220362,12.114974446636515,DEN,DEN,WFS_TARGET_SPECIFIC_COACHING_RESIDUAL
2025_18_LAC_DEN,2025,18,2026-01-04,DEN,LAC,14.5,37.5,19.0,3.0,16.0,22.0,1.9851375329027292,3.075210076644697,16.48513753290273,40.575210076644694,28.53017380477371,12.045036271870982,DEN,DEN,WFS_TARGET_SPECIFIC_RESIDUAL
2025_18_MIA_NE,2025,18,2026-01-04,NE,MIA,14.0,44.5,38.0,10.0,28.0,48.0,0.0,0.0,14.0,44.5,29.25,15.25,NE,NE,MARKET
2025_18_MIA_NE,2025,18,2026-01-04,NE,MIA,14.0,44.5,38.0,10.0,28.0,48.0,0.1064309770794292,2.43090544141825,14.106430977079429,46.93090544141825,30.518668209248837,16.41223723216941,NE,NE,WFS_CORE_IMPACT_RESIDUAL
2025_18_MIA_NE,2025,18,2026-01-04,NE,MIA,14.0,44.5,38.0,10.0,28.0,48.0,1.9940712088786245,1.9258077804824671,15.994071208878625,46.425807780482465,31.209939494680544,15.215868285801921,NE,NE,WFS_CORE_RESIDUAL
2025_18_MIA_NE,2025,18,2026-01-04,NE,MIA,14.0,44.5,38.0,10.0,28.0,48.0,-0.40802669944283465,2.729418377681856,13.591973300557166,47.22941837768185,30.41069583911951,16.818722538562344,NE,NE,WFS_TARGET_SPECIFIC_COACHING_RESIDUAL
2025_18_MIA_NE,2025,18,2026-01-04,NE,MIA,14.0,44.5,38.0,10.0,28.0,48.0,-0.24536813341481695,2.43090544141825,13.754631866585184,46.93090544141825,30.342768654001716,16.58813678741653,NE,NE,WFS_TARGET_SPECIFIC_RESIDUAL
2025_18_NO_ATL,2025,18,2026-01-04,ATL,NO,4.5,43.5,19.0,17.0,2.0,36.0,0.0,0.0,4.5,43.5,24.0,19.5,ATL,ATL,MARKET
2025_18_NO_ATL,2025,18,2026-01-04,ATL,NO,4.5,43.5,19.0,17.0,2.0,36.0,4.40225045408757,4.720648157083346,8.90225045408757,48.220648157083346,28.56144930558546,19.659198851497887,ATL,ATL,WFS_CORE_IMPACT_RESIDUAL
2025_18_NO_ATL,2025,18,2026-01-04,ATL,NO,4.5,43.5,19.0,17.0,2.0,36.0,1.7561812096227096,2.7039812291726046,6.25618120962271,46.203981229172605,26.230081219397658,19.973900009774948,ATL,ATL,WFS_CORE_RESIDUAL
2025_18_NO_ATL,2025,18,2026-01-04,ATL,NO,4.5,43.5,19.0,17.0,2.0,36.0,4.1705984357813675,4.692411457605016,8.670598435781368,48.19241145760502,28.431504946693195,19.760906510911823,ATL,ATL,WFS_TARGET_SPECIFIC_COACHING_RESIDUAL
2025_18_NO_ATL,2025,18,2026-01-04,ATL,NO,4.5,43.5,19.0,17.0,2.0,36.0,4.162716337880449,4.720648157083346,8.662716337880449,48.220648157083346,28.441682247481896,19.77896590960145,ATL,ATL,WFS_TARGET_SPECIFIC_RESIDUAL
2025_18_NYJ_BUF,2025,18,2026-01-04,BUF,NYJ,12.5,39.5,35.0,8.0,27.0,43.0,0.0,0.0,12.5,39.5,26.0,13.5,BUF,BUF,MARKET
2025_18_NYJ_BUF,2025,18,2026-01-04,BUF,NYJ,12.5,39.5,35.0,8.0,27.0,43.0,4.54363310849814,4.879855508468467,17.043633108498142,44.37985550846847,30.711744308483304,13.668111199985162,BUF,BUF,WFS_CORE_IMPACT_RESIDUAL
2025_18_NYJ_BUF,2025,18,2026-01-04,BUF,NYJ,12.5,39.5,35.0,8.0,27.0,43.0,1.7791959716134598,2.0649656407961885,14.27919597161346,41.56496564079619,27.922080806204825,13.642884834591364,BUF,BUF,WFS_CORE_RESIDUAL
2025_18_NYJ_BUF,2025,18,2026-01-04,BUF,NYJ,12.5,39.5,35.0,8.0,27.0,43.0,4.538121428784097,5.295576665881399,17.0381214287841,44.7955766658814,30.916849047332747,13.87872761854865,BUF,BUF,WFS_TARGET_SPECIFIC_COACHING_RESIDUAL
2025_18_NYJ_BUF,2025,18,2026-01-04,BUF,NYJ,12.5,39.5,35.0,8.0,27.0,43.0,4.088807333050638,4.879855508468467,16.58880733305064,44.37985550846847,30.484331420759553,13.895524087708914,BUF,BUF,WFS_TARGET_SPECIFIC_RESIDUAL
2025_18_TEN_JAX,2025,18,2026-01-04,JAX,TEN,12.5,46.5,41.0,7.0,34.0,48.0,0.0,0.0,12.5,46.5,29.5,17.0,JAX,JAX,MARKET
2025_18_TEN_JAX,2025,18,2026-01-04,JAX,TEN,12.5,46.5,41.0,7.0,34.0,48.0,3.045014104138491,3.193223651929533,15.545014104138492,49.693223651929536,32.619118878034016,17.07410477389552,JAX,JAX,WFS_CORE_IMPACT_RESIDUAL
2025_18_TEN_JAX,2025,18,2026-01-04,JAX,TEN,12.5,46.5,41.0,7.0,34.0,48.0,1.1122454834143176,3.0405576276869852,13.612245483414318,49.54055762768699,31.576401555550653,17.964156072136333,JAX,JAX,WFS_CORE_RESIDUAL
2025_18_TEN_JAX,2025,18,2026-01-04,JAX,TEN,12.5,46.5,41.0,7.0,34.0,48.0,2.617211679903377,3.319363355626933,15.117211679903377,49.81936335562693,32.468287517765155,17.351075837861778,JAX,JAX,WFS_TARGET_SPECIFIC_COACHING_RESIDUAL
2025_18_TEN_JAX,2025,18,2026-01-04,JAX,TEN,12.5,46.5,41.0,7.0,34.0,48.0,2.728520238154117,3.193223651929533,15.228520238154116,49.693223651929536,32.46087194504182,17.23235170688771,JAX,JAX,WFS_TARGET_SPECIFIC_RESIDUAL
2025_18_WAS_PHI,2025,18,2026-01-04,PHI,WAS,3.0,38.5,17.0,24.0,-7.0,41.0,0.0,0.0,3.0,38.5,20.75,17.75,WAS,PHI,MARKET
2025_18_WAS_PHI,2025,18,2026-01-04,PHI,WAS,3.0,38.5,17.0,24.0,-7.0,41.0,3.600858628097445,3.0133721949679275,6.600858628097445,41.51337219496793,24.057115411532685,17.456256783435244,WAS,PHI,WFS_CORE_IMPACT_RESIDUAL
2025_18_WAS_PHI,2025,18,2026-01-04,PHI,WAS,3.0,38.5,17.0,24.0,-7.0,41.0,2.1657607620347905,1.2473490612848668,5.1657607620347905,39.747349061284865,22.45655491165983,17.290794149625036,WAS,PHI,WFS_CORE_RESIDUAL
2025_18_WAS_PHI,2025,18,2026-01-04,PHI,WAS,3.0,38.5,17.0,24.0,-7.0,41.0,2.883014982591738,3.5028340843030557,5.883014982591738,42.00283408430305,23.942924533447396,18.059909550855657,WAS,PHI,WFS_TARGET_SPECIFIC_COACHING_RESIDUAL
2025_18_WAS_PHI,2025,18,2026-01-04,PHI,WAS,3.0,38.5,17.0,24.0,-7.0,41.0,2.5931737778421042,3.0133721949679275,5.593173777842104,41.51337219496793,23.553272986405016,17.960099208562912,WAS,PHI,WFS_TARGET_SPECIFIC_RESIDUAL
2025_19_GB_CHI,2025,19,2026-01-10,CHI,GB,-2.5,45.5,31.0,27.0,4.0,58.0,0.0,0.0,-2.5,45.5,21.5,24.0,CHI,GB,MARKET
2025_19_GB_CHI,2025,19,2026-01-10,CHI,GB,-2.5,45.5,31.0,27.0,4.0,58.0,1.2992121866008133,1.4994143769410961,-1.2007878133991867,46.9994143769411,22.899313281770954,24.100101095170142,CHI,GB,WFS_CORE_IMPACT_RESIDUAL
2025_19_GB_CHI,2025,19,2026-01-10,CHI,GB,-2.5,45.5,31.0,27.0,4.0,58.0,1.631223204625059,1.86049663314044,-0.868776795374941,47.36049663314044,23.24585991888275,24.114636714257692,CHI,GB,WFS_CORE_RESIDUAL
2025_19_GB_CHI,2025,19,2026-01-10,CHI,GB,-2.5,45.5,31.0,27.0,4.0,58.0,0.9812371466331935,1.6718399967072217,-1.5187628533668065,47.17183999670722,22.826538571670206,24.345301425037015,CHI,GB,WFS_TARGET_SPECIFIC_COACHING_RESIDUAL
2025_19_GB_CHI,2025,19,2026-01-10,CHI,GB,-2.5,45.5,31.0,27.0,4.0,58.0,1.3103132844430445,1.4994143769410961,-1.1896867155569555,46.9994143769411,22.904863830692072,24.094550546249025,CHI,GB,WFS_TARGET_SPECIFIC_RESIDUAL
2025_19_LA_CAR,2025,19,2026-01-10,CAR,LA,-10.0,44.5,31.0,34.0,-3.0,65.0,0.0,0.0,-10.0,44.5,17.25,27.25,LA,LA,MARKET
2025_19_LA_CAR,2025,19,2026-01-10,CAR,LA,-10.0,44.5,31.0,34.0,-3.0,65.0,1.7106522021133492,1.5663682940761052,-8.28934779788665,46.066368294076106,18.88851024809473,27.177858045981377,LA,LA,WFS_CORE_IMPACT_RESIDUAL
2025_19_LA_CAR,2025,19,2026-01-10,CAR,LA,-10.0,44.5,31.0,34.0,-3.0,65.0,1.4261630573530568,2.0956786624646657,-8.573836942646944,46.595678662464664,19.01092085990886,27.584757802555803,LA,LA,WFS_CORE_RESIDUAL
2025_19_LA_CAR,2025,19,2026-01-10,CAR,LA,-10.0,44.5,31.0,34.0,-3.0,65.0,1.2763963110915375,1.6072155706441846,-8.723603688908462,46.107215570644186,18.691805940867862,27.415409629776324,LA,LA,WFS_TARGET_SPECIFIC_COACHING_RESIDUAL
2025_19_LA_CAR,2025,19,2026-01-10,CAR,LA,-10.0,44.5,31.0,34.0,-3.0,65.0,1.4947818547321803,1.5663682940761052,-8.50521814526782,46.066368294076106,18.780575074404144,27.285793219671962,LA,LA,WFS_TARGET_SPECIFIC_RESIDUAL
2025_19_BUF_JAX,2025,19,2026-01-11,JAX,BUF,1.5,51.5,24.0,27.0,-3.0,51.0,0.0,0.0,1.5,51.5,26.5,25.0,BUF,JAX,MARKET
2025_19_BUF_JAX,2025,19,2026-01-11,JAX,BUF,1.5,51.5,24.0,27.0,-3.0,51.0,3.383286731782043,3.7539602992309744,4.883286731782043,55.253960299230975,30.06862351550651,25.185336783724466,BUF,JAX,WFS_CORE_IMPACT_RESIDUAL
2025_19_BUF_JAX,2025,19,2026-01-11,JAX,BUF,1.5,51.5,24.0,27.0,-3.0,51.0,2.2999990795183685,3.2367178888254466,3.7999990795183685,54.736717888825446,29.268358484171905,25.46835940465354,BUF,JAX,WFS_CORE_RESIDUAL
2025_19_BUF_JAX,2025,19,2026-01-11,JAX,BUF,1.5,51.5,24.0,27.0,-3.0,51.0,2.753314792418493,3.9572134659151645,4.253314792418493,55.45721346591517,29.85526412916683,25.601949336748337,BUF,JAX,WFS_TARGET_SPECIFIC_COACHING_RESIDUAL
2025_19_BUF_JAX,2025,19,2026-01-11,JAX,BUF,1.5,51.5,24.0,27.0,-3.0,51.0,3.0858462556164388,3.7539602992309744,4.585846255616438,55.253960299230975,29.919903277423707,25.33405702180727,BUF,JAX,WFS_TARGET_SPECIFIC_RESIDUAL
2025_19_LAC_NE,2025,19,2026-01-11,NE,LAC,3.5,45.5,16.0,3.0,13.0,19.0,0.0,0.0,3.5,45.5,24.5,21.0,NE,NE,MARKET
2025_19_LAC_NE,2025,19,2026-01-11,NE,LAC,3.5,45.5,16.0,3.0,13.0,19.0,2.788877373751308,2.3539638806008605,6.288877373751308,47.85396388060086,27.07142062717608,20.782543253424777,NE,NE,WFS_CORE_IMPACT_RESIDUAL
2025_19_LAC_NE,2025,19,2026-01-11,NE,LAC,3.5,45.5,16.0,3.0,13.0,19.0,2.877701821345078,2.712766611120779,6.377701821345077,48.21276661112078,27.295234216232927,20.91753239488785,NE,NE,WFS_CORE_RESIDUAL
2025_19_LAC_NE,2025,19,2026-01-11,NE,LAC,3.5,45.5,16.0,3.0,13.0,19.0,2.2719188676483175,2.652654006278547,5.771918867648317,48.152654006278546,26.96228643696343,21.190367569315114,NE,NE,WFS_TARGET_SPECIFIC_COACHING_RESIDUAL
2025_19_LAC_NE,2025,19,2026-01-11,NE,LAC,3.5,45.5,16.0,3.0,13.0,19.0,2.359730612478156,2.3539638806008605,5.859730612478156,47.85396388060086,26.85684724653951,20.99711663406135,NE,NE,WFS_TARGET_SPECIFIC_RESIDUAL
2025_19_SF_PHI,2025,19,2026-01-11,PHI,SF,6.0,44.5,19.0,23.0,-4.0,42.0,0.0,0.0,6.0,44.5,25.25,19.25,SF,PHI,MARKET
2025_19_SF_PHI,2025,19,2026-01-11,PHI,SF,6.0,44.5,19.0,23.0,-4.0,42.0,1.6425135822565795,1.003958854129241,7.64251358225658,45.50395885412924,26.57323621819291,18.930722635936327,SF,PHI,WFS_CORE_IMPACT_RESIDUAL
2025_19_SF_PHI,2025,19,2026-01-11,PHI,SF,6.0,44.5,19.0,23.0,-4.0,42.0,2.071666973337684,1.8608352762302722,8.071666973337685,46.360835276230276,27.21625112478398,19.144584151446296,SF,PHI,WFS_CORE_RESIDUAL
2025_19_SF_PHI,2025,19,2026-01-11,PHI,SF,6.0,44.5,19.0,23.0,-4.0,42.0,1.5494374703247802,1.6656207633201854,7.54943747032478,46.165620763320184,26.857529116822484,19.3080916464977,SF,PHI,WFS_TARGET_SPECIFIC_COACHING_RESIDUAL
2025_19_SF_PHI,2025,19,2026-01-11,PHI,SF,6.0,44.5,19.0,23.0,-4.0,42.0,1.3004751199479503,1.003958854129241,7.300475119947951,45.50395885412924,26.402216987038592,19.101741867090645,SF,PHI,WFS_TARGET_SPECIFIC_RESIDUAL
2025_19_HOU_PIT,2025,19,2026-01-12,PIT,HOU,-3.0,38.5,6.0,30.0,-24.0,36.0,0.0,0.0,-3.0,38.5,17.75,20.75,HOU,HOU,MARKET
2025_19_HOU_PIT,2025,19,2026-01-12,PIT,HOU,-3.0,38.5,6.0,30.0,-24.0,36.0,2.1356509538522053,2.1579788732641627,-0.8643490461477947,40.65797887326416,19.896814913558185,20.76116395970598,HOU,HOU,WFS_CORE_IMPACT_RESIDUAL
2025_19_HOU_PIT,2025,19,2026-01-12,PIT,HOU,-3.0,38.5,6.0,30.0,-24.0,36.0,1.3935265918797481,2.39541326865459,-1.6064734081202519,40.89541326865459,19.64446993026717,21.250943338387422,HOU,HOU,WFS_CORE_RESIDUAL
2025_19_HOU_PIT,2025,19,2026-01-12,PIT,HOU,-3.0,38.5,6.0,30.0,-24.0,36.0,1.902726672298173,2.587839298140031,-1.097273327701827,41.08783929814003,19.995282985219102,21.09255631292093,HOU,HOU,WFS_TARGET_SPECIFIC_COACHING_RESIDUAL
2025_19_HOU_PIT,2025,19,2026-01-12,PIT,HOU,-3.0,38.5,6.0,30.0,-24.0,36.0,1.775442378970975,2.1579788732641627,-1.224557621029025,40.65797887326416,19.716710626117568,20.941268247146596,HOU,HOU,WFS_TARGET_SPECIFIC_RESIDUAL
2025_20_BUF_DEN,2025,20,2026-01-17,DEN,BUF,1.5,45.5,33.0,30.0,3.0,63.0,0.0,0.0,1.5,45.5,23.5,22.0,DEN,DEN,MARKET
2025_20_BUF_DEN,2025,20,2026-01-17,DEN,BUF,1.5,45.5,33.0,30.0,3.0,63.0,2.0471682782578755,3.826261095557701,3.5471682782578755,49.3262610955577,26.436714686907788,22.88954640864991,DEN,DEN,WFS_CORE_IMPACT_RESIDUAL
2025_20_BUF_DEN,2025,20,2026-01-17,DEN,BUF,1.5,45.5,33.0,30.0,3.0,63.0,2.0734031059848883,2.719938428099022,3.5734031059848883,48.21993842809902,25.896670767041954,22.323267661057066,DEN,DEN,WFS_CORE_RESIDUAL
2025_20_BUF_DEN,2025,20,2026-01-17,DEN,BUF,1.5,45.5,33.0,30.0,3.0,63.0,1.926300843311668,4.289234320168893,3.426300843311668,49.789234320168894,26.60776758174028,23.181466738428615,DEN,DEN,WFS_TARGET_SPECIFIC_COACHING_RESIDUAL
2025_20_BUF_DEN,2025,20,2026-01-17,DEN,BUF,1.5,45.5,33.0,30.0,3.0,63.0,1.886744095417021,3.826261095557701,3.386744095417021,49.3262610955577,26.35650259548736,22.969758500070338,DEN,DEN,WFS_TARGET_SPECIFIC_RESIDUAL
2025_20_SF_SEA,2025,20,2026-01-17,SEA,SF,6.5,44.5,41.0,6.0,35.0,47.0,0.0,0.0,6.5,44.5,25.5,19.0,SEA,SEA,MARKET
2025_20_SF_SEA,2025,20,2026-01-17,SEA,SF,6.5,44.5,41.0,6.0,35.0,47.0,2.2578435906482284,2.9178826361641605,8.757843590648228,47.41788263616416,28.087863113406193,19.330019522757965,SEA,SEA,WFS_CORE_IMPACT_RESIDUAL
2025_20_SF_SEA,2025,20,2026-01-17,SEA,SF,6.5,44.5,41.0,6.0,35.0,47.0,3.1211923467126454,2.284631889813582,9.621192346712645,46.78463188981358,28.202912118263114,18.581719771550468,SEA,SEA,WFS_CORE_RESIDUAL
2025_20_SF_SEA,2025,20,2026-01-17,SEA,SF,6.5,44.5,41.0,6.0,35.0,47.0,1.8711137334278714,3.2806848841361775,8.37111373342787,47.78068488413618,28.075899308782024,19.704785575354155,SEA,SEA,WFS_TARGET_SPECIFIC_COACHING_RESIDUAL
2025_20_SF_SEA,2025,20,2026-01-17,SEA,SF,6.5,44.5,41.0,6.0,35.0,47.0,1.9283545886534001,2.9178826361641605,8.4283545886534,47.41788263616416,27.92311861240878,19.49476402375538,SEA,SEA,WFS_TARGET_SPECIFIC_RESIDUAL
2025_20_HOU_NE,2025,20,2026-01-18,NE,HOU,3.0,40.5,28.0,16.0,12.0,44.0,0.0,0.0,3.0,40.5,21.75,18.75,NE,NE,MARKET
2025_20_HOU_NE,2025,20,2026-01-18,NE,HOU,3.0,40.5,28.0,16.0,12.0,44.0,4.706991261635464,3.171073764587203,7.706991261635464,43.671073764587206,25.689032513111336,17.98204125147587,NE,NE,WFS_CORE_IMPACT_RESIDUAL
2025_20_HOU_NE,2025,20,2026-01-18,NE,HOU,3.0,40.5,28.0,16.0,12.0,44.0,3.0195454099707493,3.30073543323987,6.01954540997075,43.80073543323987,24.910140421605313,18.89059501163456,NE,NE,WFS_CORE_RESIDUAL
2025_20_HOU_NE,2025,20,2026-01-18,NE,HOU,3.0,40.5,28.0,16.0,12.0,44.0,4.160149969462926,3.632331373561691,7.160149969462926,44.13233137356169,25.64624067151231,18.48609070204938,NE,NE,WFS_TARGET_SPECIFIC_COACHING_RESIDUAL
2025_20_HOU_NE,2025,20,2026-01-18,NE,HOU,3.0,40.5,28.0,16.0,12.0,44.0,4.369986664734437,3.171073764587203,7.369986664734437,43.671073764587206,25.520530214660823,18.150543549926383,NE,NE,WFS_TARGET_SPECIFIC_RESIDUAL
2025_20_LA_CHI,2025,20,2026-01-18,CHI,LA,-3.5,49.5,17.0,20.0,-3.0,37.0,0.0,0.0,-3.5,49.5,23.0,26.5,LA,LA,MARKET
2025_20_LA_CHI,2025,20,2026-01-18,CHI,LA,-3.5,49.5,17.0,20.0,-3.0,37.0,1.1335966511830295,1.5812256412287846,-2.3664033488169705,51.081225641228784,24.357411146205905,26.72381449502288,LA,LA,WFS_CORE_IMPACT_RESIDUAL
2025_20_LA_CHI,2025,20,2026-01-18,CHI,LA,-3.5,49.5,17.0,20.0,-3.0,37.0,1.580638963872278,2.406968893638294,-1.919361036127722,51.90696889363829,24.993803928755284,26.91316496488301,LA,LA,WFS_CORE_RESIDUAL
2025_20_LA_CHI,2025,20,2026-01-18,CHI,LA,-3.5,49.5,17.0,20.0,-3.0,37.0,0.5587277566457562,1.7060738927697523,-2.941272243354244,51.20607389276975,24.132400824707755,27.073673068061996,LA,LA,WFS_TARGET_SPECIFIC_COACHING_RESIDUAL
2025_20_LA_CHI,2025,20,2026-01-18,CHI,LA,-3.5,49.5,17.0,20.0,-3.0,37.0,0.8465063704302671,1.5812256412287846,-2.653493629569733,51.081225641228784,24.213866005829527,26.867359635399257,LA,LA,WFS_TARGET_SPECIFIC_RESIDUAL
2025_21_LA_SEA,2025,21,2026-01-25,SEA,LA,2.5,45.5,31.0,27.0,4.0,58.0,0.0,0.0,2.5,45.5,24.0,21.5,SEA,SEA,MARKET
2025_21_LA_SEA,2025,21,2026-01-25,SEA,LA,2.5,45.5,31.0,27.0,4.0,58.0,2.5944260667658736,2.959395934138676,5.094426066765873,48.459395934138676,26.776911000452273,21.682484933686403,SEA,SEA,WFS_CORE_IMPACT_RESIDUAL
2025_21_LA_SEA,2025,21,2026-01-25,SEA,LA,2.5,45.5,31.0,27.0,4.0,58.0,3.3816976990254064,3.294021412400111,5.881697699025406,48.79402141240011,27.33785955571276,21.456161856687352,SEA,SEA,WFS_CORE_RESIDUAL
2025_21_LA_SEA,2025,21,2026-01-25,SEA,LA,2.5,45.5,31.0,27.0,4.0,58.0,2.2653342341376876,3.309031841351793,4.765334234137688,48.809031841351796,26.787183037744743,22.021848803607053,SEA,SEA,WFS_TARGET_SPECIFIC_COACHING_RESIDUAL
2025_21_LA_SEA,2025,21,2026-01-25,SEA,LA,2.5,45.5,31.0,27.0,4.0,58.0,2.3256889679369444,2.959395934138676,4.825688967936944,48.459395934138676,26.642542451037812,21.816853483100864,SEA,SEA,WFS_TARGET_SPECIFIC_RESIDUAL
2025_21_NE_DEN,2025,21,2026-01-25,DEN,NE,-3.5,43.5,7.0,10.0,-3.0,17.0,0.0,0.0,-3.5,43.5,20.0,23.5,NE,NE,MARKET
2025_21_NE_DEN,2025,21,2026-01-25,DEN,NE,-3.5,43.5,7.0,10.0,-3.0,17.0,0.9069642950348744,2.964941856374265,-2.593035704965126,46.46494185637427,21.93595307570457,24.528988780669696,NE,NE,WFS_CORE_IMPACT_RESIDUAL
2025_21_NE_DEN,2025,21,2026-01-25,DEN,NE,-3.5,43.5,7.0,10.0,-3.0,17.0,1.7988428903260374,2.2711127333050447,-1.7011571096739626,45.771112733305046,22.03497781181554,23.736134921489505,NE,NE,WFS_CORE_RESIDUAL
2025_21_NE_DEN,2025,21,2026-01-25,DEN,NE,-3.5,43.5,7.0,10.0,-3.0,17.0,1.792430328039624,3.148407016403176,-1.707569671960376,46.648407016403176,22.4704186722214,24.177988344181777,NE,NE,WFS_TARGET_SPECIFIC_COACHING_RESIDUAL
2025_21_NE_DEN,2025,21,2026-01-25,DEN,NE,-3.5,43.5,7.0,10.0,-3.0,17.0,1.5256634606194457,2.964941856374265,-1.9743365393805543,46.46494185637427,22.245302658496858,24.21963919787741,NE,NE,WFS_TARGET_SPECIFIC_RESIDUAL
2025_22_SEA_NE,2025,22,2026-02-08,NE,SEA,-4.5,45.5,13.0,29.0,-16.0,42.0,0.0,0.0,-4.5,45.5,20.5,25.0,SEA,SEA,MARKET
2025_22_SEA_NE,2025,22,2026-02-08,NE,SEA,-4.5,45.5,13.0,29.0,-16.0,42.0,1.683540143316496,1.4840939391100707,-2.8164598566835037,46.98409393911007,22.083817041213283,24.900276897896784,SEA,SEA,WFS_CORE_IMPACT_RESIDUAL
2025_22_SEA_NE,2025,22,2026-02-08,NE,SEA,-4.5,45.5,13.0,29.0,-16.0,42.0,2.1806134490084186,2.1664543360221846,-2.3193865509915814,47.666454336022184,22.6735338925153,24.992920443506883,SEA,SEA,WFS_CORE_RESIDUAL
2025_22_SEA_NE,2025,22,2026-02-08,NE,SEA,-4.5,45.5,13.0,29.0,-16.0,42.0,1.2384714684184441,1.9062653315049805,-3.261528531581556,47.40626533150498,22.072368399961714,25.33389693154327,SEA,SEA,WFS_TARGET_SPECIFIC_COACHING_RESIDUAL
2025_22_SEA_NE,2025,22,2026-02-08,NE,SEA,-4.5,45.5,13.0,29.0,-16.0,42.0,1.3411563582280153,1.4840939391100707,-3.158843641771985,46.98409393911007,21.91262514866904,25.071468790441028,SEA,SEA,WFS_TARGET_SPECIFIC_RESIDUAL
