game_id,season,week,game_date,home_team,away_team,model,market_home_spread_raw,market_total,actual_home_points,actual_away_points,pred_home_points,pred_away_points,actual_home_margin,pred_home_margin,target_total_points,pred_total_points,actual_winner,pred_winner
2025_01_DAL_PHI,2025,1,2025-09-04,PHI,DAL,MARKET,8.5,47.5,24.0,20.0,28.0,19.5,4.0,8.5,44.0,47.5,PHI,PHI
2025_01_DAL_PHI,2025,1,2025-09-04,PHI,DAL,WFS_CORE,8.5,47.5,24.0,20.0,30.21778879083052,16.869515426154067,4.0,13.348273364676455,44.0,47.08730421698459,PHI,PHI
2025_01_DAL_PHI,2025,1,2025-09-04,PHI,DAL,WFS_CORE_IMPACT,8.5,47.5,24.0,20.0,28.070128829314264,19.286205967409316,4.0,8.783922861904948,44.0,47.35633479672358,PHI,PHI
2025_01_KC_LAC,2025,1,2025-09-05,LAC,KC,MARKET,-3.0,47.5,27.0,21.0,22.25,25.25,6.0,-3.0,48.0,47.5,LAC,KC
2025_01_KC_LAC,2025,1,2025-09-05,LAC,KC,WFS_CORE,-3.0,47.5,27.0,21.0,21.80786860599464,25.227563271579996,6.0,-3.4196946655853573,48.0,47.03543187757464,LAC,KC
2025_01_KC_LAC,2025,1,2025-09-05,LAC,KC,WFS_CORE_IMPACT,-3.0,47.5,27.0,21.0,22.161125349365648,23.710973430736505,6.0,-1.5498480813708575,48.0,45.87209878010215,LAC,KC
2025_01_ARI_NO,2025,1,2025-09-07,NO,ARI,MARKET,-6.0,44.5,13.0,20.0,19.25,25.25,-7.0,-6.0,33.0,44.5,ARI,ARI
2025_01_ARI_NO,2025,1,2025-09-07,NO,ARI,WFS_CORE,-6.0,44.5,13.0,20.0,19.463488788858026,26.620692302343116,-7.0,-7.15720351348509,33.0,46.084181091201145,ARI,ARI
2025_01_ARI_NO,2025,1,2025-09-07,NO,ARI,WFS_CORE_IMPACT,-6.0,44.5,13.0,20.0,19.382496594623376,25.711488824182688,-7.0,-6.3289922295593115,33.0,45.093985418806064,ARI,ARI
2025_01_BAL_BUF,2025,1,2025-09-07,BUF,BAL,MARKET,-1.5,50.5,41.0,40.0,24.5,26.0,1.0,-1.5,81.0,50.5,BUF,BAL
2025_01_BAL_BUF,2025,1,2025-09-07,BUF,BAL,WFS_CORE,-1.5,50.5,41.0,40.0,25.22626524817428,27.09162097901261,1.0,-1.8653557308383313,81.0,52.31788622718689,BUF,BAL
2025_01_BAL_BUF,2025,1,2025-09-07,BUF,BAL,WFS_CORE_IMPACT,-1.5,50.5,41.0,40.0,26.00988207891743,25.11542109886195,1.0,0.8944609800554773,81.0,51.12530317777938,BUF,BUF
2025_01_CAR_JAX,2025,1,2025-09-07,JAX,CAR,MARKET,4.5,45.5,26.0,10.0,25.0,20.5,16.0,4.5,36.0,45.5,JAX,JAX
2025_01_CAR_JAX,2025,1,2025-09-07,JAX,CAR,WFS_CORE,4.5,45.5,26.0,10.0,25.26991993170472,21.409669663127087,16.0,3.8602502685776336,36.0,46.67958959483181,JAX,JAX
2025_01_CAR_JAX,2025,1,2025-09-07,JAX,CAR,WFS_CORE_IMPACT,4.5,45.5,26.0,10.0,23.18839719614812,22.269476329839097,16.0,0.9189208663090227,36.0,45.45787352598722,JAX,JAX
2025_01_CIN_CLE,2025,1,2025-09-07,CLE,CIN,MARKET,-5.5,47.5,16.0,17.0,21.0,26.5,-1.0,-5.5,33.0,47.5,CIN,CIN
2025_01_CIN_CLE,2025,1,2025-09-07,CLE,CIN,WFS_CORE,-5.5,47.5,16.0,17.0,22.41073450705686,25.61493248245191,-1.0,-3.2041979753950507,33.0,48.025666989508764,CIN,CIN
2025_01_CIN_CLE,2025,1,2025-09-07,CLE,CIN,WFS_CORE_IMPACT,-5.5,47.5,16.0,17.0,21.851084862564132,25.68826476489594,-1.0,-3.8371799023318083,33.0,47.53934962746007,CIN,CIN
2025_01_DET_GB,2025,1,2025-09-07,GB,DET,MARKET,1.5,48.5,27.0,13.0,25.0,23.5,14.0,1.5,40.0,48.5,GB,GB
2025_01_DET_GB,2025,1,2025-09-07,GB,DET,WFS_CORE,1.5,48.5,27.0,13.0,26.05619943369679,23.45085577997635,14.0,2.605343653720439,40.0,49.50705521367314,GB,GB
2025_01_DET_GB,2025,1,2025-09-07,GB,DET,WFS_CORE_IMPACT,1.5,48.5,27.0,13.0,25.124489658514815,23.65861432455845,14.0,1.4658753339563653,40.0,48.78310398307326,GB,GB
2025_01_HOU_LA,2025,1,2025-09-07,LA,HOU,MARKET,3.5,43.5,14.0,9.0,23.5,20.0,5.0,3.5,23.0,43.5,LA,LA
2025_01_HOU_LA,2025,1,2025-09-07,LA,HOU,WFS_CORE,3.5,43.5,14.0,9.0,23.354747931502768,21.476924154779557,5.0,1.8778237767232113,23.0,44.831672086282325,LA,LA
2025_01_HOU_LA,2025,1,2025-09-07,LA,HOU,WFS_CORE_IMPACT,3.5,43.5,14.0,9.0,24.109228946827717,20.39786987008775,5.0,3.711359076739967,23.0,44.507098816915466,LA,LA
2025_01_LV_NE,2025,1,2025-09-07,NE,LV,MARKET,2.5,44.5,13.0,20.0,23.5,21.0,-7.0,2.5,33.0,44.5,LV,NE
2025_01_LV_NE,2025,1,2025-09-07,NE,LV,WFS_CORE,2.5,44.5,13.0,20.0,24.686476652563712,22.117326423771356,-7.0,2.569150228792356,33.0,46.80380307633507,LV,NE
2025_01_LV_NE,2025,1,2025-09-07,NE,LV,WFS_CORE_IMPACT,2.5,44.5,13.0,20.0,23.721961794417247,22.5553296013755,-7.0,1.166632193041746,33.0,46.277291395792744,LV,NE
2025_01_MIA_IND,2025,1,2025-09-07,IND,MIA,MARKET,1.5,47.5,33.0,8.0,24.5,23.0,25.0,1.5,41.0,47.5,IND,IND
2025_01_MIA_IND,2025,1,2025-09-07,IND,MIA,WFS_CORE,1.5,47.5,33.0,8.0,24.55009928673823,22.45111602726414,25.0,2.0989832594740925,41.0,47.001215314002366,IND,IND
2025_01_MIA_IND,2025,1,2025-09-07,IND,MIA,WFS_CORE_IMPACT,1.5,47.5,33.0,8.0,25.426334869706245,21.251799845287504,25.0,4.174535024418741,41.0,46.678134714993746,IND,IND
2025_01_NYG_WAS,2025,1,2025-09-07,WAS,NYG,MARKET,6.0,45.5,21.0,6.0,25.75,19.75,15.0,6.0,27.0,45.5,WAS,WAS
2025_01_NYG_WAS,2025,1,2025-09-07,WAS,NYG,WFS_CORE,6.0,45.5,21.0,6.0,24.39467915926154,19.627702263912326,15.0,4.766976895349213,27.0,44.02238142317387,WAS,WAS
2025_01_NYG_WAS,2025,1,2025-09-07,WAS,NYG,WFS_CORE_IMPACT,6.0,45.5,21.0,6.0,24.554809192369426,19.538582591906575,15.0,5.016226600462851,27.0,44.093391784276,WAS,WAS
2025_01_PIT_NYJ,2025,1,2025-09-07,NYJ,PIT,MARKET,-3.0,37.5,32.0,34.0,17.25,20.25,-2.0,-3.0,66.0,37.5,PIT,PIT
2025_01_PIT_NYJ,2025,1,2025-09-07,NYJ,PIT,WFS_CORE,-3.0,37.5,32.0,34.0,18.94571086937893,23.361711310381153,-2.0,-4.416000441002222,66.0,42.30742217976008,PIT,PIT
2025_01_PIT_NYJ,2025,1,2025-09-07,NYJ,PIT,WFS_CORE_IMPACT,-3.0,37.5,32.0,34.0,18.702533736141046,21.761694917212935,-2.0,-3.0591611810718895,66.0,40.464228653353985,PIT,PIT
2025_01_SF_SEA,2025,1,2025-09-07,SEA,SF,MARKET,-2.5,43.5,13.0,17.0,20.5,23.0,-4.0,-2.5,30.0,43.5,SF,SF
2025_01_SF_SEA,2025,1,2025-09-07,SEA,SF,WFS_CORE,-2.5,43.5,13.0,17.0,22.745066266505795,23.33435001408095,-4.0,-0.5892837475751556,30.0,46.07941628058674,SF,SF
2025_01_SF_SEA,2025,1,2025-09-07,SEA,SF,WFS_CORE_IMPACT,-2.5,43.5,13.0,17.0,23.264682771841695,25.781752501167354,-4.0,-2.5170697293256588,30.0,49.04643527300905,SF,SF
2025_01_TB_ATL,2025,1,2025-09-07,ATL,TB,MARKET,-1.5,47.5,20.0,23.0,23.0,24.5,-3.0,-1.5,43.0,47.5,TB,TB
2025_01_TB_ATL,2025,1,2025-09-07,ATL,TB,WFS_CORE,-1.5,47.5,20.0,23.0,23.59210716688618,26.19213479482885,-3.0,-2.6000276279426693,43.0,49.784241961715026,TB,TB
2025_01_TB_ATL,2025,1,2025-09-07,ATL,TB,WFS_CORE_IMPACT,-1.5,47.5,20.0,23.0,24.921937575672082,23.784040470283205,-3.0,1.137897105388877,43.0,48.70597804595529,TB,ATL
2025_01_TEN_DEN,2025,1,2025-09-07,DEN,TEN,MARKET,8.5,42.5,20.0,12.0,25.5,17.0,8.0,8.5,32.0,42.5,DEN,DEN
2025_01_TEN_DEN,2025,1,2025-09-07,DEN,TEN,WFS_CORE,8.5,42.5,20.0,12.0,27.0148360577775,14.910477742292148,8.0,12.104358315485353,32.0,41.925313800069645,DEN,DEN
2025_01_TEN_DEN,2025,1,2025-09-07,DEN,TEN,WFS_CORE_IMPACT,8.5,42.5,20.0,12.0,27.255590426134223,18.08683645916925,8.0,9.168753966964974,32.0,45.34242688530347,DEN,DEN
2025_01_MIN_CHI,2025,1,2025-09-08,CHI,MIN,MARKET,-1.5,43.5,24.0,27.0,21.0,22.5,-3.0,-1.5,51.0,43.5,MIN,MIN
2025_01_MIN_CHI,2025,1,2025-09-08,CHI,MIN,WFS_CORE,-1.5,43.5,24.0,27.0,23.489506389015517,23.18608348442312,-3.0,0.3034229045923986,51.0,46.67558987343864,MIN,CHI
2025_01_MIN_CHI,2025,1,2025-09-08,CHI,MIN,WFS_CORE_IMPACT,-1.5,43.5,24.0,27.0,22.91047636263398,22.35135690272146,-3.0,0.5591194599125195,51.0,45.261833265355435,MIN,CHI
2025_02_WAS_GB,2025,2,2025-09-11,GB,WAS,MARKET,3.5,48.5,27.0,18.0,26.0,22.5,9.0,3.5,45.0,48.5,GB,GB
2025_02_WAS_GB,2025,2,2025-09-11,GB,WAS,WFS_CORE,3.5,48.5,27.0,18.0,28.153284163648653,21.73823387524283,9.0,6.415050288405823,45.0,49.89151803889148,GB,GB
2025_02_WAS_GB,2025,2,2025-09-11,GB,WAS,WFS_CORE_IMPACT,3.5,48.5,27.0,18.0,26.83256417022837,22.411580854492296,9.0,4.420983315736073,45.0,49.244145024720666,GB,GB
2025_02_ATL_MIN,2025,2,2025-09-14,MIN,ATL,MARKET,3.5,44.5,6.0,22.0,24.0,20.5,-16.0,3.5,28.0,44.5,ATL,MIN
2025_02_ATL_MIN,2025,2,2025-09-14,MIN,ATL,WFS_CORE,3.5,44.5,6.0,22.0,25.43101404089182,20.12552910938314,-16.0,5.30548493150868,28.0,45.55654315027496,ATL,MIN
2025_02_ATL_MIN,2025,2,2025-09-14,MIN,ATL,WFS_CORE_IMPACT,3.5,44.5,6.0,22.0,24.8200635034754,20.38001866081204,-16.0,4.440044842663358,28.0,45.20008216428744,ATL,MIN
2025_02_BUF_NYJ,2025,2,2025-09-14,NYJ,BUF,MARKET,-6.0,47.5,10.0,30.0,20.75,26.75,-20.0,-6.0,40.0,47.5,BUF,BUF
2025_02_BUF_NYJ,2025,2,2025-09-14,NYJ,BUF,WFS_CORE,-6.0,47.5,10.0,30.0,22.33107571885456,26.57380026465113,-20.0,-4.24272454579657,40.0,48.90487598350569,BUF,BUF
2025_02_BUF_NYJ,2025,2,2025-09-14,NYJ,BUF,WFS_CORE_IMPACT,-6.0,47.5,10.0,30.0,22.508048524074596,26.622153861594473,-20.0,-4.114105337519877,40.0,49.130202385669065,BUF,BUF
2025_02_CAR_ARI,2025,2,2025-09-14,ARI,CAR,MARKET,7.0,45.5,27.0,22.0,26.25,19.25,5.0,7.0,49.0,45.5,ARI,ARI
2025_02_CAR_ARI,2025,2,2025-09-14,ARI,CAR,WFS_CORE,7.0,45.5,27.0,22.0,27.643079278504995,19.418386704189825,5.0,8.22469257431517,49.0,47.06146598269482,ARI,ARI
2025_02_CAR_ARI,2025,2,2025-09-14,ARI,CAR,WFS_CORE_IMPACT,7.0,45.5,27.0,22.0,26.4964754783638,20.682893793293022,5.0,5.813581685070776,49.0,47.179369271656824,ARI,ARI
2025_02_CHI_DET,2025,2,2025-09-14,DET,CHI,MARKET,6.0,46.5,52.0,21.0,26.25,20.25,31.0,6.0,73.0,46.5,DET,DET
2025_02_CHI_DET,2025,2,2025-09-14,DET,CHI,WFS_CORE,6.0,46.5,52.0,21.0,27.429250009640764,21.995550821169015,31.0,5.433699188471749,73.0,49.42480083080978,DET,DET
2025_02_CHI_DET,2025,2,2025-09-14,DET,CHI,WFS_CORE_IMPACT,6.0,46.5,52.0,21.0,28.821260189864546,21.564950161630637,31.0,7.256310028233909,73.0,50.38621035149518,DET,DET
2025_02_CLE_BAL,2025,2,2025-09-14,BAL,CLE,MARKET,12.5,46.5,41.0,17.0,29.5,17.0,24.0,12.5,58.0,46.5,BAL,BAL
2025_02_CLE_BAL,2025,2,2025-09-14,BAL,CLE,WFS_CORE,12.5,46.5,41.0,17.0,34.47484786666887,15.388491937765206,24.0,19.08635592890366,58.0,49.86333980443408,BAL,BAL
2025_02_CLE_BAL,2025,2,2025-09-14,BAL,CLE,WFS_CORE_IMPACT,12.5,46.5,41.0,17.0,31.58568334696198,17.47546519050506,24.0,14.11021815645692,58.0,49.061148537467034,BAL,BAL
2025_02_DEN_IND,2025,2,2025-09-14,IND,DEN,MARKET,-2.5,43.5,29.0,28.0,20.5,23.0,1.0,-2.5,57.0,43.5,IND,DEN
2025_02_DEN_IND,2025,2,2025-09-14,IND,DEN,WFS_CORE,-2.5,43.5,29.0,28.0,23.326362781326683,24.982503200766928,1.0,-1.656140419440245,57.0,48.30886598209361,IND,DEN
2025_02_DEN_IND,2025,2,2025-09-14,IND,DEN,WFS_CORE_IMPACT,-2.5,43.5,29.0,28.0,24.599773501470224,25.238460516737035,1.0,-0.6386870152668109,57.0,49.83823401820726,IND,DEN
2025_02_JAX_CIN,2025,2,2025-09-14,CIN,JAX,MARKET,3.5,49.5,31.0,27.0,26.5,23.0,4.0,3.5,58.0,49.5,CIN,CIN
2025_02_JAX_CIN,2025,2,2025-09-14,CIN,JAX,WFS_CORE,3.5,49.5,31.0,27.0,27.27024073928396,23.879838486836583,4.0,3.3904022524473767,58.0,51.15007922612054,CIN,CIN
2025_02_JAX_CIN,2025,2,2025-09-14,CIN,JAX,WFS_CORE_IMPACT,3.5,49.5,31.0,27.0,25.961652306973654,22.389597528271775,4.0,3.5720547787018795,58.0,48.351249835245426,CIN,CIN
2025_02_LA_TEN,2025,2,2025-09-14,TEN,LA,MARKET,-5.5,41.5,19.0,33.0,18.0,23.5,-14.0,-5.5,52.0,41.5,LA,LA
2025_02_LA_TEN,2025,2,2025-09-14,TEN,LA,WFS_CORE,-5.5,41.5,19.0,33.0,19.307294207734643,23.658437313166555,-14.0,-4.3511431054319125,52.0,42.9657315209012,LA,LA
2025_02_LA_TEN,2025,2,2025-09-14,TEN,LA,WFS_CORE_IMPACT,-5.5,41.5,19.0,33.0,20.573937220921035,26.004194874689116,-14.0,-5.430257653768081,52.0,46.57813209561015,LA,LA
2025_02_NE_MIA,2025,2,2025-09-14,MIA,NE,MARKET,1.5,43.5,27.0,33.0,22.5,21.0,-6.0,1.5,60.0,43.5,NE,MIA
2025_02_NE_MIA,2025,2,2025-09-14,MIA,NE,WFS_CORE,1.5,43.5,27.0,33.0,24.712371077928605,21.962029916642315,-6.0,2.75034116128629,60.0,46.67440099457092,NE,MIA
2025_02_NE_MIA,2025,2,2025-09-14,MIA,NE,WFS_CORE_IMPACT,1.5,43.5,27.0,33.0,23.664289068824424,23.294753731908663,-6.0,0.3695353369157601,60.0,46.95904280073309,NE,MIA
2025_02_NYG_DAL,2025,2,2025-09-14,DAL,NYG,MARKET,4.5,44.5,40.0,37.0,24.5,20.0,3.0,4.5,77.0,44.5,DAL,DAL
2025_02_NYG_DAL,2025,2,2025-09-14,DAL,NYG,WFS_CORE,4.5,44.5,40.0,37.0,21.810876982125478,18.578256755279057,3.0,3.2326202268464215,77.0,40.389133737404535,DAL,DAL
2025_02_NYG_DAL,2025,2,2025-09-14,DAL,NYG,WFS_CORE_IMPACT,4.5,44.5,40.0,37.0,21.887793806889395,20.077782168515384,3.0,1.8100116383740108,77.0,41.965575975404775,DAL,DAL
2025_02_PHI_KC,2025,2,2025-09-14,KC,PHI,MARKET,-1.5,46.5,17.0,20.0,22.5,24.0,-3.0,-1.5,37.0,46.5,PHI,PHI
2025_02_PHI_KC,2025,2,2025-09-14,KC,PHI,WFS_CORE,-1.5,46.5,17.0,20.0,23.235452713185875,25.235446485836977,-3.0,-1.9999937726511021,37.0,48.47089919902285,PHI,PHI
2025_02_PHI_KC,2025,2,2025-09-14,KC,PHI,WFS_CORE_IMPACT,-1.5,46.5,17.0,20.0,21.6321139336055,24.24919466717448,-3.0,-2.6170807335689794,37.0,45.881308600779974,PHI,PHI
2025_02_SEA_PIT,2025,2,2025-09-14,PIT,SEA,MARKET,3.5,40.5,17.0,31.0,22.0,18.5,-14.0,3.5,48.0,40.5,SEA,PIT
2025_02_SEA_PIT,2025,2,2025-09-14,PIT,SEA,WFS_CORE,3.5,40.5,17.0,31.0,23.21882106731262,20.730881870766645,-14.0,2.4879391965459767,48.0,43.94970293807927,SEA,PIT
2025_02_SEA_PIT,2025,2,2025-09-14,PIT,SEA,WFS_CORE_IMPACT,3.5,40.5,17.0,31.0,22.633687262839164,21.700455503148888,-14.0,0.9332317596902762,48.0,44.33414276598805,SEA,PIT
2025_02_SF_NO,2025,2,2025-09-14,NO,SF,MARKET,-3.0,40.5,21.0,26.0,18.75,21.75,-5.0,-3.0,47.0,40.5,SF,SF
2025_02_SF_NO,2025,2,2025-09-14,NO,SF,WFS_CORE,-3.0,40.5,21.0,26.0,18.9468840706933,22.308490266993648,-5.0,-3.3616061963003467,47.0,41.255374337686945,SF,SF
2025_02_SF_NO,2025,2,2025-09-14,NO,SF,WFS_CORE_IMPACT,-3.0,40.5,21.0,26.0,20.706508896963932,22.514106825935297,-5.0,-1.807597928971365,47.0,43.220615722899225,SF,SF
2025_02_LAC_LV,2025,2,2025-09-15,LV,LAC,MARKET,-3.5,46.5,9.0,20.0,21.5,25.0,-11.0,-3.5,29.0,46.5,LAC,LAC
2025_02_LAC_LV,2025,2,2025-09-15,LV,LAC,WFS_CORE,-3.5,46.5,9.0,20.0,21.84907547997921,24.54434490553308,-11.0,-2.695269425553871,29.0,46.393420385512286,LAC,LAC
2025_02_LAC_LV,2025,2,2025-09-15,LV,LAC,WFS_CORE_IMPACT,-3.5,46.5,9.0,20.0,22.589410443823482,24.573692768482907,-11.0,-1.984282324659425,29.0,47.16310321230639,LAC,LAC
2025_02_TB_HOU,2025,2,2025-09-15,HOU,TB,MARKET,2.5,42.5,19.0,20.0,22.5,20.0,-1.0,2.5,39.0,42.5,TB,HOU
2025_02_TB_HOU,2025,2,2025-09-15,HOU,TB,WFS_CORE,2.5,42.5,19.0,20.0,23.12213641738308,20.446295651674387,-1.0,2.675840765708692,39.0,43.568432069057465,TB,HOU
2025_02_TB_HOU,2025,2,2025-09-15,HOU,TB,WFS_CORE_IMPACT,2.5,42.5,19.0,20.0,22.019871479159754,19.980812887320788,-1.0,2.039058591838966,39.0,42.00068436648054,TB,HOU
2025_03_MIA_BUF,2025,3,2025-09-18,BUF,MIA,MARKET,12.5,50.5,31.0,21.0,31.5,19.0,10.0,12.5,52.0,50.5,BUF,BUF
2025_03_MIA_BUF,2025,3,2025-09-18,BUF,MIA,WFS_CORE,12.5,50.5,31.0,21.0,33.1388418337145,20.834335116059567,10.0,12.304506717654935,52.0,53.97317694977407,BUF,BUF
2025_03_MIA_BUF,2025,3,2025-09-18,BUF,MIA,WFS_CORE_IMPACT,12.5,50.5,31.0,21.0,33.688790857416734,20.50359341457147,10.0,13.185197442845265,52.0,54.1923842719882,BUF,BUF
2025_03_ARI_SF,2025,3,2025-09-21,SF,ARI,MARKET,1.5,44.5,16.0,15.0,23.0,21.5,1.0,1.5,31.0,44.5,SF,SF
2025_03_ARI_SF,2025,3,2025-09-21,SF,ARI,WFS_CORE,1.5,44.5,16.0,15.0,23.258496140974174,22.92670961962197,1.0,0.3317865213522033,31.0,46.18520576059615,SF,SF
2025_03_ARI_SF,2025,3,2025-09-21,SF,ARI,WFS_CORE_IMPACT,1.5,44.5,16.0,15.0,22.53518017710564,22.34395816862513,1.0,0.19122200848051207,31.0,44.879138345730766,SF,SF
2025_03_ATL_CAR,2025,3,2025-09-21,CAR,ATL,MARKET,-5.5,44.5,30.0,0.0,19.5,25.0,30.0,-5.5,30.0,44.5,CAR,ATL
2025_03_ATL_CAR,2025,3,2025-09-21,CAR,ATL,WFS_CORE,-5.5,44.5,30.0,0.0,20.95700930383065,26.684426765612983,30.0,-5.727417461782334,30.0,47.64143606944363,CAR,ATL
2025_03_ATL_CAR,2025,3,2025-09-21,CAR,ATL,WFS_CORE_IMPACT,-5.5,44.5,30.0,0.0,22.50010058288774,25.30724782794108,30.0,-2.80714724505334,30.0,47.80734841082882,CAR,ATL
2025_03_CIN_MIN,2025,3,2025-09-21,MIN,CIN,MARKET,3.0,41.5,48.0,10.0,22.25,19.25,38.0,3.0,58.0,41.5,MIN,MIN
2025_03_CIN_MIN,2025,3,2025-09-21,MIN,CIN,WFS_CORE,3.0,41.5,48.0,10.0,23.355419097749124,19.46204453550374,38.0,3.893374562245384,58.0,42.81746363325286,MIN,MIN
2025_03_CIN_MIN,2025,3,2025-09-21,MIN,CIN,WFS_CORE_IMPACT,3.0,41.5,48.0,10.0,21.989656617076356,22.021673715627195,38.0,-0.03201709855083834,58.0,44.01133033270355,MIN,CIN
2025_03_DAL_CHI,2025,3,2025-09-21,CHI,DAL,MARKET,-1.5,49.5,31.0,14.0,24.0,25.5,17.0,-1.5,45.0,49.5,CHI,DAL
2025_03_DAL_CHI,2025,3,2025-09-21,CHI,DAL,WFS_CORE,-1.5,49.5,31.0,14.0,24.693356066258175,25.47010350631252,17.0,-0.7767474400543435,45.0,50.163459572570694,CHI,DAL
2025_03_DAL_CHI,2025,3,2025-09-21,CHI,DAL,WFS_CORE_IMPACT,-1.5,49.5,31.0,14.0,24.18941814123373,26.06782793446855,17.0,-1.8784097932348196,45.0,50.257246075702284,CHI,DAL
2025_03_DEN_LAC,2025,3,2025-09-21,LAC,DEN,MARKET,2.5,45.5,23.0,20.0,24.0,21.5,3.0,2.5,43.0,45.5,LAC,LAC
2025_03_DEN_LAC,2025,3,2025-09-21,LAC,DEN,WFS_CORE,2.5,45.5,23.0,20.0,24.56600230833885,22.642721823731026,3.0,1.9232804846078224,43.0,47.208724132069875,LAC,LAC
2025_03_DEN_LAC,2025,3,2025-09-21,LAC,DEN,WFS_CORE_IMPACT,2.5,45.5,23.0,20.0,25.09823270678642,23.90612718039822,3.0,1.1921055263882003,43.0,49.004359887184634,LAC,LAC
2025_03_GB_CLE,2025,3,2025-09-21,CLE,GB,MARKET,-8.5,41.5,13.0,10.0,16.5,25.0,3.0,-8.5,23.0,41.5,CLE,GB
2025_03_GB_CLE,2025,3,2025-09-21,CLE,GB,WFS_CORE,-8.5,41.5,13.0,10.0,17.709618599203356,27.74271794758077,3.0,-10.033099348377412,23.0,45.452336546784124,CLE,GB
2025_03_GB_CLE,2025,3,2025-09-21,CLE,GB,WFS_CORE_IMPACT,-8.5,41.5,13.0,10.0,19.06540837436421,25.913536733230544,3.0,-6.848128358866333,23.0,44.978945107594754,CLE,GB
2025_03_HOU_JAX,2025,3,2025-09-21,JAX,HOU,MARKET,1.5,43.5,17.0,10.0,22.5,21.0,7.0,1.5,27.0,43.5,JAX,JAX
2025_03_HOU_JAX,2025,3,2025-09-21,JAX,HOU,WFS_CORE,1.5,43.5,17.0,10.0,24.271977524715414,21.517504220420573,7.0,2.754473304294841,27.0,45.78948174513599,JAX,JAX
2025_03_HOU_JAX,2025,3,2025-09-21,JAX,HOU,WFS_CORE_IMPACT,1.5,43.5,17.0,10.0,23.170336504900256,21.323241254417102,7.0,1.8470952504831537,27.0,44.49357775931736,JAX,JAX
2025_03_IND_TEN,2025,3,2025-09-21,TEN,IND,MARKET,-6.0,43.5,20.0,41.0,18.75,24.75,-21.0,-6.0,61.0,43.5,IND,IND
2025_03_IND_TEN,2025,3,2025-09-21,TEN,IND,WFS_CORE,-6.0,43.5,20.0,41.0,20.78703822824687,25.65672377859769,-21.0,-4.86968555035082,61.0,46.443762006844565,IND,IND
2025_03_IND_TEN,2025,3,2025-09-21,TEN,IND,WFS_CORE_IMPACT,-6.0,43.5,20.0,41.0,20.610582651877444,27.015743703412262,-21.0,-6.405161051534819,61.0,47.626326355289706,IND,IND
2025_03_KC_NYG,2025,3,2025-09-21,NYG,KC,MARKET,-6.0,44.5,9.0,22.0,19.25,25.25,-13.0,-6.0,31.0,44.5,KC,KC
2025_03_KC_NYG,2025,3,2025-09-21,NYG,KC,WFS_CORE,-6.0,44.5,9.0,22.0,21.98346389510039,25.531953200096705,-13.0,-3.548489304996316,31.0,47.515417095197094,KC,KC
2025_03_KC_NYG,2025,3,2025-09-21,NYG,KC,WFS_CORE_IMPACT,-6.0,44.5,9.0,22.0,21.45698917867776,26.384272489469026,-13.0,-4.9272833107912675,31.0,47.841261668146785,KC,KC
2025_03_LA_PHI,2025,3,2025-09-21,PHI,LA,MARKET,3.5,45.5,33.0,26.0,24.5,21.0,7.0,3.5,59.0,45.5,PHI,PHI
2025_03_LA_PHI,2025,3,2025-09-21,PHI,LA,WFS_CORE,3.5,45.5,33.0,26.0,26.496925368710837,20.2775783774319,7.0,6.219346991278936,59.0,46.77450374614274,PHI,PHI
2025_03_LA_PHI,2025,3,2025-09-21,PHI,LA,WFS_CORE_IMPACT,3.5,45.5,33.0,26.0,26.365550547281906,20.69680625254734,7.0,5.668744294734566,59.0,47.062356799829246,PHI,PHI
2025_03_LV_WAS,2025,3,2025-09-21,WAS,LV,MARKET,2.5,43.5,41.0,24.0,23.0,20.5,17.0,2.5,65.0,43.5,WAS,WAS
2025_03_LV_WAS,2025,3,2025-09-21,WAS,LV,WFS_CORE,2.5,43.5,41.0,24.0,25.195433093448734,23.05266836176571,17.0,2.142764731683023,65.0,48.248101455214446,WAS,WAS
2025_03_LV_WAS,2025,3,2025-09-21,WAS,LV,WFS_CORE_IMPACT,2.5,43.5,41.0,24.0,22.369826100305385,25.083249561265042,17.0,-2.713423460959657,65.0,47.45307566157042,WAS,LV
2025_03_NO_SEA,2025,3,2025-09-21,SEA,NO,MARKET,7.5,41.5,44.0,13.0,24.5,17.0,31.0,7.5,57.0,41.5,SEA,SEA
2025_03_NO_SEA,2025,3,2025-09-21,SEA,NO,WFS_CORE,7.5,41.5,44.0,13.0,26.78980323254348,16.50100468552299,31.0,10.288798547020491,57.0,43.29080791806647,SEA,SEA
2025_03_NO_SEA,2025,3,2025-09-21,SEA,NO,WFS_CORE_IMPACT,7.5,41.5,44.0,13.0,25.435998221008578,17.240664518726767,31.0,8.195333702281811,57.0,42.67666273973535,SEA,SEA
2025_03_NYJ_TB,2025,3,2025-09-21,TB,NYJ,MARKET,6.5,43.5,29.0,27.0,25.0,18.5,2.0,6.5,56.0,43.5,TB,TB
2025_03_NYJ_TB,2025,3,2025-09-21,TB,NYJ,WFS_CORE,6.5,43.5,29.0,27.0,27.367619343385773,18.982713281601956,2.0,8.384906061783816,56.0,46.35033262498773,TB,TB
2025_03_NYJ_TB,2025,3,2025-09-21,TB,NYJ,WFS_CORE_IMPACT,6.5,43.5,29.0,27.0,26.46376992132818,19.259432585879413,2.0,7.204337335448766,56.0,45.72320250720759,TB,TB
2025_03_PIT_NE,2025,3,2025-09-21,NE,PIT,MARKET,-1.5,44.5,14.0,21.0,21.5,23.0,-7.0,-1.5,35.0,44.5,PIT,PIT
2025_03_PIT_NE,2025,3,2025-09-21,NE,PIT,WFS_CORE,-1.5,44.5,14.0,21.0,24.29819403616132,23.476141297309386,-7.0,0.8220527388519336,35.0,47.7743353334707,PIT,NE
2025_03_PIT_NE,2025,3,2025-09-21,NE,PIT,WFS_CORE_IMPACT,-1.5,44.5,14.0,21.0,24.92670587188242,22.995666188477454,-7.0,1.9310396834049648,35.0,47.922372060359876,PIT,NE
2025_03_DET_BAL,2025,3,2025-09-22,BAL,DET,MARKET,4.5,53.5,30.0,38.0,29.0,24.5,-8.0,4.5,68.0,53.5,DET,BAL
2025_03_DET_BAL,2025,3,2025-09-22,BAL,DET,WFS_CORE,4.5,53.5,30.0,38.0,31.497151540334187,24.522002889907764,-8.0,6.975148650426423,68.0,56.019154430241954,DET,BAL
2025_03_DET_BAL,2025,3,2025-09-22,BAL,DET,WFS_CORE_IMPACT,4.5,53.5,30.0,38.0,29.14003362081034,27.064966183773496,-8.0,2.075067437036843,68.0,56.204999804583835,DET,BAL
2025_04_SEA_ARI,2025,4,2025-09-25,ARI,SEA,MARKET,-1.5,43.5,20.0,23.0,21.0,22.5,-3.0,-1.5,43.0,43.5,SEA,SEA
2025_04_SEA_ARI,2025,4,2025-09-25,ARI,SEA,WFS_CORE,-1.5,43.5,20.0,23.0,22.15883065932107,23.635878839001453,-3.0,-1.4770481796803843,43.0,45.79470949832252,SEA,SEA
2025_04_SEA_ARI,2025,4,2025-09-25,ARI,SEA,WFS_CORE_IMPACT,-1.5,43.5,20.0,23.0,21.12467112391246,23.602815654697103,-3.0,-2.4781445307846433,43.0,44.72748677860956,SEA,SEA
2025_04_BAL_KC,2025,4,2025-09-28,KC,BAL,MARKET,-2.5,48.5,37.0,20.0,23.0,25.5,17.0,-2.5,57.0,48.5,KC,BAL
2025_04_BAL_KC,2025,4,2025-09-28,KC,BAL,WFS_CORE,-2.5,48.5,37.0,20.0,24.948473309809668,28.913202930991268,17.0,-3.9647296211816005,57.0,53.86167624080093,KC,BAL
2025_04_BAL_KC,2025,4,2025-09-28,KC,BAL,WFS_CORE_IMPACT,-2.5,48.5,37.0,20.0,24.656509423565804,27.775125024808098,17.0,-3.1186156012422934,57.0,52.4316344483739,KC,BAL
2025_04_CAR_NE,2025,4,2025-09-28,NE,CAR,MARKET,5.5,42.5,42.0,13.0,24.0,18.5,29.0,5.5,55.0,42.5,NE,NE
2025_04_CAR_NE,2025,4,2025-09-28,NE,CAR,WFS_CORE,5.5,42.5,42.0,13.0,27.980728218961605,19.649284882934094,29.0,8.331443336027512,55.0,47.6300131018957,NE,NE
2025_04_CAR_NE,2025,4,2025-09-28,NE,CAR,WFS_CORE_IMPACT,5.5,42.5,42.0,13.0,28.7199321124637,17.85896908974315,29.0,10.860963022720547,55.0,46.57890120220685,NE,NE
2025_04_CHI_LV,2025,4,2025-09-28,LV,CHI,MARKET,1.5,47.5,24.0,25.0,24.5,23.0,-1.0,1.5,49.0,47.5,CHI,LV
2025_04_CHI_LV,2025,4,2025-09-28,LV,CHI,WFS_CORE,1.5,47.5,24.0,25.0,24.096039028659693,22.11024216923526,-1.0,1.9857968594244326,49.0,46.20628119789495,CHI,LV
2025_04_CHI_LV,2025,4,2025-09-28,LV,CHI,WFS_CORE_IMPACT,1.5,47.5,24.0,25.0,24.224848677603273,22.63887503740811,-1.0,1.5859736401951636,49.0,46.86372371501138,CHI,LV
2025_04_CLE_DET,2025,4,2025-09-28,DET,CLE,MARKET,10.0,44.5,34.0,10.0,27.25,17.25,24.0,10.0,44.0,44.5,DET,DET
2025_04_CLE_DET,2025,4,2025-09-28,DET,CLE,WFS_CORE,10.0,44.5,34.0,10.0,31.256118515500287,18.428179134196057,24.0,12.82793938130423,44.0,49.68429764969635,DET,DET
2025_04_CLE_DET,2025,4,2025-09-28,DET,CLE,WFS_CORE_IMPACT,10.0,44.5,34.0,10.0,30.899950260873016,18.10802306666624,24.0,12.791927194206774,44.0,49.00797332753926,DET,DET
2025_04_GB_DAL,2025,4,2025-09-28,DAL,GB,MARKET,-7.0,47.5,40.0,40.0,20.25,27.25,0.0,-7.0,80.0,47.5,TIE,GB
2025_04_GB_DAL,2025,4,2025-09-28,DAL,GB,WFS_CORE,-7.0,47.5,40.0,40.0,21.864529632466983,30.618343021721024,0.0,-8.753813389254042,80.0,52.48287265418801,TIE,GB
2025_04_GB_DAL,2025,4,2025-09-28,DAL,GB,WFS_CORE_IMPACT,-7.0,47.5,40.0,40.0,18.283757171227546,28.50824381713135,0.0,-10.224486645903806,80.0,46.79200098835889,TIE,GB
2025_04_IND_LA,2025,4,2025-09-28,LA,IND,MARKET,3.5,49.5,27.0,20.0,26.5,23.0,7.0,3.5,47.0,49.5,LA,LA
2025_04_IND_LA,2025,4,2025-09-28,LA,IND,WFS_CORE,3.5,49.5,27.0,20.0,27.885237722924806,23.320829448445593,7.0,4.564408274479213,47.0,51.2060671713704,LA,LA
2025_04_IND_LA,2025,4,2025-09-28,LA,IND,WFS_CORE_IMPACT,3.5,49.5,27.0,20.0,28.264938837917306,22.256004074679215,7.0,6.008934763238091,47.0,50.520942912596524,LA,LA
2025_04_JAX_SF,2025,4,2025-09-28,SF,JAX,MARKET,3.5,45.5,21.0,26.0,24.5,21.0,-5.0,3.5,47.0,45.5,JAX,SF
2025_04_JAX_SF,2025,4,2025-09-28,SF,JAX,WFS_CORE,3.5,45.5,21.0,26.0,27.951906265415303,23.91637582630365,-5.0,4.035530439111653,47.0,51.86828209171895,JAX,SF
2025_04_JAX_SF,2025,4,2025-09-28,SF,JAX,WFS_CORE_IMPACT,3.5,45.5,21.0,26.0,25.33475548947518,22.746150356302913,-5.0,2.588605133172269,47.0,48.08090584577809,JAX,SF
2025_04_LAC_NYG,2025,4,2025-09-28,NYG,LAC,MARKET,-6.0,43.5,21.0,18.0,18.75,24.75,3.0,-6.0,39.0,43.5,NYG,LAC
2025_04_LAC_NYG,2025,4,2025-09-28,NYG,LAC,WFS_CORE,-6.0,43.5,21.0,18.0,21.30517853902988,26.475269202566334,3.0,-5.170090663536456,39.0,47.78044774159621,NYG,LAC
2025_04_LAC_NYG,2025,4,2025-09-28,NYG,LAC,WFS_CORE_IMPACT,-6.0,43.5,21.0,18.0,21.625059892162636,25.51957668700101,3.0,-3.894516794838374,39.0,47.144636579163645,NYG,LAC
2025_04_MIN_PIT,2025,4,2025-09-28,PIT,MIN,MARKET,-2.5,41.5,24.0,21.0,19.5,22.0,3.0,-2.5,45.0,41.5,PIT,MIN
2025_04_MIN_PIT,2025,4,2025-09-28,PIT,MIN,WFS_CORE,-2.5,41.5,24.0,21.0,19.83362198112346,22.595572127220642,3.0,-2.761950146097181,45.0,42.429194108344106,PIT,MIN
2025_04_MIN_PIT,2025,4,2025-09-28,PIT,MIN,WFS_CORE_IMPACT,-2.5,41.5,24.0,21.0,23.73703459797824,22.024722862282403,3.0,1.7123117356958382,45.0,45.76175746026064,PIT,PIT
2025_04_NO_BUF,2025,4,2025-09-28,BUF,NO,MARKET,15.5,48.5,31.0,19.0,32.0,16.5,12.0,15.5,50.0,48.5,BUF,BUF
2025_04_NO_BUF,2025,4,2025-09-28,BUF,NO,WFS_CORE,15.5,48.5,31.0,19.0,34.053090916572174,15.361400334244763,12.0,18.69169058232741,50.0,49.41449125081694,BUF,BUF
2025_04_NO_BUF,2025,4,2025-09-28,BUF,NO,WFS_CORE_IMPACT,15.5,48.5,31.0,19.0,32.51225469992865,16.638415048696466,12.0,15.873839651232181,50.0,49.15066974862511,BUF,BUF
2025_04_PHI_TB,2025,4,2025-09-28,TB,PHI,MARKET,-3.5,44.5,25.0,31.0,20.5,24.0,-6.0,-3.5,56.0,44.5,PHI,PHI
2025_04_PHI_TB,2025,4,2025-09-28,TB,PHI,WFS_CORE,-3.5,44.5,25.0,31.0,23.970763777811253,25.069574959356668,-6.0,-1.0988111815454147,56.0,49.04033873716792,PHI,PHI
2025_04_PHI_TB,2025,4,2025-09-28,TB,PHI,WFS_CORE_IMPACT,-3.5,44.5,25.0,31.0,22.13596521383064,25.916490025719252,-6.0,-3.7805248118886112,56.0,48.05245523954989,PHI,PHI
2025_04_TEN_HOU,2025,4,2025-09-28,HOU,TEN,MARKET,7.5,39.5,26.0,0.0,23.5,16.0,26.0,7.5,26.0,39.5,HOU,HOU
2025_04_TEN_HOU,2025,4,2025-09-28,HOU,TEN,WFS_CORE,7.5,39.5,26.0,0.0,25.553083774577992,16.959051237671385,26.0,8.594032536906607,26.0,42.512135012249374,HOU,HOU
2025_04_TEN_HOU,2025,4,2025-09-28,HOU,TEN,WFS_CORE_IMPACT,7.5,39.5,26.0,0.0,25.60080952972486,17.31947218254418,26.0,8.281337347180678,26.0,42.920281712269045,HOU,HOU
2025_04_WAS_ATL,2025,4,2025-09-28,ATL,WAS,MARKET,2.5,43.5,34.0,27.0,23.0,20.5,7.0,2.5,61.0,43.5,ATL,ATL
2025_04_WAS_ATL,2025,4,2025-09-28,ATL,WAS,WFS_CORE,2.5,43.5,34.0,27.0,25.10936519072001,23.97851902968988,7.0,1.130846161030128,61.0,49.08788422040989,ATL,ATL
2025_04_WAS_ATL,2025,4,2025-09-28,ATL,WAS,WFS_CORE_IMPACT,2.5,43.5,34.0,27.0,26.92536245322005,21.268698759150507,7.0,5.656663694069543,61.0,48.194061212370556,ATL,ATL
2025_04_CIN_DEN,2025,4,2025-09-29,DEN,CIN,MARKET,7.5,44.5,28.0,3.0,26.0,18.5,25.0,7.5,31.0,44.5,DEN,DEN
2025_04_CIN_DEN,2025,4,2025-09-29,DEN,CIN,WFS_CORE,7.5,44.5,28.0,3.0,27.18108873786299,17.368187597778014,25.0,9.812901140084975,31.0,44.549276335641004,DEN,DEN
2025_04_CIN_DEN,2025,4,2025-09-29,DEN,CIN,WFS_CORE_IMPACT,7.5,44.5,28.0,3.0,27.34440219541061,18.081117411466906,25.0,9.263284783943703,31.0,45.425519606877515,DEN,DEN
2025_04_NYJ_MIA,2025,4,2025-09-29,MIA,NYJ,MARKET,2.5,44.5,27.0,21.0,23.5,21.0,6.0,2.5,48.0,44.5,MIA,MIA
2025_04_NYJ_MIA,2025,4,2025-09-29,MIA,NYJ,WFS_CORE,2.5,44.5,27.0,21.0,22.444355454676465,19.382464184038167,6.0,3.0618912706382986,48.0,41.82681963871463,MIA,MIA
2025_04_NYJ_MIA,2025,4,2025-09-29,MIA,NYJ,WFS_CORE_IMPACT,2.5,44.5,27.0,21.0,23.64167581002819,20.832526442428396,6.0,2.809149367599794,48.0,44.474202252456585,MIA,MIA
2025_05_SF_LA,2025,5,2025-10-02,LA,SF,MARKET,8.5,43.5,23.0,26.0,26.0,17.5,-3.0,8.5,49.0,43.5,SF,LA
2025_05_SF_LA,2025,5,2025-10-02,LA,SF,WFS_CORE,8.5,43.5,23.0,26.0,29.968578169330975,19.112120958482944,-3.0,10.856457210848031,49.0,49.080699127813915,SF,LA
2025_05_SF_LA,2025,5,2025-10-02,LA,SF,WFS_CORE_IMPACT,8.5,43.5,23.0,26.0,31.96127927017589,15.034928898920255,-3.0,16.926350371255637,49.0,46.99620816909614,SF,LA
2025_05_DAL_NYJ,2025,5,2025-10-05,NYJ,DAL,MARKET,1.5,48.5,22.0,37.0,25.0,23.5,-15.0,1.5,59.0,48.5,DAL,NYJ
2025_05_DAL_NYJ,2025,5,2025-10-05,NYJ,DAL,WFS_CORE,1.5,48.5,22.0,37.0,25.997047882006555,25.337586780999754,-15.0,0.6594611010068014,59.0,51.33463466300631,DAL,NYJ
2025_05_DAL_NYJ,2025,5,2025-10-05,NYJ,DAL,WFS_CORE_IMPACT,1.5,48.5,22.0,37.0,27.045391183899586,21.126707008492513,-15.0,5.918684175407073,59.0,48.1720981923921,DAL,NYJ
2025_05_DEN_PHI,2025,5,2025-10-05,PHI,DEN,MARKET,3.5,44.5,17.0,21.0,24.0,20.5,-4.0,3.5,38.0,44.5,DEN,PHI
2025_05_DEN_PHI,2025,5,2025-10-05,PHI,DEN,WFS_CORE,3.5,44.5,17.0,21.0,27.2574318526741,22.64449239687113,-4.0,4.6129394558029695,38.0,49.90192424954523,DEN,PHI
2025_05_DEN_PHI,2025,5,2025-10-05,PHI,DEN,WFS_CORE_IMPACT,3.5,44.5,17.0,21.0,27.488358628200196,22.59028930799675,-4.0,4.898069320203447,38.0,50.078647936196944,DEN,PHI
2025_05_DET_CIN,2025,5,2025-10-05,CIN,DET,MARKET,-10.5,49.5,24.0,37.0,19.5,30.0,-13.0,-10.5,61.0,49.5,DET,DET
2025_05_DET_CIN,2025,5,2025-10-05,CIN,DET,WFS_CORE,-10.5,49.5,24.0,37.0,19.513353719142764,31.42254548629416,-13.0,-11.909191767151398,61.0,50.935899205436925,DET,DET
2025_05_DET_CIN,2025,5,2025-10-05,CIN,DET,WFS_CORE_IMPACT,-10.5,49.5,24.0,37.0,19.7623083256984,30.991146573395813,-13.0,-11.228838247697414,61.0,50.75345489909421,DET,DET
2025_05_HOU_BAL,2025,5,2025-10-05,BAL,HOU,MARKET,-2.5,41.5,10.0,44.0,19.5,22.0,-34.0,-2.5,54.0,41.5,HOU,HOU
2025_05_HOU_BAL,2025,5,2025-10-05,BAL,HOU,WFS_CORE,-2.5,41.5,10.0,44.0,23.895670729722664,25.889335277629236,-34.0,-1.9936645479065724,54.0,49.785006007351896,HOU,HOU
2025_05_HOU_BAL,2025,5,2025-10-05,BAL,HOU,WFS_CORE_IMPACT,-2.5,41.5,10.0,44.0,21.943877060527633,27.7232276333669,-34.0,-5.779350572839267,54.0,49.66710469389453,HOU,HOU
2025_05_LV_IND,2025,5,2025-10-05,IND,LV,MARKET,7.0,46.5,40.0,6.0,26.75,19.75,34.0,7.0,46.0,46.5,IND,IND
2025_05_LV_IND,2025,5,2025-10-05,IND,LV,WFS_CORE,7.0,46.5,40.0,6.0,26.856551210246053,18.994595070573524,34.0,7.861956139672529,46.0,45.85114628081958,IND,IND
2025_05_LV_IND,2025,5,2025-10-05,IND,LV,WFS_CORE_IMPACT,7.0,46.5,40.0,6.0,25.739330917169458,20.780189597260424,34.0,4.959141319909033,46.0,46.519520514429885,IND,IND
2025_05_MIA_CAR,2025,5,2025-10-05,CAR,MIA,MARKET,-1.5,44.5,27.0,24.0,21.5,23.0,3.0,-1.5,51.0,44.5,CAR,MIA
2025_05_MIA_CAR,2025,5,2025-10-05,CAR,MIA,WFS_CORE,-1.5,44.5,27.0,24.0,21.913142696241074,25.01972685225253,3.0,-3.106584156011454,51.0,46.9328695484936,CAR,MIA
2025_05_MIA_CAR,2025,5,2025-10-05,CAR,MIA,WFS_CORE_IMPACT,-1.5,44.5,27.0,24.0,21.733576489310142,26.26802951937918,3.0,-4.534453030069038,51.0,48.00160600868932,CAR,MIA
2025_05_MIN_CLE,2025,5,2025-10-05,CLE,MIN,MARKET,-3.5,35.5,17.0,21.0,16.0,19.5,-4.0,-3.5,38.0,35.5,MIN,MIN
2025_05_MIN_CLE,2025,5,2025-10-05,CLE,MIN,WFS_CORE,-3.5,35.5,17.0,21.0,17.988380787329874,21.253610110383217,-4.0,-3.265229323053344,38.0,39.241990897713094,MIN,MIN
2025_05_MIN_CLE,2025,5,2025-10-05,CLE,MIN,WFS_CORE_IMPACT,-3.5,35.5,17.0,21.0,21.14220231502438,20.05158797447279,-4.0,1.0906143405515927,38.0,41.19379028949717,MIN,CLE
2025_05_NE_BUF,2025,5,2025-10-05,BUF,NE,MARKET,7.5,49.5,20.0,23.0,28.5,21.0,-3.0,7.5,43.0,49.5,NE,BUF
2025_05_NE_BUF,2025,5,2025-10-05,BUF,NE,WFS_CORE,7.5,49.5,20.0,23.0,29.320341278905193,22.916199764755802,-3.0,6.404141514149391,43.0,52.23654104366099,NE,BUF
2025_05_NE_BUF,2025,5,2025-10-05,BUF,NE,WFS_CORE_IMPACT,7.5,49.5,20.0,23.0,29.286248527213374,23.139582144064605,-3.0,6.146666383148769,43.0,52.42583067127798,NE,BUF
2025_05_NYG_NO,2025,5,2025-10-05,NO,NYG,MARKET,1.5,41.5,26.0,14.0,21.5,20.0,12.0,1.5,40.0,41.5,NO,NO
2025_05_NYG_NO,2025,5,2025-10-05,NO,NYG,WFS_CORE,1.5,41.5,26.0,14.0,20.295875455926932,18.97277502674017,12.0,1.3231004291867627,40.0,39.2686504826671,NO,NO
2025_05_NYG_NO,2025,5,2025-10-05,NO,NYG,WFS_CORE_IMPACT,1.5,41.5,26.0,14.0,20.38280020691358,20.217260574786945,12.0,0.16553963212663447,40.0,40.60006078170052,NO,NO
2025_05_TB_SEA,2025,5,2025-10-05,SEA,TB,MARKET,3.5,44.5,35.0,38.0,24.0,20.5,-3.0,3.5,73.0,44.5,TB,SEA
2025_05_TB_SEA,2025,5,2025-10-05,SEA,TB,WFS_CORE,3.5,44.5,35.0,38.0,25.182137275776565,20.409477977096966,-3.0,4.772659298679599,73.0,45.59161525287353,TB,SEA
2025_05_TB_SEA,2025,5,2025-10-05,SEA,TB,WFS_CORE_IMPACT,3.5,44.5,35.0,38.0,27.590129241487375,20.643912034907817,-3.0,6.946217206579558,73.0,48.23404127639519,TB,SEA
2025_05_TEN_ARI,2025,5,2025-10-05,ARI,TEN,MARKET,7.5,41.5,21.0,22.0,24.5,17.0,-1.0,7.5,43.0,41.5,TEN,ARI
2025_05_TEN_ARI,2025,5,2025-10-05,ARI,TEN,WFS_CORE,7.5,41.5,21.0,22.0,25.83316733933646,15.38020880901889,-1.0,10.452958530317568,43.0,41.21337614835535,TEN,ARI
2025_05_TEN_ARI,2025,5,2025-10-05,ARI,TEN,WFS_CORE_IMPACT,7.5,41.5,21.0,22.0,25.054326792994082,15.994247155366603,-1.0,9.06007963762748,43.0,41.04857394836068,TEN,ARI
2025_05_WAS_LAC,2025,5,2025-10-05,LAC,WAS,MARKET,2.5,47.5,10.0,27.0,25.0,22.5,-17.0,2.5,37.0,47.5,WAS,LAC
2025_05_WAS_LAC,2025,5,2025-10-05,LAC,WAS,WFS_CORE,2.5,47.5,10.0,27.0,25.765499786500794,25.244124374736995,-17.0,0.521375411763799,37.0,51.00962416123779,WAS,LAC
2025_05_WAS_LAC,2025,5,2025-10-05,LAC,WAS,WFS_CORE_IMPACT,2.5,47.5,10.0,27.0,24.832934094176334,22.188117987185933,-17.0,2.644816106990401,37.0,47.02105208136227,WAS,LAC
2025_05_KC_JAX,2025,5,2025-10-06,JAX,KC,MARKET,-3.5,45.5,31.0,28.0,21.0,24.5,3.0,-3.5,59.0,45.5,JAX,KC
2025_05_KC_JAX,2025,5,2025-10-06,JAX,KC,WFS_CORE,-3.5,45.5,31.0,28.0,22.9117003929333,26.029039844030205,3.0,-3.1173394510969032,59.0,48.94074023696351,JAX,KC
2025_05_KC_JAX,2025,5,2025-10-06,JAX,KC,WFS_CORE_IMPACT,-3.5,45.5,31.0,28.0,23.064854985089113,24.526797974047444,3.0,-1.4619429889583309,59.0,47.59165295913655,JAX,KC
2025_06_PHI_NYG,2025,6,2025-10-09,NYG,PHI,MARKET,-7.0,40.5,34.0,17.0,16.75,23.75,17.0,-7.0,51.0,40.5,NYG,PHI
2025_06_PHI_NYG,2025,6,2025-10-09,NYG,PHI,WFS_CORE,-7.0,40.5,34.0,17.0,19.7863492163438,25.54204547213482,17.0,-5.755696255791019,51.0,45.328394688478625,NYG,PHI
2025_06_PHI_NYG,2025,6,2025-10-09,NYG,PHI,WFS_CORE_IMPACT,-7.0,40.5,34.0,17.0,19.578091842605737,25.574709679173004,17.0,-5.9966178365672675,51.0,45.15280152177874,NYG,PHI
2025_06_ARI_IND,2025,6,2025-10-12,IND,ARI,MARKET,8.5,46.5,31.0,27.0,27.5,19.0,4.0,8.5,58.0,46.5,IND,IND
2025_06_ARI_IND,2025,6,2025-10-12,IND,ARI,WFS_CORE,8.5,46.5,31.0,27.0,30.136172141070336,21.192551133408156,4.0,8.94362100766218,58.0,51.32872327447849,IND,IND
2025_06_ARI_IND,2025,6,2025-10-12,IND,ARI,WFS_CORE_IMPACT,8.5,46.5,31.0,27.0,29.716526427117856,21.78840910837861,4.0,7.928117318739247,58.0,51.504935535496465,IND,IND
2025_06_CIN_GB,2025,6,2025-10-12,GB,CIN,MARKET,14.0,44.5,27.0,18.0,29.25,15.25,9.0,14.0,45.0,44.5,GB,GB
2025_06_CIN_GB,2025,6,2025-10-12,GB,CIN,WFS_CORE,14.0,44.5,27.0,18.0,29.91467994432971,11.540944004230706,9.0,18.373735940099003,45.0,41.455623948560415,GB,GB
2025_06_CIN_GB,2025,6,2025-10-12,GB,CIN,WFS_CORE_IMPACT,14.0,44.5,27.0,18.0,28.03235622648438,14.173446460266456,9.0,13.858909766217925,45.0,42.205802686750836,GB,GB
2025_06_CLE_PIT,2025,6,2025-10-12,PIT,CLE,MARKET,5.5,37.5,23.0,9.0,21.5,16.0,14.0,5.5,32.0,37.5,PIT,PIT
2025_06_CLE_PIT,2025,6,2025-10-12,PIT,CLE,WFS_CORE,5.5,37.5,23.0,9.0,23.308735033537303,14.065938297046698,14.0,9.242796736490606,32.0,37.374673330584,PIT,PIT
2025_06_CLE_PIT,2025,6,2025-10-12,PIT,CLE,WFS_CORE_IMPACT,5.5,37.5,23.0,9.0,23.662298056189726,16.384052396432686,14.0,7.27824565975704,32.0,40.04635045262241,PIT,PIT
2025_06_DAL_CAR,2025,6,2025-10-12,CAR,DAL,MARKET,-3.0,47.5,30.0,27.0,22.25,25.25,3.0,-3.0,57.0,47.5,CAR,DAL
2025_06_DAL_CAR,2025,6,2025-10-12,CAR,DAL,WFS_CORE,-3.0,47.5,30.0,27.0,23.15388835698137,24.723635953887968,3.0,-1.5697475969065984,57.0,47.87752431086933,CAR,DAL
2025_06_DAL_CAR,2025,6,2025-10-12,CAR,DAL,WFS_CORE_IMPACT,-3.0,47.5,30.0,27.0,23.98151846359024,22.299672054949273,3.0,1.6818464086409683,57.0,46.28119051853952,CAR,CAR
2025_06_DEN_NYJ,2025,6,2025-10-12,NYJ,DEN,MARKET,-7.5,43.5,11.0,13.0,18.0,25.5,-2.0,-7.5,24.0,43.5,DEN,DEN
2025_06_DEN_NYJ,2025,6,2025-10-12,NYJ,DEN,WFS_CORE,-7.5,43.5,11.0,13.0,20.325287893808532,28.06059286706176,-2.0,-7.735304973253228,24.0,48.38588076087029,DEN,DEN
2025_06_DEN_NYJ,2025,6,2025-10-12,NYJ,DEN,WFS_CORE_IMPACT,-7.5,43.5,11.0,13.0,19.66393796035292,27.167915361955128,-2.0,-7.5039774016022065,24.0,46.83185332230805,DEN,DEN
2025_06_DET_KC,2025,6,2025-10-12,KC,DET,MARKET,2.5,51.5,30.0,17.0,27.0,24.5,13.0,2.5,47.0,51.5,KC,KC
2025_06_DET_KC,2025,6,2025-10-12,KC,DET,WFS_CORE,2.5,51.5,30.0,17.0,27.604512302467608,26.65223840219871,13.0,0.9522739002688994,47.0,54.25675070466632,KC,KC
2025_06_DET_KC,2025,6,2025-10-12,KC,DET,WFS_CORE_IMPACT,2.5,51.5,30.0,17.0,26.804497757994838,25.681690208155548,13.0,1.1228075498392904,47.0,52.48618796615038,KC,KC
2025_06_LAC_MIA,2025,6,2025-10-12,MIA,LAC,MARKET,-3.5,45.5,27.0,29.0,21.0,24.5,-2.0,-3.5,56.0,45.5,LAC,LAC
2025_06_LAC_MIA,2025,6,2025-10-12,MIA,LAC,WFS_CORE,-3.5,45.5,27.0,29.0,23.538567113307867,24.19543354379011,-2.0,-0.6568664304822427,56.0,47.73400065709798,LAC,LAC
2025_06_LAC_MIA,2025,6,2025-10-12,MIA,LAC,WFS_CORE_IMPACT,-3.5,45.5,27.0,29.0,23.230460064530412,24.139235817010423,-2.0,-0.9087757524800111,56.0,47.369695881540835,LAC,LAC
2025_06_LA_BAL,2025,6,2025-10-12,BAL,LA,MARKET,-7.0,43.5,3.0,17.0,18.25,25.25,-14.0,-7.0,20.0,43.5,LA,LA
2025_06_LA_BAL,2025,6,2025-10-12,BAL,LA,WFS_CORE,-7.0,43.5,3.0,17.0,17.211715904123192,25.081024014087223,-14.0,-7.869308109964031,20.0,42.292739918210415,LA,LA
2025_06_LA_BAL,2025,6,2025-10-12,BAL,LA,WFS_CORE_IMPACT,-7.0,43.5,3.0,17.0,16.354436005067484,27.699865232567355,-14.0,-11.34542922749987,20.0,44.05430123763484,LA,LA
2025_06_NE_NO,2025,6,2025-10-12,NO,NE,MARKET,-3.5,46.5,19.0,25.0,21.5,25.0,-6.0,-3.5,44.0,46.5,NE,NE
2025_06_NE_NO,2025,6,2025-10-12,NO,NE,WFS_CORE,-3.5,46.5,19.0,25.0,21.22076409388003,24.671560789893885,-6.0,-3.450796696013853,44.0,45.89232488377392,NE,NE
2025_06_NE_NO,2025,6,2025-10-12,NO,NE,WFS_CORE_IMPACT,-3.5,46.5,19.0,25.0,22.317896154773035,24.866764246789714,-6.0,-2.5488680920166793,44.0,47.18466040156275,NE,NE
2025_06_SEA_JAX,2025,6,2025-10-12,JAX,SEA,MARKET,-1.5,47.5,12.0,20.0,23.0,24.5,-8.0,-1.5,32.0,47.5,SEA,SEA
2025_06_SEA_JAX,2025,6,2025-10-12,JAX,SEA,WFS_CORE,-1.5,47.5,12.0,20.0,24.244092747390926,27.12732886135828,-8.0,-2.883236113967353,32.0,51.3714216087492,SEA,SEA
2025_06_SEA_JAX,2025,6,2025-10-12,JAX,SEA,WFS_CORE_IMPACT,-1.5,47.5,12.0,20.0,24.74058717699887,24.561466698565503,-8.0,0.1791204784333651,32.0,49.30205387556437,SEA,JAX
2025_06_SF_TB,2025,6,2025-10-12,TB,SF,MARKET,3.5,46.5,30.0,19.0,25.0,21.5,11.0,3.5,49.0,46.5,TB,TB
2025_06_SF_TB,2025,6,2025-10-12,TB,SF,WFS_CORE,3.5,46.5,30.0,19.0,26.08807569822521,20.834019333903477,11.0,5.254056364321734,49.0,46.92209503212869,TB,TB
2025_06_SF_TB,2025,6,2025-10-12,TB,SF,WFS_CORE_IMPACT,3.5,46.5,30.0,19.0,26.0644301070094,21.851401745926704,11.0,4.213028361082696,49.0,47.91583185293611,TB,TB
2025_06_TEN_LV,2025,6,2025-10-12,LV,TEN,MARKET,3.5,41.5,20.0,10.0,22.5,19.0,10.0,3.5,30.0,41.5,LV,LV
2025_06_TEN_LV,2025,6,2025-10-12,LV,TEN,WFS_CORE,3.5,41.5,20.0,10.0,22.876142030123695,17.403739759869165,10.0,5.4724022702545305,30.0,40.27988178999286,LV,LV
2025_06_TEN_LV,2025,6,2025-10-12,LV,TEN,WFS_CORE_IMPACT,3.5,41.5,20.0,10.0,21.8988760335883,18.71965116053411,10.0,3.179224873054192,30.0,40.61852719412241,LV,LV
2025_06_BUF_ATL,2025,6,2025-10-13,ATL,BUF,MARKET,-3.5,49.5,24.0,14.0,23.0,26.5,10.0,-3.5,38.0,49.5,ATL,BUF
2025_06_BUF_ATL,2025,6,2025-10-13,ATL,BUF,WFS_CORE,-3.5,49.5,24.0,14.0,23.306071635594193,26.1531488237624,10.0,-2.847077188168207,38.0,49.459220459356594,ATL,BUF
2025_06_BUF_ATL,2025,6,2025-10-13,ATL,BUF,WFS_CORE_IMPACT,-3.5,49.5,24.0,14.0,22.85817062218131,27.194925803251778,10.0,-4.336755181070469,38.0,50.05309642543308,ATL,BUF
2025_06_CHI_WAS,2025,6,2025-10-13,WAS,CHI,MARKET,5.5,49.5,24.0,25.0,27.5,22.0,-1.0,5.5,49.0,49.5,CHI,WAS
2025_06_CHI_WAS,2025,6,2025-10-13,WAS,CHI,WFS_CORE,5.5,49.5,24.0,25.0,26.524339035530733,18.693768713384973,-1.0,7.8305703221457605,49.0,45.218107748915706,CHI,WAS
2025_06_CHI_WAS,2025,6,2025-10-13,WAS,CHI,WFS_CORE_IMPACT,5.5,49.5,24.0,25.0,24.69324428134451,20.471881294229107,-1.0,4.221362987115402,49.0,45.16512557557361,CHI,WAS
2025_07_PIT_CIN,2025,7,2025-10-16,CIN,PIT,MARKET,-5.5,45.5,33.0,31.0,20.0,25.5,2.0,-5.5,64.0,45.5,CIN,PIT
2025_07_PIT_CIN,2025,7,2025-10-16,CIN,PIT,WFS_CORE,-5.5,45.5,33.0,31.0,20.861113975980253,28.170641010488787,2.0,-7.309527034508534,64.0,49.03175498646904,CIN,PIT
2025_07_PIT_CIN,2025,7,2025-10-16,CIN,PIT,WFS_CORE_IMPACT,-5.5,45.5,33.0,31.0,20.661880830645142,27.210366638760632,2.0,-6.54848580811549,64.0,47.87224746940578,CIN,PIT
2025_07_ATL_SF,2025,7,2025-10-19,SF,ATL,MARKET,1.5,46.5,20.0,10.0,24.0,22.5,10.0,1.5,30.0,46.5,SF,SF
2025_07_ATL_SF,2025,7,2025-10-19,SF,ATL,WFS_CORE,1.5,46.5,20.0,10.0,25.881251638589074,22.778675921336447,10.0,3.102575717252627,30.0,48.65992755992552,SF,SF
2025_07_ATL_SF,2025,7,2025-10-19,SF,ATL,WFS_CORE_IMPACT,1.5,46.5,20.0,10.0,23.736831435008995,26.468229775903094,10.0,-2.731398340894099,30.0,50.20506121091209,SF,ATL
2025_07_CAR_NYJ,2025,7,2025-10-19,NYJ,CAR,MARKET,1.5,39.5,6.0,13.0,20.5,19.0,-7.0,1.5,19.0,39.5,CAR,NYJ
2025_07_CAR_NYJ,2025,7,2025-10-19,NYJ,CAR,WFS_CORE,1.5,39.5,6.0,13.0,19.38264515187599,19.50659191667359,-7.0,-0.12394676479759781,19.0,38.889237068549576,CAR,CAR
2025_07_CAR_NYJ,2025,7,2025-10-19,NYJ,CAR,WFS_CORE_IMPACT,1.5,39.5,6.0,13.0,19.922844050068353,21.177852830596596,-7.0,-1.255008780528243,19.0,41.10069688066495,CAR,CAR
2025_07_GB_ARI,2025,7,2025-10-19,ARI,GB,MARKET,-7.0,44.5,23.0,27.0,18.75,25.75,-4.0,-7.0,50.0,44.5,GB,GB
2025_07_GB_ARI,2025,7,2025-10-19,ARI,GB,WFS_CORE,-7.0,44.5,23.0,27.0,19.552927076889564,27.38062790777063,-4.0,-7.827700830881067,50.0,46.93355498466019,GB,GB
2025_07_GB_ARI,2025,7,2025-10-19,ARI,GB,WFS_CORE_IMPACT,-7.0,44.5,23.0,27.0,20.710429188804188,26.256484839753156,-4.0,-5.5460556509489685,50.0,46.96691402855734,GB,GB
2025_07_IND_LAC,2025,7,2025-10-19,LAC,IND,MARKET,2.5,48.5,24.0,38.0,25.5,23.0,-14.0,2.5,62.0,48.5,IND,LAC
2025_07_IND_LAC,2025,7,2025-10-19,LAC,IND,WFS_CORE,2.5,48.5,24.0,38.0,26.863167874305503,25.60063135420289,-14.0,1.2625365201026142,62.0,52.46379922850839,IND,LAC
2025_07_IND_LAC,2025,7,2025-10-19,LAC,IND,WFS_CORE_IMPACT,2.5,48.5,24.0,38.0,26.18182846231304,23.266649438174618,-14.0,2.9151790241384212,62.0,49.44847790048766,IND,LAC
2025_07_LA_JAX,2025,7,2025-10-19,JAX,LA,MARKET,-3.0,44.5,7.0,35.0,20.75,23.75,-28.0,-3.0,42.0,44.5,LA,LA
2025_07_LA_JAX,2025,7,2025-10-19,JAX,LA,WFS_CORE,-3.0,44.5,7.0,35.0,23.085468894532365,25.176853884005745,-28.0,-2.0913849894733794,42.0,48.262322778538106,LA,LA
2025_07_LA_JAX,2025,7,2025-10-19,JAX,LA,WFS_CORE_IMPACT,-3.0,44.5,7.0,35.0,23.92846481919698,23.565072410479917,-28.0,0.36339240871706124,42.0,47.493537229676896,LA,JAX
2025_07_LV_KC,2025,7,2025-10-19,KC,LV,MARKET,13.5,44.5,31.0,0.0,29.0,15.5,31.0,13.5,31.0,44.5,KC,KC
2025_07_LV_KC,2025,7,2025-10-19,KC,LV,WFS_CORE,13.5,44.5,31.0,0.0,31.283081289448447,16.09590068299843,31.0,15.187180606450017,31.0,47.37898197244688,KC,KC
2025_07_LV_KC,2025,7,2025-10-19,KC,LV,WFS_CORE_IMPACT,13.5,44.5,31.0,0.0,29.378023680744608,16.655119993857824,31.0,12.722903686886784,31.0,46.03314367460243,KC,KC
2025_07_MIA_CLE,2025,7,2025-10-19,CLE,MIA,MARKET,2.5,34.5,31.0,6.0,18.5,16.0,25.0,2.5,37.0,34.5,CLE,CLE
2025_07_MIA_CLE,2025,7,2025-10-19,CLE,MIA,WFS_CORE,2.5,34.5,31.0,6.0,19.141690367749582,16.398901396920895,25.0,2.7427889708286877,37.0,35.54059176467048,CLE,CLE
2025_07_MIA_CLE,2025,7,2025-10-19,CLE,MIA,WFS_CORE_IMPACT,2.5,34.5,31.0,6.0,18.710514388437026,19.826118989227812,25.0,-1.1156046007907854,37.0,38.53663337766484,CLE,MIA
2025_07_NE_TEN,2025,7,2025-10-19,TEN,NE,MARKET,-6.5,40.5,13.0,31.0,17.0,23.5,-18.0,-6.5,44.0,40.5,NE,NE
2025_07_NE_TEN,2025,7,2025-10-19,TEN,NE,WFS_CORE,-6.5,40.5,13.0,31.0,17.857624919830588,25.92026323310712,-18.0,-8.062638313276533,44.0,43.777888152937706,NE,NE
2025_07_NE_TEN,2025,7,2025-10-19,TEN,NE,WFS_CORE_IMPACT,-6.5,40.5,13.0,31.0,16.54632681241011,25.847520699866653,-18.0,-9.301193887456542,44.0,42.393847512276764,NE,NE
2025_07_NO_CHI,2025,7,2025-10-19,CHI,NO,MARKET,4.5,43.5,26.0,14.0,24.0,19.5,12.0,4.5,40.0,43.5,CHI,CHI
2025_07_NO_CHI,2025,7,2025-10-19,CHI,NO,WFS_CORE,4.5,43.5,26.0,14.0,24.709169025439312,20.932575830423843,12.0,3.7765931950154688,40.0,45.64174485586315,CHI,CHI
2025_07_NO_CHI,2025,7,2025-10-19,CHI,NO,WFS_CORE_IMPACT,4.5,43.5,26.0,14.0,24.523463623244528,21.310774677317173,12.0,3.212688945927354,40.0,45.8342383005617,CHI,CHI
2025_07_NYG_DEN,2025,7,2025-10-19,DEN,NYG,MARKET,7.5,39.5,33.0,32.0,23.5,16.0,1.0,7.5,65.0,39.5,DEN,DEN
2025_07_NYG_DEN,2025,7,2025-10-19,DEN,NYG,WFS_CORE,7.5,39.5,33.0,32.0,25.224333425374695,19.378360762682156,1.0,5.845972662692539,65.0,44.60269418805685,DEN,DEN
2025_07_NYG_DEN,2025,7,2025-10-19,DEN,NYG,WFS_CORE_IMPACT,7.5,39.5,33.0,32.0,25.7489974808553,19.234169715932698,1.0,6.514827764922604,65.0,44.983167196788,DEN,DEN
2025_07_PHI_MIN,2025,7,2025-10-19,MIN,PHI,MARKET,-2.5,43.5,22.0,28.0,20.5,23.0,-6.0,-2.5,50.0,43.5,PHI,PHI
2025_07_PHI_MIN,2025,7,2025-10-19,MIN,PHI,WFS_CORE,-2.5,43.5,22.0,28.0,22.6778582242659,23.836942675105753,-6.0,-1.1590844508398526,50.0,46.51480089937165,PHI,PHI
2025_07_PHI_MIN,2025,7,2025-10-19,MIN,PHI,WFS_CORE_IMPACT,-2.5,43.5,22.0,28.0,23.416580027980554,24.1784665369865,-6.0,-0.7618865090059472,50.0,47.595046564967056,PHI,PHI
2025_07_WAS_DAL,2025,7,2025-10-19,DAL,WAS,MARKET,1.5,54.5,44.0,22.0,28.0,26.5,22.0,1.5,66.0,54.5,DAL,DAL
2025_07_WAS_DAL,2025,7,2025-10-19,DAL,WAS,WFS_CORE,1.5,54.5,44.0,22.0,27.104848983713804,26.217239294610543,22.0,0.887609689103261,66.0,53.322088278324344,DAL,DAL
2025_07_WAS_DAL,2025,7,2025-10-19,DAL,WAS,WFS_CORE_IMPACT,1.5,54.5,44.0,22.0,27.166295217681675,23.486002208520766,22.0,3.680293009160909,66.0,50.65229742620244,DAL,DAL
2025_07_HOU_SEA,2025,7,2025-10-20,SEA,HOU,MARKET,3.0,41.5,27.0,19.0,22.25,19.25,8.0,3.0,46.0,41.5,SEA,SEA
2025_07_HOU_SEA,2025,7,2025-10-20,SEA,HOU,WFS_CORE,3.0,41.5,27.0,19.0,23.93607993020746,21.52017735901846,8.0,2.4159025711889974,46.0,45.45625728922592,SEA,SEA
2025_07_HOU_SEA,2025,7,2025-10-20,SEA,HOU,WFS_CORE_IMPACT,3.0,41.5,27.0,19.0,24.962317870249866,20.675572923520516,8.0,4.28674494672935,46.0,45.63789079377038,SEA,SEA
2025_07_TB_DET,2025,7,2025-10-20,DET,TB,MARKET,6.0,54.5,24.0,9.0,30.25,24.25,15.0,6.0,33.0,54.5,DET,DET
2025_07_TB_DET,2025,7,2025-10-20,DET,TB,WFS_CORE,6.0,54.5,24.0,9.0,30.77703002605427,24.18373894335851,15.0,6.59329108269576,33.0,54.96076896941278,DET,DET
2025_07_TB_DET,2025,7,2025-10-20,DET,TB,WFS_CORE_IMPACT,6.0,54.5,24.0,9.0,31.447233579192076,22.789479201160503,15.0,8.657754378031573,33.0,54.236712780352576,DET,DET
2025_08_MIN_LAC,2025,8,2025-10-23,LAC,MIN,MARKET,3.0,45.5,37.0,10.0,24.25,21.25,27.0,3.0,47.0,45.5,LAC,LAC
2025_08_MIN_LAC,2025,8,2025-10-23,LAC,MIN,WFS_CORE,3.0,45.5,37.0,10.0,25.951479446948362,22.792287619851788,27.0,3.159191827096574,47.0,48.743767066800146,LAC,LAC
2025_08_MIN_LAC,2025,8,2025-10-23,LAC,MIN,WFS_CORE_IMPACT,3.0,45.5,37.0,10.0,26.230904644366472,22.571590165377202,27.0,3.6593144789892698,47.0,48.80249480974368,LAC,LAC
2025_08_BUF_CAR,2025,8,2025-10-26,CAR,BUF,MARKET,-7.0,47.5,9.0,40.0,20.25,27.25,-31.0,-7.0,49.0,47.5,BUF,BUF
2025_08_BUF_CAR,2025,8,2025-10-26,CAR,BUF,WFS_CORE,-7.0,47.5,9.0,40.0,20.750532799150115,26.62780185934036,-31.0,-5.877269060190244,49.0,47.37833465849047,BUF,BUF
2025_08_BUF_CAR,2025,8,2025-10-26,CAR,BUF,WFS_CORE_IMPACT,-7.0,47.5,9.0,40.0,21.321169317331847,25.53965237566791,-31.0,-4.218483058336062,49.0,46.86082169299976,BUF,BUF
2025_08_CHI_BAL,2025,8,2025-10-26,BAL,CHI,MARKET,2.5,45.5,30.0,16.0,24.0,21.5,14.0,2.5,46.0,45.5,BAL,BAL
2025_08_CHI_BAL,2025,8,2025-10-26,BAL,CHI,WFS_CORE,2.5,45.5,30.0,16.0,24.698336346682368,19.250710080755965,14.0,5.447626265926402,46.0,43.94904642743833,BAL,BAL
2025_08_CHI_BAL,2025,8,2025-10-26,BAL,CHI,WFS_CORE_IMPACT,2.5,45.5,30.0,16.0,24.737465853851017,21.705233859840032,14.0,3.032231994010985,46.0,46.44269971369105,BAL,BAL
2025_08_CLE_NE,2025,8,2025-10-26,NE,CLE,MARKET,7.0,40.5,32.0,13.0,23.75,16.75,19.0,7.0,45.0,40.5,NE,NE
2025_08_CLE_NE,2025,8,2025-10-26,NE,CLE,WFS_CORE,7.0,40.5,32.0,13.0,26.09712027316138,17.965858710835953,19.0,8.131261562325427,45.0,44.06297898399733,NE,NE
2025_08_CLE_NE,2025,8,2025-10-26,NE,CLE,WFS_CORE_IMPACT,7.0,40.5,32.0,13.0,25.626691209810655,18.58761845370591,19.0,7.039072756104744,45.0,44.214309663516566,NE,NE
2025_08_DAL_DEN,2025,8,2025-10-26,DEN,DAL,MARKET,3.5,51.5,44.0,24.0,27.5,24.0,20.0,3.5,68.0,51.5,DEN,DEN
2025_08_DAL_DEN,2025,8,2025-10-26,DEN,DAL,WFS_CORE,3.5,51.5,44.0,24.0,29.474250286928925,25.09216675736036,20.0,4.382083529568565,68.0,54.56641704428928,DEN,DEN
2025_08_DAL_DEN,2025,8,2025-10-26,DEN,DAL,WFS_CORE_IMPACT,3.5,51.5,44.0,24.0,29.53781873863455,24.128842464389933,20.0,5.4089762742446155,68.0,53.66666120302448,DEN,DEN
2025_08_GB_PIT,2025,8,2025-10-26,PIT,GB,MARKET,-3.0,46.5,25.0,35.0,21.75,24.75,-10.0,-3.0,60.0,46.5,GB,GB
2025_08_GB_PIT,2025,8,2025-10-26,PIT,GB,WFS_CORE,-3.0,46.5,25.0,35.0,23.981906612617646,24.469781524676982,-10.0,-0.4878749120593362,60.0,48.451688137294624,GB,GB
2025_08_GB_PIT,2025,8,2025-10-26,PIT,GB,WFS_CORE_IMPACT,-3.0,46.5,25.0,35.0,23.7290365105746,24.15856758661006,-10.0,-0.42953107603546314,60.0,47.88760409718466,GB,GB
2025_08_MIA_ATL,2025,8,2025-10-26,ATL,MIA,MARKET,7.0,44.5,10.0,34.0,25.75,18.75,-24.0,7.0,44.0,44.5,MIA,ATL
2025_08_MIA_ATL,2025,8,2025-10-26,ATL,MIA,WFS_CORE,7.0,44.5,10.0,34.0,27.817958572521405,19.925676897925282,-24.0,7.8922816745961235,44.0,47.74363547044669,MIA,ATL
2025_08_MIA_ATL,2025,8,2025-10-26,ATL,MIA,WFS_CORE_IMPACT,7.0,44.5,10.0,34.0,27.4438629976623,20.80054189048018,-24.0,6.643321107182121,44.0,48.24440488814248,MIA,ATL
2025_08_NYG_PHI,2025,8,2025-10-26,PHI,NYG,MARKET,7.0,43.5,38.0,20.0,25.25,18.25,18.0,7.0,58.0,43.5,PHI,PHI
2025_08_NYG_PHI,2025,8,2025-10-26,PHI,NYG,WFS_CORE,7.0,43.5,38.0,20.0,27.558370111418043,22.268461017513438,18.0,5.289909093904605,58.0,49.82683112893148,PHI,PHI
2025_08_NYG_PHI,2025,8,2025-10-26,PHI,NYG,WFS_CORE_IMPACT,7.0,43.5,38.0,20.0,25.963437936885093,23.34288953358493,18.0,2.6205484033001625,58.0,49.30632747047002,PHI,PHI
2025_08_NYJ_CIN,2025,8,2025-10-26,CIN,NYJ,MARKET,5.5,43.5,38.0,39.0,24.5,19.0,-1.0,5.5,77.0,43.5,NYJ,CIN
2025_08_NYJ_CIN,2025,8,2025-10-26,CIN,NYJ,WFS_CORE,5.5,43.5,38.0,39.0,26.317804045511608,19.139177707900178,-1.0,7.17862633761143,77.0,45.45698175341178,NYJ,CIN
2025_08_NYJ_CIN,2025,8,2025-10-26,CIN,NYJ,WFS_CORE_IMPACT,5.5,43.5,38.0,39.0,29.183271621969958,15.886089790639899,-1.0,13.29718183133006,77.0,45.06936141260986,NYJ,CIN
2025_08_SF_HOU,2025,8,2025-10-26,HOU,SF,MARKET,2.5,41.5,26.0,15.0,22.0,19.5,11.0,2.5,41.0,41.5,HOU,HOU
2025_08_SF_HOU,2025,8,2025-10-26,HOU,SF,WFS_CORE,2.5,41.5,26.0,15.0,23.78925907472898,21.107031690079406,11.0,2.6822273846495754,41.0,44.896290764808384,HOU,HOU
2025_08_SF_HOU,2025,8,2025-10-26,HOU,SF,WFS_CORE_IMPACT,2.5,41.5,26.0,15.0,24.72860578068676,19.876157357825587,11.0,4.852448422861173,41.0,44.60476313851235,HOU,HOU
2025_08_TB_NO,2025,8,2025-10-26,NO,TB,MARKET,-4.5,46.5,3.0,23.0,21.0,25.5,-20.0,-4.5,26.0,46.5,TB,TB
2025_08_TB_NO,2025,8,2025-10-26,NO,TB,WFS_CORE,-4.5,46.5,3.0,23.0,23.12077109269577,27.342182154140225,-20.0,-4.221411061444456,26.0,50.462953246835994,TB,TB
2025_08_TB_NO,2025,8,2025-10-26,NO,TB,WFS_CORE_IMPACT,-4.5,46.5,3.0,23.0,24.76895839896808,23.753793148344137,-20.0,1.0151652506239444,26.0,48.52275154731222,TB,NO
2025_08_TEN_IND,2025,8,2025-10-26,IND,TEN,MARKET,15.5,47.5,38.0,14.0,31.5,16.0,24.0,15.5,52.0,47.5,IND,IND
2025_08_TEN_IND,2025,8,2025-10-26,IND,TEN,WFS_CORE,15.5,47.5,38.0,14.0,38.51838988174627,14.87521691922362,24.0,23.643172962522655,52.0,53.39360680096989,IND,IND
2025_08_TEN_IND,2025,8,2025-10-26,IND,TEN,WFS_CORE_IMPACT,15.5,47.5,38.0,14.0,36.63931208919252,14.643831434869668,24.0,21.995480654322854,52.0,51.28314352406219,IND,IND
2025_08_WAS_KC,2025,8,2025-10-27,KC,WAS,MARKET,10.5,48.5,28.0,7.0,29.5,19.0,21.0,10.5,35.0,48.5,KC,KC
2025_08_WAS_KC,2025,8,2025-10-27,KC,WAS,WFS_CORE,10.5,48.5,28.0,7.0,31.00418066140135,20.265726320886735,21.0,10.738454340514615,35.0,51.269906982288084,KC,KC
2025_08_WAS_KC,2025,8,2025-10-27,KC,WAS,WFS_CORE_IMPACT,10.5,48.5,28.0,7.0,31.7856178142948,18.8569855763909,21.0,12.928632237903898,35.0,50.6426033906857,KC,KC
2025_09_BAL_MIA,2025,9,2025-10-30,MIA,BAL,MARKET,-7.5,51.5,6.0,28.0,22.0,29.5,-22.0,-7.5,34.0,51.5,BAL,BAL
2025_09_BAL_MIA,2025,9,2025-10-30,MIA,BAL,WFS_CORE,-7.5,51.5,6.0,28.0,21.986549569393322,30.594081367361674,-22.0,-8.607531797968353,34.0,52.580630936755,BAL,BAL
2025_09_BAL_MIA,2025,9,2025-10-30,MIA,BAL,WFS_CORE_IMPACT,-7.5,51.5,6.0,28.0,21.134806992095406,29.239171911599602,-22.0,-8.104364919504196,34.0,50.373978903695004,BAL,BAL
2025_09_ATL_NE,2025,9,2025-11-02,NE,ATL,MARKET,5.5,45.5,24.0,23.0,25.5,20.0,1.0,5.5,47.0,45.5,NE,NE
2025_09_ATL_NE,2025,9,2025-11-02,NE,ATL,WFS_CORE,5.5,45.5,24.0,23.0,29.021023958103424,19.281934319481614,1.0,9.73908963862181,47.0,48.302958277585034,NE,NE
2025_09_ATL_NE,2025,9,2025-11-02,NE,ATL,WFS_CORE_IMPACT,5.5,45.5,24.0,23.0,28.109239074049523,20.048013511986333,1.0,8.06122556206319,47.0,48.15725258603585,NE,NE
2025_09_CAR_GB,2025,9,2025-11-02,GB,CAR,MARKET,12.5,43.5,13.0,16.0,28.0,15.5,-3.0,12.5,29.0,43.5,CAR,GB
2025_09_CAR_GB,2025,9,2025-11-02,GB,CAR,WFS_CORE,12.5,43.5,13.0,16.0,30.68324394101306,15.015882799392267,-3.0,15.667361141620793,29.0,45.699126740405326,CAR,GB
2025_09_CAR_GB,2025,9,2025-11-02,GB,CAR,WFS_CORE_IMPACT,12.5,43.5,13.0,16.0,28.86870411691106,16.606409859062826,-3.0,12.262294257848236,29.0,45.47511397597388,CAR,GB
2025_09_CHI_CIN,2025,9,2025-11-02,CIN,CHI,MARKET,-3.0,51.5,42.0,47.0,24.25,27.25,-5.0,-3.0,89.0,51.5,CHI,CHI
2025_09_CHI_CIN,2025,9,2025-11-02,CIN,CHI,WFS_CORE,-3.0,51.5,42.0,47.0,24.993997944146276,26.41825210304391,-5.0,-1.4242541588976323,89.0,51.412250047190184,CHI,CHI
2025_09_CHI_CIN,2025,9,2025-11-02,CIN,CHI,WFS_CORE_IMPACT,-3.0,51.5,42.0,47.0,24.36064555664961,24.935897704941084,-5.0,-0.5752521482914723,89.0,49.2965432615907,CHI,CHI
2025_09_DEN_HOU,2025,9,2025-11-02,HOU,DEN,MARKET,1.5,40.5,15.0,18.0,21.0,19.5,-3.0,1.5,33.0,40.5,DEN,HOU
2025_09_DEN_HOU,2025,9,2025-11-02,HOU,DEN,WFS_CORE,1.5,40.5,15.0,18.0,24.871721152747778,21.859432789694882,-3.0,3.012288363052896,33.0,46.73115394244266,DEN,HOU
2025_09_DEN_HOU,2025,9,2025-11-02,HOU,DEN,WFS_CORE_IMPACT,1.5,40.5,15.0,18.0,26.02380633284023,21.503456872103627,-3.0,4.520349460736604,33.0,47.52726320494386,DEN,HOU
2025_09_IND_PIT,2025,9,2025-11-02,PIT,IND,MARKET,-3.5,51.5,27.0,20.0,24.0,27.5,7.0,-3.5,47.0,51.5,PIT,IND
2025_09_IND_PIT,2025,9,2025-11-02,PIT,IND,WFS_CORE,-3.5,51.5,27.0,20.0,26.684382795620365,28.87424647374703,7.0,-2.189863678126663,47.0,55.558629269367394,PIT,IND
2025_09_IND_PIT,2025,9,2025-11-02,PIT,IND,WFS_CORE_IMPACT,-3.5,51.5,27.0,20.0,25.622376723888713,28.611257485059557,7.0,-2.9888807611708437,47.0,54.233634208948274,PIT,IND
2025_09_JAX_LV,2025,9,2025-11-02,LV,JAX,MARKET,-2.5,43.5,29.0,30.0,20.5,23.0,-1.0,-2.5,59.0,43.5,JAX,JAX
2025_09_JAX_LV,2025,9,2025-11-02,LV,JAX,WFS_CORE,-2.5,43.5,29.0,30.0,20.70550887777284,21.837057260629667,-1.0,-1.1315483828568276,59.0,42.542566138402506,JAX,JAX
2025_09_JAX_LV,2025,9,2025-11-02,LV,JAX,WFS_CORE_IMPACT,-2.5,43.5,29.0,30.0,21.685687305125235,21.371128671616006,-1.0,0.31455863350922897,59.0,43.05681597674124,JAX,LV
2025_09_KC_BUF,2025,9,2025-11-02,BUF,KC,MARKET,-2.5,53.5,28.0,21.0,25.5,28.0,7.0,-2.5,49.0,53.5,BUF,KC
2025_09_KC_BUF,2025,9,2025-11-02,BUF,KC,WFS_CORE,-2.5,53.5,28.0,21.0,28.55549899771623,29.48381345746754,7.0,-0.9283144597513093,49.0,58.039312455183776,BUF,KC
2025_09_KC_BUF,2025,9,2025-11-02,BUF,KC,WFS_CORE_IMPACT,-2.5,53.5,28.0,21.0,27.168044302839526,29.009831241383377,7.0,-1.8417869385438514,49.0,56.1778755442229,BUF,KC
2025_09_LAC_TEN,2025,9,2025-11-02,TEN,LAC,MARKET,-10.0,44.5,20.0,27.0,17.25,27.25,-7.0,-10.0,47.0,44.5,LAC,LAC
2025_09_LAC_TEN,2025,9,2025-11-02,TEN,LAC,WFS_CORE,-10.0,44.5,20.0,27.0,17.552882293191917,29.020531158863456,-7.0,-11.467648865671539,47.0,46.57341345205538,LAC,LAC
2025_09_LAC_TEN,2025,9,2025-11-02,TEN,LAC,WFS_CORE_IMPACT,-10.0,44.5,20.0,27.0,18.17946390643461,29.499872388487564,-7.0,-11.320408482052954,47.0,47.67933629492217,LAC,LAC
2025_09_MIN_DET,2025,9,2025-11-02,DET,MIN,MARKET,9.5,47.5,24.0,27.0,28.5,19.0,-3.0,9.5,51.0,47.5,MIN,DET
2025_09_MIN_DET,2025,9,2025-11-02,DET,MIN,WFS_CORE,9.5,47.5,24.0,27.0,29.633062980999316,17.088099823796252,-3.0,12.544963157203064,51.0,46.72116280479557,MIN,DET
2025_09_MIN_DET,2025,9,2025-11-02,DET,MIN,WFS_CORE_IMPACT,9.5,47.5,24.0,27.0,30.499395883668583,18.915218209226072,-3.0,11.584177674442511,51.0,49.41461409289465,MIN,DET
2025_09_NO_LA,2025,9,2025-11-02,LA,NO,MARKET,14.0,44.5,34.0,10.0,29.25,15.25,24.0,14.0,44.0,44.5,LA,LA
2025_09_NO_LA,2025,9,2025-11-02,LA,NO,WFS_CORE,14.0,44.5,34.0,10.0,35.06783509599766,13.935896293847453,24.0,21.131938802150206,44.0,49.003731389845115,LA,LA
2025_09_NO_LA,2025,9,2025-11-02,LA,NO,WFS_CORE_IMPACT,14.0,44.5,34.0,10.0,31.652659388985903,15.134431864483004,24.0,16.518227524502898,44.0,46.78709125346891,LA,LA
2025_09_SEA_WAS,2025,9,2025-11-02,WAS,SEA,MARKET,-2.5,47.5,14.0,38.0,22.5,25.0,-24.0,-2.5,52.0,47.5,SEA,SEA
2025_09_SEA_WAS,2025,9,2025-11-02,WAS,SEA,WFS_CORE,-2.5,47.5,14.0,38.0,22.448842960336947,25.592779351379047,-24.0,-3.1439363910421,52.0,48.041622311716,SEA,SEA
2025_09_SEA_WAS,2025,9,2025-11-02,WAS,SEA,WFS_CORE_IMPACT,-2.5,47.5,14.0,38.0,22.793253096396406,25.276052702732763,-24.0,-2.482799606336357,52.0,48.06930579912917,SEA,SEA
2025_09_SF_NYG,2025,9,2025-11-02,NYG,SF,MARKET,-2.5,47.5,24.0,34.0,22.5,25.0,-10.0,-2.5,58.0,47.5,SF,SF
2025_09_SF_NYG,2025,9,2025-11-02,NYG,SF,WFS_CORE,-2.5,47.5,24.0,34.0,24.094947115911815,25.689863529369596,-10.0,-1.5949164134577813,58.0,49.78481064528141,SF,SF
2025_09_SF_NYG,2025,9,2025-11-02,NYG,SF,WFS_CORE_IMPACT,-2.5,47.5,24.0,34.0,25.39030982517863,24.017714538921066,-10.0,1.3725952862575639,58.0,49.408024364099695,SF,NYG
2025_09_ARI_DAL,2025,9,2025-11-03,DAL,ARI,MARKET,3.5,53.5,17.0,27.0,28.5,25.0,-10.0,3.5,44.0,53.5,ARI,DAL
2025_09_ARI_DAL,2025,9,2025-11-03,DAL,ARI,WFS_CORE,3.5,53.5,17.0,27.0,26.00017335749561,23.702301007391746,-10.0,2.2978723501038623,44.0,49.70247436488735,ARI,DAL
2025_09_ARI_DAL,2025,9,2025-11-03,DAL,ARI,WFS_CORE_IMPACT,3.5,53.5,17.0,27.0,26.613752919779277,24.483125245480128,-10.0,2.1306276742991486,44.0,51.096878165259405,ARI,DAL
2025_10_LV_DEN,2025,10,2025-11-06,DEN,LV,MARKET,9.5,42.5,10.0,7.0,26.0,16.5,3.0,9.5,17.0,42.5,DEN,DEN
2025_10_LV_DEN,2025,10,2025-11-06,DEN,LV,WFS_CORE,9.5,42.5,10.0,7.0,30.1519155406573,19.92212426663972,3.0,10.229791274017579,17.0,50.07403980729702,DEN,DEN
2025_10_LV_DEN,2025,10,2025-11-06,DEN,LV,WFS_CORE_IMPACT,9.5,42.5,10.0,7.0,28.914766871630547,20.29119809101155,3.0,8.623568780618996,17.0,49.2059649626421,DEN,DEN
2025_10_ARI_SEA,2025,10,2025-11-09,SEA,ARI,MARKET,7.0,44.5,44.0,22.0,25.75,18.75,22.0,7.0,66.0,44.5,SEA,SEA
2025_10_ARI_SEA,2025,10,2025-11-09,SEA,ARI,WFS_CORE,7.0,44.5,44.0,22.0,28.403671251069273,20.49092644769014,22.0,7.912744803379134,66.0,48.89459769875941,SEA,SEA
2025_10_ARI_SEA,2025,10,2025-11-09,SEA,ARI,WFS_CORE_IMPACT,7.0,44.5,44.0,22.0,28.451932728229526,21.58619279926709,22.0,6.865739928962437,66.0,50.03812552749662,SEA,SEA
2025_10_ATL_IND,2025,10,2025-11-09,IND,ATL,MARKET,6.5,48.5,31.0,25.0,27.5,21.0,6.0,6.5,56.0,48.5,IND,IND
2025_10_ATL_IND,2025,10,2025-11-09,IND,ATL,WFS_CORE,6.5,48.5,31.0,25.0,31.591310851941536,22.90912165993641,6.0,8.682189192005126,56.0,54.500432511877946,IND,IND
2025_10_ATL_IND,2025,10,2025-11-09,IND,ATL,WFS_CORE_IMPACT,6.5,48.5,31.0,25.0,29.780235388234246,22.704002046836354,6.0,7.0762333413978915,56.0,52.4842374350706,IND,IND
2025_10_BAL_MIN,2025,10,2025-11-09,MIN,BAL,MARKET,-4.5,48.5,19.0,27.0,22.0,26.5,-8.0,-4.5,46.0,48.5,BAL,BAL
2025_10_BAL_MIN,2025,10,2025-11-09,MIN,BAL,WFS_CORE,-4.5,48.5,19.0,27.0,21.361175864839122,27.315465468642454,-8.0,-5.954289603803332,46.0,48.67664133348158,BAL,BAL
2025_10_BAL_MIN,2025,10,2025-11-09,MIN,BAL,WFS_CORE_IMPACT,-4.5,48.5,19.0,27.0,21.318833904999387,26.952796409910846,-8.0,-5.633962504911459,46.0,48.27163031491023,BAL,BAL
2025_10_BUF_MIA,2025,10,2025-11-09,MIA,BUF,MARKET,-8.5,50.5,30.0,13.0,21.0,29.5,17.0,-8.5,43.0,50.5,MIA,BUF
2025_10_BUF_MIA,2025,10,2025-11-09,MIA,BUF,WFS_CORE,-8.5,50.5,30.0,13.0,21.682228243292442,30.579388759123812,17.0,-8.89716051583137,43.0,52.26161700241626,MIA,BUF
2025_10_BUF_MIA,2025,10,2025-11-09,MIA,BUF,WFS_CORE_IMPACT,-8.5,50.5,30.0,13.0,21.693494501870504,29.513687623638376,17.0,-7.820193121767872,43.0,51.20718212550888,MIA,BUF
2025_10_CLE_NYJ,2025,10,2025-11-09,NYJ,CLE,MARKET,-1.5,37.5,27.0,20.0,18.0,19.5,7.0,-1.5,47.0,37.5,NYJ,CLE
2025_10_CLE_NYJ,2025,10,2025-11-09,NYJ,CLE,WFS_CORE,-1.5,37.5,27.0,20.0,18.796284133975426,19.324164592267646,7.0,-0.5278804582922199,47.0,38.12044872624307,NYJ,CLE
2025_10_CLE_NYJ,2025,10,2025-11-09,NYJ,CLE,WFS_CORE_IMPACT,-1.5,37.5,27.0,20.0,19.828139318440698,18.610705218084227,7.0,1.2174341003564706,47.0,38.438844536524925,NYJ,NYJ
2025_10_DET_WAS,2025,10,2025-11-09,WAS,DET,MARKET,-8.5,49.5,22.0,44.0,20.5,29.0,-22.0,-8.5,66.0,49.5,DET,DET
2025_10_DET_WAS,2025,10,2025-11-09,WAS,DET,WFS_CORE,-8.5,49.5,22.0,44.0,21.30540351844752,28.37077053218753,-22.0,-7.065367013740012,66.0,49.676174050635055,DET,DET
2025_10_DET_WAS,2025,10,2025-11-09,WAS,DET,WFS_CORE_IMPACT,-8.5,49.5,22.0,44.0,20.113348474995078,29.467498314687656,-22.0,-9.354149839692578,66.0,49.58084678968274,DET,DET
2025_10_JAX_HOU,2025,10,2025-11-09,HOU,JAX,MARKET,-1.5,37.5,36.0,29.0,18.0,19.5,7.0,-1.5,65.0,37.5,HOU,JAX
2025_10_JAX_HOU,2025,10,2025-11-09,HOU,JAX,WFS_CORE,-1.5,37.5,36.0,29.0,21.340574345042693,21.39280578834554,7.0,-0.05223144330284768,65.0,42.73338013338824,HOU,JAX
2025_10_JAX_HOU,2025,10,2025-11-09,HOU,JAX,WFS_CORE_IMPACT,-1.5,37.5,36.0,29.0,22.891820228640075,22.086600631185703,7.0,0.8052195974543714,65.0,44.978420859825775,HOU,HOU
2025_10_LA_SF,2025,10,2025-11-09,SF,LA,MARKET,-5.5,49.5,26.0,42.0,22.0,27.5,-16.0,-5.5,68.0,49.5,LA,LA
2025_10_LA_SF,2025,10,2025-11-09,SF,LA,WFS_CORE,-5.5,49.5,26.0,42.0,24.648338627196182,28.97945982800641,-16.0,-4.331121200810227,68.0,53.627798455202594,LA,LA
2025_10_LA_SF,2025,10,2025-11-09,SF,LA,WFS_CORE_IMPACT,-5.5,49.5,26.0,42.0,22.855806624958856,29.298540678333268,-16.0,-6.442734053374412,68.0,52.15434730329213,LA,LA
2025_10_NE_TB,2025,10,2025-11-09,TB,NE,MARKET,2.5,48.5,23.0,28.0,25.5,23.0,-5.0,2.5,51.0,48.5,NE,TB
2025_10_NE_TB,2025,10,2025-11-09,TB,NE,WFS_CORE,2.5,48.5,23.0,28.0,25.96968237484267,24.11881071016928,-5.0,1.850871664673388,51.0,50.08849308501195,NE,TB
2025_10_NE_TB,2025,10,2025-11-09,TB,NE,WFS_CORE_IMPACT,2.5,48.5,23.0,28.0,22.796043351806464,26.901281892306837,-5.0,-4.105238540500373,51.0,49.6973252441133,NE,NE
2025_10_NO_CAR,2025,10,2025-11-09,CAR,NO,MARKET,5.5,38.5,7.0,17.0,22.0,16.5,-10.0,5.5,24.0,38.5,NO,CAR
2025_10_NO_CAR,2025,10,2025-11-09,CAR,NO,WFS_CORE,5.5,38.5,7.0,17.0,24.58350826822535,16.72027803822455,-10.0,7.863230230000802,24.0,41.3037863064499,NO,CAR
2025_10_NO_CAR,2025,10,2025-11-09,CAR,NO,WFS_CORE_IMPACT,5.5,38.5,7.0,17.0,23.222557176295112,15.886971486919757,-10.0,7.335585689375355,24.0,39.10952866321487,NO,CAR
2025_10_NYG_CHI,2025,10,2025-11-09,CHI,NYG,MARKET,4.5,45.5,24.0,20.0,25.0,20.5,4.0,4.5,44.0,45.5,CHI,CHI
2025_10_NYG_CHI,2025,10,2025-11-09,CHI,NYG,WFS_CORE,4.5,45.5,24.0,20.0,26.05437878098358,19.305605339502772,4.0,6.748773441480807,44.0,45.35998412048635,CHI,CHI
2025_10_NYG_CHI,2025,10,2025-11-09,CHI,NYG,WFS_CORE_IMPACT,4.5,45.5,24.0,20.0,26.727104936061874,20.18249076798441,4.0,6.544614168077462,44.0,46.90959570404628,CHI,CHI
2025_10_PIT_LAC,2025,10,2025-11-09,LAC,PIT,MARKET,3.0,45.5,25.0,10.0,24.25,21.25,15.0,3.0,35.0,45.5,LAC,LAC
2025_10_PIT_LAC,2025,10,2025-11-09,LAC,PIT,WFS_CORE,3.0,45.5,25.0,10.0,25.88325622659711,24.091748600896498,15.0,1.7915076257006106,35.0,49.975004827493606,LAC,LAC
2025_10_PIT_LAC,2025,10,2025-11-09,LAC,PIT,WFS_CORE_IMPACT,3.0,45.5,25.0,10.0,24.940108367573806,22.931391978619505,15.0,2.0087163889543014,35.0,47.871500346193315,LAC,LAC
2025_10_PHI_GB,2025,10,2025-11-10,GB,PHI,MARKET,1.5,45.5,7.0,10.0,23.5,22.0,-3.0,1.5,17.0,45.5,PHI,GB
2025_10_PHI_GB,2025,10,2025-11-10,GB,PHI,WFS_CORE,1.5,45.5,7.0,10.0,22.08924862854569,23.872350469331238,-3.0,-1.7831018407855481,17.0,45.96159909787693,PHI,PHI
2025_10_PHI_GB,2025,10,2025-11-10,GB,PHI,WFS_CORE_IMPACT,1.5,45.5,7.0,10.0,23.321765496393734,24.16080660722833,-3.0,-0.8390411108345965,17.0,47.48257210362206,PHI,PHI
2025_11_NYJ_NE,2025,11,2025-11-13,NE,NYJ,MARKET,12.5,43.5,27.0,14.0,28.0,15.5,13.0,12.5,41.0,43.5,NE,NE
2025_11_NYJ_NE,2025,11,2025-11-13,NE,NYJ,WFS_CORE,12.5,43.5,27.0,14.0,30.930504287014106,15.496425117400602,13.0,15.434079169613504,41.0,46.42692940441471,NE,NE
2025_11_NYJ_NE,2025,11,2025-11-13,NE,NYJ,WFS_CORE_IMPACT,12.5,43.5,27.0,14.0,29.026752505279845,17.654395588041922,13.0,11.372356917237923,41.0,46.68114809332177,NE,NE
2025_11_BAL_CLE,2025,11,2025-11-16,CLE,BAL,MARKET,-7.5,37.5,16.0,23.0,15.0,22.5,-7.0,-7.5,39.0,37.5,BAL,BAL
2025_11_BAL_CLE,2025,11,2025-11-16,CLE,BAL,WFS_CORE,-7.5,37.5,16.0,23.0,15.163835095640462,24.946102887534387,-7.0,-9.782267791893926,39.0,40.109937983174845,BAL,BAL
2025_11_BAL_CLE,2025,11,2025-11-16,CLE,BAL,WFS_CORE_IMPACT,-7.5,37.5,16.0,23.0,18.47493227566988,24.30869987393072,-7.0,-5.833767598260842,39.0,42.7836321496006,BAL,BAL
2025_11_CAR_ATL,2025,11,2025-11-16,ATL,CAR,MARKET,4.5,42.5,27.0,30.0,23.5,19.0,-3.0,4.5,57.0,42.5,CAR,ATL
2025_11_CAR_ATL,2025,11,2025-11-16,ATL,CAR,WFS_CORE,4.5,42.5,27.0,30.0,24.027694587911185,19.265577380754717,-3.0,4.762117207156468,57.0,43.293271968665906,CAR,ATL
2025_11_CAR_ATL,2025,11,2025-11-16,ATL,CAR,WFS_CORE_IMPACT,4.5,42.5,27.0,30.0,23.900362755490757,19.6121142559683,-3.0,4.288248499522457,57.0,43.512477011459055,CAR,ATL
2025_11_CHI_MIN,2025,11,2025-11-16,MIN,CHI,MARKET,3.0,47.5,17.0,19.0,25.25,22.25,-2.0,3.0,36.0,47.5,CHI,MIN
2025_11_CHI_MIN,2025,11,2025-11-16,MIN,CHI,WFS_CORE,3.0,47.5,17.0,19.0,26.868685636651154,22.94924909889362,-2.0,3.9194365377575338,36.0,49.817934735544775,CHI,MIN
2025_11_CHI_MIN,2025,11,2025-11-16,MIN,CHI,WFS_CORE_IMPACT,3.0,47.5,17.0,19.0,25.822928320451688,23.540286722790956,-2.0,2.2826415976607315,36.0,49.36321504324265,CHI,MIN
2025_11_CIN_PIT,2025,11,2025-11-16,PIT,CIN,MARKET,5.5,48.5,34.0,12.0,27.0,21.5,22.0,5.5,46.0,48.5,PIT,PIT
2025_11_CIN_PIT,2025,11,2025-11-16,PIT,CIN,WFS_CORE,5.5,48.5,34.0,12.0,25.08739847330493,19.568732509759744,22.0,5.518665963545185,46.0,44.65613098306467,PIT,PIT
2025_11_CIN_PIT,2025,11,2025-11-16,PIT,CIN,WFS_CORE_IMPACT,5.5,48.5,34.0,12.0,27.078958835601778,21.08869718623807,22.0,5.99026164936371,46.0,48.167656021839846,PIT,PIT
2025_11_DET_PHI,2025,11,2025-11-16,PHI,DET,MARKET,2.5,46.5,16.0,9.0,24.5,22.0,7.0,2.5,25.0,46.5,PHI,PHI
2025_11_DET_PHI,2025,11,2025-11-16,PHI,DET,WFS_CORE,2.5,46.5,16.0,9.0,26.896960130598192,22.257068400313063,7.0,4.639891730285129,25.0,49.154028530911255,PHI,PHI
2025_11_DET_PHI,2025,11,2025-11-16,PHI,DET,WFS_CORE_IMPACT,2.5,46.5,16.0,9.0,29.738081977488847,20.9878366194981,7.0,8.750245357990746,25.0,50.72591859698694,PHI,PHI
2025_11_GB_NYG,2025,11,2025-11-16,NYG,GB,MARKET,-7.5,41.5,20.0,27.0,17.0,24.5,-7.0,-7.5,47.0,41.5,GB,GB
2025_11_GB_NYG,2025,11,2025-11-16,NYG,GB,WFS_CORE,-7.5,41.5,20.0,27.0,18.51637709344683,25.081351122447767,-7.0,-6.564974029000936,47.0,43.5977282158946,GB,GB
2025_11_GB_NYG,2025,11,2025-11-16,NYG,GB,WFS_CORE_IMPACT,-7.5,41.5,20.0,27.0,16.46054504706707,28.246442186111693,-7.0,-11.785897139044625,47.0,44.706987233178765,GB,GB
2025_11_HOU_TEN,2025,11,2025-11-16,TEN,HOU,MARKET,-5.5,37.5,13.0,16.0,16.0,21.5,-3.0,-5.5,29.0,37.5,HOU,HOU
2025_11_HOU_TEN,2025,11,2025-11-16,TEN,HOU,WFS_CORE,-5.5,37.5,13.0,16.0,16.604903687405145,20.860758159137013,-3.0,-4.255854471731869,29.0,37.46566184654216,HOU,HOU
2025_11_HOU_TEN,2025,11,2025-11-16,TEN,HOU,WFS_CORE_IMPACT,-5.5,37.5,13.0,16.0,20.5963534303136,21.84727978899461,-3.0,-1.25092635868101,29.0,42.44363321930821,HOU,HOU
2025_11_KC_DEN,2025,11,2025-11-16,DEN,KC,MARKET,-3.5,44.5,22.0,19.0,20.5,24.0,3.0,-3.5,41.0,44.5,DEN,KC
2025_11_KC_DEN,2025,11,2025-11-16,DEN,KC,WFS_CORE,-3.5,44.5,22.0,19.0,22.948395746397257,26.442742802676168,3.0,-3.4943470562789116,41.0,49.391138549073425,DEN,KC
2025_11_KC_DEN,2025,11,2025-11-16,DEN,KC,WFS_CORE_IMPACT,-3.5,44.5,22.0,19.0,23.056020168740275,28.377520019121096,3.0,-5.321499850380821,41.0,51.43354018786137,DEN,KC
2025_11_LAC_JAX,2025,11,2025-11-16,JAX,LAC,MARKET,-3.0,43.5,35.0,6.0,20.25,23.25,29.0,-3.0,41.0,43.5,JAX,LAC
2025_11_LAC_JAX,2025,11,2025-11-16,JAX,LAC,WFS_CORE,-3.0,43.5,35.0,6.0,21.451540804054062,24.204999605950828,29.0,-2.753458801896766,41.0,45.656540410004894,JAX,LAC
2025_11_LAC_JAX,2025,11,2025-11-16,JAX,LAC,WFS_CORE_IMPACT,-3.0,43.5,35.0,6.0,19.544223777294764,26.72916202197539,29.0,-7.184938244680627,41.0,46.27338579927016,JAX,LAC
2025_11_SEA_LA,2025,11,2025-11-16,LA,SEA,MARKET,3.0,49.5,21.0,19.0,26.25,23.25,2.0,3.0,40.0,49.5,LA,LA
2025_11_SEA_LA,2025,11,2025-11-16,LA,SEA,WFS_CORE,3.0,49.5,21.0,19.0,28.074498787124362,23.07761074866623,2.0,4.996888038458131,40.0,51.15210953579059,LA,LA
2025_11_SEA_LA,2025,11,2025-11-16,LA,SEA,WFS_CORE_IMPACT,3.0,49.5,21.0,19.0,27.589246415722894,22.23430421790205,2.0,5.354942197820844,40.0,49.82355063362495,LA,LA
2025_11_SF_ARI,2025,11,2025-11-16,ARI,SF,MARKET,-3.5,48.5,22.0,41.0,22.5,26.0,-19.0,-3.5,63.0,48.5,SF,SF
2025_11_SF_ARI,2025,11,2025-11-16,ARI,SF,WFS_CORE,-3.5,48.5,22.0,41.0,23.014277950853263,27.105628818388546,-19.0,-4.091350867535283,63.0,50.11990676924181,SF,SF
2025_11_SF_ARI,2025,11,2025-11-16,ARI,SF,WFS_CORE_IMPACT,-3.5,48.5,22.0,41.0,20.3652756565805,28.540074870981726,-19.0,-8.174799214401226,63.0,48.90535052756223,SF,SF
2025_11_TB_BUF,2025,11,2025-11-16,BUF,TB,MARKET,6.0,46.5,44.0,32.0,26.25,20.25,12.0,6.0,76.0,46.5,BUF,BUF
2025_11_TB_BUF,2025,11,2025-11-16,BUF,TB,WFS_CORE,6.0,46.5,44.0,32.0,27.905724438973984,21.034757320285173,12.0,6.87096711868881,76.0,48.94048175925916,BUF,BUF
2025_11_TB_BUF,2025,11,2025-11-16,BUF,TB,WFS_CORE_IMPACT,6.0,46.5,44.0,32.0,29.150093185130984,19.73989714588978,12.0,9.410196039241203,76.0,48.88999033102077,BUF,BUF
2025_11_WAS_MIA,2025,11,2025-11-16,MIA,WAS,MARKET,2.5,47.5,16.0,13.0,25.0,22.5,3.0,2.5,29.0,47.5,MIA,MIA
2025_11_WAS_MIA,2025,11,2025-11-16,MIA,WAS,WFS_CORE,2.5,47.5,16.0,13.0,25.793225511513135,21.83170805258682,3.0,3.9615174589263162,29.0,47.624933564099955,MIA,MIA
2025_11_WAS_MIA,2025,11,2025-11-16,MIA,WAS,WFS_CORE_IMPACT,2.5,47.5,16.0,13.0,28.718762899904092,18.5747463473337,3.0,10.144016552570392,29.0,47.29350924723779,MIA,MIA
2025_11_DAL_LV,2025,11,2025-11-17,LV,DAL,MARKET,-3.5,48.5,16.0,33.0,22.5,26.0,-17.0,-3.5,49.0,48.5,DAL,DAL
2025_11_DAL_LV,2025,11,2025-11-17,LV,DAL,WFS_CORE,-3.5,48.5,16.0,33.0,21.70586996137683,25.21793182486964,-17.0,-3.5120618634928107,49.0,46.92380178624647,DAL,DAL
2025_11_DAL_LV,2025,11,2025-11-17,LV,DAL,WFS_CORE_IMPACT,-3.5,48.5,16.0,33.0,20.386337559157475,26.58191834982019,-17.0,-6.195580790662714,49.0,46.96825590897767,DAL,DAL
2025_12_BUF_HOU,2025,12,2025-11-20,HOU,BUF,MARKET,-5.5,43.5,23.0,19.0,19.0,24.5,4.0,-5.5,42.0,43.5,HOU,BUF
2025_12_BUF_HOU,2025,12,2025-11-20,HOU,BUF,WFS_CORE,-5.5,43.5,23.0,19.0,22.4049752730656,27.76128633450385,4.0,-5.356311061438252,42.0,50.16626160756945,HOU,BUF
2025_12_BUF_HOU,2025,12,2025-11-20,HOU,BUF,WFS_CORE_IMPACT,-5.5,43.5,23.0,19.0,22.492548489046527,28.204520982509226,4.0,-5.711972493462699,42.0,50.69706947155575,HOU,BUF
2025_12_ATL_NO,2025,12,2025-11-23,NO,ATL,MARKET,1.5,41.5,10.0,24.0,21.5,20.0,-14.0,1.5,34.0,41.5,ATL,NO
2025_12_ATL_NO,2025,12,2025-11-23,NO,ATL,WFS_CORE,1.5,41.5,10.0,24.0,21.28426825676558,20.792508926422983,-14.0,0.491759330342596,34.0,42.07677718318856,ATL,NO
2025_12_ATL_NO,2025,12,2025-11-23,NO,ATL,WFS_CORE_IMPACT,1.5,41.5,10.0,24.0,21.446487209309534,19.03023045846529,-14.0,2.4162567508442443,34.0,40.47671766777482,ATL,NO
2025_12_CLE_LV,2025,12,2025-11-23,LV,CLE,MARKET,3.0,35.5,10.0,24.0,19.25,16.25,-14.0,3.0,34.0,35.5,CLE,LV
2025_12_CLE_LV,2025,12,2025-11-23,LV,CLE,WFS_CORE,3.0,35.5,10.0,24.0,21.00540929580564,18.398130838228294,-14.0,2.6072784575773476,34.0,39.40354013403393,CLE,LV
2025_12_CLE_LV,2025,12,2025-11-23,LV,CLE,WFS_CORE_IMPACT,3.0,35.5,10.0,24.0,23.441010884112117,17.704591873240236,-14.0,5.736419010871881,34.0,41.14560275735235,CLE,LV
2025_12_IND_KC,2025,12,2025-11-23,KC,IND,MARKET,3.5,50.5,23.0,20.0,27.0,23.5,3.0,3.5,43.0,50.5,KC,KC
2025_12_IND_KC,2025,12,2025-11-23,KC,IND,WFS_CORE,3.5,50.5,23.0,20.0,29.35091211606836,25.824146761047892,3.0,3.526765355020469,43.0,55.17505887711626,KC,KC
2025_12_IND_KC,2025,12,2025-11-23,KC,IND,WFS_CORE_IMPACT,3.5,50.5,23.0,20.0,27.856902116126186,25.989032029539782,3.0,1.8678700865864037,43.0,53.845934145665964,KC,KC
2025_12_JAX_ARI,2025,12,2025-11-23,ARI,JAX,MARKET,-2.5,47.5,24.0,27.0,22.5,25.0,-3.0,-2.5,51.0,47.5,JAX,JAX
2025_12_JAX_ARI,2025,12,2025-11-23,ARI,JAX,WFS_CORE,-2.5,47.5,24.0,27.0,22.29354582594136,26.40123200986368,-3.0,-4.107686183922318,51.0,48.69477783580504,JAX,JAX
2025_12_JAX_ARI,2025,12,2025-11-23,ARI,JAX,WFS_CORE_IMPACT,-2.5,47.5,24.0,27.0,22.086512137351146,25.11100229417971,-3.0,-3.0244901568285627,51.0,47.197514431530855,JAX,JAX
2025_12_MIN_GB,2025,12,2025-11-23,GB,MIN,MARKET,6.5,41.5,23.0,6.0,24.0,17.5,17.0,6.5,29.0,41.5,GB,GB
2025_12_MIN_GB,2025,12,2025-11-23,GB,MIN,WFS_CORE,6.5,41.5,23.0,6.0,25.310238302802052,19.732234269832656,17.0,5.578004032969396,29.0,45.04247257263471,GB,GB
2025_12_MIN_GB,2025,12,2025-11-23,GB,MIN,WFS_CORE_IMPACT,6.5,41.5,23.0,6.0,23.669004546298392,21.07932404607534,17.0,2.5896805002230536,29.0,44.74832859237373,GB,GB
2025_12_NE_CIN,2025,12,2025-11-23,CIN,NE,MARKET,-7.5,50.5,20.0,26.0,21.5,29.0,-6.0,-7.5,46.0,50.5,NE,NE
2025_12_NE_CIN,2025,12,2025-11-23,CIN,NE,WFS_CORE,-7.5,50.5,20.0,26.0,20.98041008257731,28.91747595557596,-6.0,-7.937065872998648,46.0,49.897886038153274,NE,NE
2025_12_NE_CIN,2025,12,2025-11-23,CIN,NE,WFS_CORE_IMPACT,-7.5,50.5,20.0,26.0,21.376571238648673,29.70707728266125,-6.0,-8.330506044012576,46.0,51.083648521309925,NE,NE
2025_12_NYG_DET,2025,12,2025-11-23,DET,NYG,MARKET,14.0,50.5,34.0,27.0,32.25,18.25,7.0,14.0,61.0,50.5,DET,DET
2025_12_NYG_DET,2025,12,2025-11-23,DET,NYG,WFS_CORE,14.0,50.5,34.0,27.0,34.54248677173016,19.13503212133946,7.0,15.4074546503907,61.0,53.67751889306962,DET,DET
2025_12_NYG_DET,2025,12,2025-11-23,DET,NYG,WFS_CORE_IMPACT,14.0,50.5,34.0,27.0,35.075382067193914,19.11116167596521,7.0,15.964220391228704,61.0,54.18654374315912,DET,DET
2025_12_NYJ_BAL,2025,12,2025-11-23,BAL,NYJ,MARKET,14.0,44.5,23.0,10.0,29.25,15.25,13.0,14.0,33.0,44.5,BAL,BAL
2025_12_NYJ_BAL,2025,12,2025-11-23,BAL,NYJ,WFS_CORE,14.0,44.5,23.0,10.0,31.450807709857955,15.038588138835149,13.0,16.412219571022806,33.0,46.48939584869311,BAL,BAL
2025_12_NYJ_BAL,2025,12,2025-11-23,BAL,NYJ,WFS_CORE_IMPACT,14.0,44.5,23.0,10.0,28.386338797397272,16.50220603258402,13.0,11.884132764813252,33.0,44.88854482998129,BAL,BAL
2025_12_PHI_DAL,2025,12,2025-11-23,DAL,PHI,MARKET,-3.0,47.5,24.0,21.0,22.25,25.25,3.0,-3.0,45.0,47.5,DAL,PHI
2025_12_PHI_DAL,2025,12,2025-11-23,DAL,PHI,WFS_CORE,-3.0,47.5,24.0,21.0,21.845404772619084,27.159219971999025,3.0,-5.313815199379942,45.0,49.00462474461811,DAL,PHI
2025_12_PHI_DAL,2025,12,2025-11-23,DAL,PHI,WFS_CORE_IMPACT,-3.0,47.5,24.0,21.0,22.134306090026783,25.635597314482137,3.0,-3.501291224455354,45.0,47.76990340450892,DAL,PHI
2025_12_PIT_CHI,2025,12,2025-11-23,CHI,PIT,MARKET,3.0,46.5,31.0,28.0,24.75,21.75,3.0,3.0,59.0,46.5,CHI,CHI
2025_12_PIT_CHI,2025,12,2025-11-23,CHI,PIT,WFS_CORE,3.0,46.5,31.0,28.0,26.846938013959992,23.664333747929717,3.0,3.1826042660302747,59.0,50.51127176188971,CHI,CHI
2025_12_PIT_CHI,2025,12,2025-11-23,CHI,PIT,WFS_CORE_IMPACT,3.0,46.5,31.0,28.0,27.052707950518396,23.422846907749406,3.0,3.62986104276899,59.0,50.4755548582678,CHI,CHI
2025_12_SEA_TEN,2025,12,2025-11-23,TEN,SEA,MARKET,-12.5,41.5,24.0,30.0,14.5,27.0,-6.0,-12.5,54.0,41.5,SEA,SEA
2025_12_SEA_TEN,2025,12,2025-11-23,TEN,SEA,WFS_CORE,-12.5,41.5,24.0,30.0,14.554832490922724,27.75383942286408,-6.0,-13.199006931941355,54.0,42.3086719137868,SEA,SEA
2025_12_SEA_TEN,2025,12,2025-11-23,TEN,SEA,WFS_CORE_IMPACT,-12.5,41.5,24.0,30.0,15.235836992074804,28.528090030768517,-6.0,-13.292253038693714,54.0,43.76392702284332,SEA,SEA
2025_12_TB_LA,2025,12,2025-11-23,LA,TB,MARKET,7.0,49.5,34.0,7.0,28.25,21.25,27.0,7.0,41.0,49.5,LA,LA
2025_12_TB_LA,2025,12,2025-11-23,LA,TB,WFS_CORE,7.0,49.5,34.0,7.0,28.7897823430135,21.63183023528122,27.0,7.157952107732278,41.0,50.42161257829472,LA,LA
2025_12_TB_LA,2025,12,2025-11-23,LA,TB,WFS_CORE_IMPACT,7.0,49.5,34.0,7.0,30.162029165698474,20.529599696384565,27.0,9.632429469313909,41.0,50.691628862083036,LA,LA
2025_12_CAR_SF,2025,12,2025-11-24,SF,CAR,MARKET,7.5,48.5,20.0,9.0,28.0,20.5,11.0,7.5,29.0,48.5,SF,SF
2025_12_CAR_SF,2025,12,2025-11-24,SF,CAR,WFS_CORE,7.5,48.5,20.0,9.0,31.00009877634223,20.846156785812312,11.0,10.153941990529919,29.0,51.84625556215454,SF,SF
2025_12_CAR_SF,2025,12,2025-11-24,SF,CAR,WFS_CORE_IMPACT,7.5,48.5,20.0,9.0,30.10078053386981,21.125867618744994,11.0,8.974912915124815,29.0,51.2266481526148,SF,SF
2025_13_CIN_BAL,2025,13,2025-11-27,BAL,CIN,MARKET,7.0,52.5,14.0,32.0,29.75,22.75,-18.0,7.0,46.0,52.5,CIN,BAL
2025_13_CIN_BAL,2025,13,2025-11-27,BAL,CIN,WFS_CORE,7.0,52.5,14.0,32.0,30.815968264939077,21.165774356822162,-18.0,9.650193908116915,46.0,51.98174262176124,CIN,BAL
2025_13_CIN_BAL,2025,13,2025-11-27,BAL,CIN,WFS_CORE_IMPACT,7.0,52.5,14.0,32.0,30.996467978554474,20.263311348793053,-18.0,10.733156629761421,46.0,51.25977932734753,CIN,BAL
2025_13_GB_DET,2025,13,2025-11-27,DET,GB,MARKET,2.5,48.5,24.0,31.0,25.5,23.0,-7.0,2.5,55.0,48.5,GB,DET
2025_13_GB_DET,2025,13,2025-11-27,DET,GB,WFS_CORE,2.5,48.5,24.0,31.0,29.368136403943268,25.013391894198826,-7.0,4.354744509744442,55.0,54.38152829814209,GB,DET
2025_13_GB_DET,2025,13,2025-11-27,DET,GB,WFS_CORE_IMPACT,2.5,48.5,24.0,31.0,27.304676972364536,25.778760787013926,-7.0,1.52591618535061,55.0,53.08343775937846,GB,DET
2025_13_KC_DAL,2025,13,2025-11-27,DAL,KC,MARKET,-3.5,53.5,31.0,28.0,25.0,28.5,3.0,-3.5,59.0,53.5,DAL,KC
2025_13_KC_DAL,2025,13,2025-11-27,DAL,KC,WFS_CORE,-3.5,53.5,31.0,28.0,28.18720498851576,30.791328043166278,3.0,-2.6041230546505183,59.0,58.97853303168203,DAL,KC
2025_13_KC_DAL,2025,13,2025-11-27,DAL,KC,WFS_CORE_IMPACT,-3.5,53.5,31.0,28.0,27.470270213572054,27.80609950468764,3.0,-0.3358292911155871,59.0,55.276369718259694,DAL,KC
2025_13_CHI_PHI,2025,13,2025-11-28,PHI,CHI,MARKET,7.0,43.5,15.0,24.0,25.25,18.25,-9.0,7.0,39.0,43.5,CHI,PHI
2025_13_CHI_PHI,2025,13,2025-11-28,PHI,CHI,WFS_CORE,7.0,43.5,15.0,24.0,29.102490636734736,18.476675324678624,-9.0,10.625815312056112,39.0,47.57916596141336,CHI,PHI
2025_13_CHI_PHI,2025,13,2025-11-28,PHI,CHI,WFS_CORE_IMPACT,7.0,43.5,15.0,24.0,27.396501878856714,18.773439038815173,-9.0,8.623062840041541,39.0,46.16994091767189,CHI,PHI
2025_13_ARI_TB,2025,13,2025-11-30,TB,ARI,MARKET,4.5,44.5,20.0,17.0,24.5,20.0,3.0,4.5,37.0,44.5,TB,TB
2025_13_ARI_TB,2025,13,2025-11-30,TB,ARI,WFS_CORE,4.5,44.5,20.0,17.0,27.44313232273259,18.681339189465685,3.0,8.761793133266906,37.0,46.12447151219828,TB,TB
2025_13_ARI_TB,2025,13,2025-11-30,TB,ARI,WFS_CORE_IMPACT,4.5,44.5,20.0,17.0,27.34340829020523,18.874179279786684,3.0,8.469229010418545,37.0,46.21758756999191,TB,TB
2025_13_ATL_NYJ,2025,13,2025-11-30,NYJ,ATL,MARKET,-3.0,38.5,27.0,24.0,17.75,20.75,3.0,-3.0,51.0,38.5,NYJ,ATL
2025_13_ATL_NYJ,2025,13,2025-11-30,NYJ,ATL,WFS_CORE,-3.0,38.5,27.0,24.0,17.03317191187922,20.547598949334226,3.0,-3.5144270374550075,51.0,37.580770861213445,NYJ,ATL
2025_13_ATL_NYJ,2025,13,2025-11-30,NYJ,ATL,WFS_CORE_IMPACT,-3.0,38.5,27.0,24.0,19.147102773529785,18.140326833852953,3.0,1.0067759396768317,51.0,37.287429607382734,NYJ,NYJ
2025_13_BUF_PIT,2025,13,2025-11-30,PIT,BUF,MARKET,-3.0,44.5,7.0,26.0,20.75,23.75,-19.0,-3.0,33.0,44.5,BUF,BUF
2025_13_BUF_PIT,2025,13,2025-11-30,PIT,BUF,WFS_CORE,-3.0,44.5,7.0,26.0,22.38440812617666,22.09460251716373,-19.0,0.2898056090129302,33.0,44.47901064334039,BUF,PIT
2025_13_BUF_PIT,2025,13,2025-11-30,PIT,BUF,WFS_CORE_IMPACT,-3.0,44.5,7.0,26.0,23.3204993816327,22.4186725166257,-19.0,0.9018268650069992,33.0,45.739171898258405,BUF,PIT
2025_13_DEN_WAS,2025,13,2025-11-30,WAS,DEN,MARKET,-6.5,43.5,26.0,27.0,18.5,25.0,-1.0,-6.5,53.0,43.5,DEN,DEN
2025_13_DEN_WAS,2025,13,2025-11-30,WAS,DEN,WFS_CORE,-6.5,43.5,26.0,27.0,17.94913056739439,22.13143440627478,-1.0,-4.18230383888039,53.0,40.08056497366917,DEN,DEN
2025_13_DEN_WAS,2025,13,2025-11-30,WAS,DEN,WFS_CORE_IMPACT,-6.5,43.5,26.0,27.0,18.509101840726725,24.278389645442147,-1.0,-5.769287804715422,53.0,42.787491486168875,DEN,DEN
2025_13_HOU_IND,2025,13,2025-11-30,IND,HOU,MARKET,3.0,44.5,16.0,20.0,23.75,20.75,-4.0,3.0,36.0,44.5,HOU,IND
2025_13_HOU_IND,2025,13,2025-11-30,IND,HOU,WFS_CORE,3.0,44.5,16.0,20.0,25.533873736978745,22.040690980984213,-4.0,3.493182755994532,36.0,47.57456471796296,HOU,IND
2025_13_HOU_IND,2025,13,2025-11-30,IND,HOU,WFS_CORE_IMPACT,3.0,44.5,16.0,20.0,25.139855224320325,22.331349195634683,-4.0,2.808506028685642,36.0,47.47120441995501,HOU,IND
2025_13_JAX_TEN,2025,13,2025-11-30,TEN,JAX,MARKET,-6.0,42.5,3.0,25.0,18.25,24.25,-22.0,-6.0,28.0,42.5,JAX,JAX
2025_13_JAX_TEN,2025,13,2025-11-30,TEN,JAX,WFS_CORE,-6.0,42.5,3.0,25.0,20.255664650882974,25.336746259355646,-22.0,-5.081081608472672,28.0,45.59241091023862,JAX,JAX
2025_13_JAX_TEN,2025,13,2025-11-30,TEN,JAX,WFS_CORE_IMPACT,-6.0,42.5,3.0,25.0,20.481649303963074,25.13280844709636,-22.0,-4.651159143133285,28.0,45.61445775105943,JAX,JAX
2025_13_LA_CAR,2025,13,2025-11-30,CAR,LA,MARKET,-10.0,44.5,31.0,28.0,17.25,27.25,3.0,-10.0,59.0,44.5,CAR,LA
2025_13_LA_CAR,2025,13,2025-11-30,CAR,LA,WFS_CORE,-10.0,44.5,31.0,28.0,20.626098538378365,31.859483558285127,3.0,-11.233385019906763,59.0,52.48558209666349,CAR,LA
2025_13_LA_CAR,2025,13,2025-11-30,CAR,LA,WFS_CORE_IMPACT,-10.0,44.5,31.0,28.0,19.795424469723617,31.05669046900206,3.0,-11.261265999278443,59.0,50.85211493872568,CAR,LA
2025_13_LV_LAC,2025,13,2025-11-30,LAC,LV,MARKET,10.0,40.5,31.0,14.0,25.25,15.25,17.0,10.0,45.0,40.5,LAC,LAC
2025_13_LV_LAC,2025,13,2025-11-30,LAC,LV,WFS_CORE,10.0,40.5,31.0,14.0,27.0224847872591,15.679667031130723,17.0,11.342817756128376,45.0,42.70215181838982,LAC,LAC
2025_13_LV_LAC,2025,13,2025-11-30,LAC,LV,WFS_CORE_IMPACT,10.0,40.5,31.0,14.0,25.858726614837433,17.15591750733138,17.0,8.702809107506052,45.0,43.01464412216882,LAC,LAC
2025_13_MIN_SEA,2025,13,2025-11-30,SEA,MIN,MARKET,12.5,42.5,26.0,0.0,27.5,15.0,26.0,12.5,26.0,42.5,SEA,SEA
2025_13_MIN_SEA,2025,13,2025-11-30,SEA,MIN,WFS_CORE,12.5,42.5,26.0,0.0,30.600712351492106,14.352453745686741,26.0,16.248258605805365,26.0,44.95316609717885,SEA,SEA
2025_13_MIN_SEA,2025,13,2025-11-30,SEA,MIN,WFS_CORE_IMPACT,12.5,42.5,26.0,0.0,30.68225286374257,14.416182648422181,26.0,16.26607021532039,26.0,45.09843551216475,SEA,SEA
2025_13_NO_MIA,2025,13,2025-11-30,MIA,NO,MARKET,5.5,41.5,21.0,17.0,23.5,18.0,4.0,5.5,38.0,41.5,MIA,MIA
2025_13_NO_MIA,2025,13,2025-11-30,MIA,NO,WFS_CORE,5.5,41.5,21.0,17.0,24.91551446223271,16.069222389115644,4.0,8.846292073117066,38.0,40.98473685134836,MIA,MIA
2025_13_NO_MIA,2025,13,2025-11-30,MIA,NO,WFS_CORE_IMPACT,5.5,41.5,21.0,17.0,24.748377167309307,16.80417454259011,4.0,7.944202624719196,38.0,41.55255170989942,MIA,MIA
2025_13_SF_CLE,2025,13,2025-11-30,CLE,SF,MARKET,-5.5,35.5,8.0,26.0,15.0,20.5,-18.0,-5.5,34.0,35.5,SF,SF
2025_13_SF_CLE,2025,13,2025-11-30,CLE,SF,WFS_CORE,-5.5,35.5,8.0,26.0,15.872245190949304,20.8027448988537,-18.0,-4.930499707904396,34.0,36.674990089803,SF,SF
2025_13_SF_CLE,2025,13,2025-11-30,CLE,SF,WFS_CORE_IMPACT,-5.5,35.5,8.0,26.0,18.382033814182932,23.356580740901926,-18.0,-4.974546926718993,34.0,41.73861455508486,SF,SF
2025_13_NYG_NE,2025,13,2025-12-01,NE,NYG,MARKET,7.0,46.5,33.0,15.0,26.75,19.75,18.0,7.0,48.0,46.5,NE,NE
2025_13_NYG_NE,2025,13,2025-12-01,NE,NYG,WFS_CORE,7.0,46.5,33.0,15.0,26.892496204056435,20.114143460306465,18.0,6.77835274374997,48.0,47.0066396643629,NE,NE
2025_13_NYG_NE,2025,13,2025-12-01,NE,NYG,WFS_CORE_IMPACT,7.0,46.5,33.0,15.0,26.979446043296857,20.107569025710085,18.0,6.8718770175867725,48.0,47.08701506900694,NE,NE
2025_14_DAL_DET,2025,14,2025-12-04,DET,DAL,MARKET,3.5,55.5,44.0,30.0,29.5,26.0,14.0,3.5,74.0,55.5,DET,DET
2025_14_DAL_DET,2025,14,2025-12-04,DET,DAL,WFS_CORE,3.5,55.5,44.0,30.0,31.485471528921334,26.859553792801446,14.0,4.625917736119888,74.0,58.34502532172278,DET,DET
2025_14_DAL_DET,2025,14,2025-12-04,DET,DAL,WFS_CORE_IMPACT,3.5,55.5,44.0,30.0,28.290153676706797,28.3984522968321,14.0,-0.10829862012530356,74.0,56.6886059735389,DET,DAL
2025_14_CHI_GB,2025,14,2025-12-07,GB,CHI,MARKET,6.5,44.5,28.0,21.0,25.5,19.0,7.0,6.5,49.0,44.5,GB,GB
2025_14_CHI_GB,2025,14,2025-12-07,GB,CHI,WFS_CORE,6.5,44.5,28.0,21.0,27.956850217372313,17.44985725913879,7.0,10.506992958233525,49.0,45.4067074765111,GB,GB
2025_14_CHI_GB,2025,14,2025-12-07,GB,CHI,WFS_CORE_IMPACT,6.5,44.5,28.0,21.0,27.495008541716768,18.83715192127369,7.0,8.657856620443077,49.0,46.33216046299046,GB,GB
2025_14_CIN_BUF,2025,14,2025-12-07,BUF,CIN,MARKET,6.0,54.5,39.0,34.0,30.25,24.25,5.0,6.0,73.0,54.5,BUF,BUF
2025_14_CIN_BUF,2025,14,2025-12-07,BUF,CIN,WFS_CORE,6.0,54.5,39.0,34.0,29.475646711327265,23.405383781671745,5.0,6.07026292965552,73.0,52.88103049299901,BUF,BUF
2025_14_CIN_BUF,2025,14,2025-12-07,BUF,CIN,WFS_CORE_IMPACT,6.0,54.5,39.0,34.0,28.986157875242693,24.07896266243222,5.0,4.907195212810471,73.0,53.065120537674915,BUF,BUF
2025_14_DEN_LV,2025,14,2025-12-07,LV,DEN,MARKET,-8.5,40.5,17.0,24.0,16.0,24.5,-7.0,-8.5,41.0,40.5,DEN,DEN
2025_14_DEN_LV,2025,14,2025-12-07,LV,DEN,WFS_CORE,-8.5,40.5,17.0,24.0,17.723110334870718,26.909154769017313,-7.0,-9.186044434146595,41.0,44.63226510388803,DEN,DEN
2025_14_DEN_LV,2025,14,2025-12-07,LV,DEN,WFS_CORE_IMPACT,-8.5,40.5,17.0,24.0,18.364270503854744,26.502064137658788,-7.0,-8.137793633804044,41.0,44.86633464151353,DEN,DEN
2025_14_HOU_KC,2025,14,2025-12-07,KC,HOU,MARKET,4.5,41.5,10.0,20.0,23.0,18.5,-10.0,4.5,30.0,41.5,HOU,KC
2025_14_HOU_KC,2025,14,2025-12-07,KC,HOU,WFS_CORE,4.5,41.5,10.0,20.0,24.95268257546905,19.04895360304598,-10.0,5.903728972423071,30.0,44.00163617851503,HOU,KC
2025_14_HOU_KC,2025,14,2025-12-07,KC,HOU,WFS_CORE_IMPACT,4.5,41.5,10.0,20.0,25.319167738364296,20.163222782746466,-10.0,5.15594495561783,30.0,45.48239052111076,HOU,KC
2025_14_IND_JAX,2025,14,2025-12-07,JAX,IND,MARKET,-2.5,44.5,36.0,19.0,21.0,23.5,17.0,-2.5,55.0,44.5,JAX,IND
2025_14_IND_JAX,2025,14,2025-12-07,JAX,IND,WFS_CORE,-2.5,44.5,36.0,19.0,23.074437972412884,26.53219067681834,17.0,-3.4577527044054577,55.0,49.606628649231226,JAX,IND
2025_14_IND_JAX,2025,14,2025-12-07,JAX,IND,WFS_CORE_IMPACT,-2.5,44.5,36.0,19.0,23.639537877934696,26.200489905484243,17.0,-2.560952027549547,55.0,49.84002778341894,JAX,IND
2025_14_LA_ARI,2025,14,2025-12-07,ARI,LA,MARKET,-9.5,49.5,17.0,45.0,20.0,29.5,-28.0,-9.5,62.0,49.5,LA,LA
2025_14_LA_ARI,2025,14,2025-12-07,ARI,LA,WFS_CORE,-9.5,49.5,17.0,45.0,22.009631731206944,33.19591602351013,-28.0,-11.186284292303185,62.0,55.205547754717074,LA,LA
2025_14_LA_ARI,2025,14,2025-12-07,ARI,LA,WFS_CORE_IMPACT,-9.5,49.5,17.0,45.0,18.406620832385688,32.89063649162458,-28.0,-14.484015659238896,62.0,51.297257324010275,LA,LA
2025_14_MIA_NYJ,2025,14,2025-12-07,NYJ,MIA,MARKET,-2.5,41.5,10.0,34.0,19.5,22.0,-24.0,-2.5,44.0,41.5,MIA,MIA
2025_14_MIA_NYJ,2025,14,2025-12-07,NYJ,MIA,WFS_CORE,-2.5,41.5,10.0,34.0,19.612473965802128,25.770480450091963,-24.0,-6.158006484289835,44.0,45.38295441589409,MIA,MIA
2025_14_MIA_NYJ,2025,14,2025-12-07,NYJ,MIA,WFS_CORE_IMPACT,-2.5,41.5,10.0,34.0,18.746442396694757,27.38286468753724,-24.0,-8.636422290842482,44.0,46.129307084231996,MIA,MIA
2025_14_NO_TB,2025,14,2025-12-07,TB,NO,MARKET,7.5,41.5,20.0,24.0,24.5,17.0,-4.0,7.5,44.0,41.5,NO,TB
2025_14_NO_TB,2025,14,2025-12-07,TB,NO,WFS_CORE,7.5,41.5,20.0,24.0,26.874629807778355,15.65250545585925,-4.0,11.222124351919105,44.0,42.527135263637604,NO,TB
2025_14_NO_TB,2025,14,2025-12-07,TB,NO,WFS_CORE_IMPACT,7.5,41.5,20.0,24.0,24.979865609558786,17.35767020517581,-4.0,7.622195404382975,44.0,42.33753581473459,NO,TB
2025_14_PIT_BAL,2025,14,2025-12-07,BAL,PIT,MARKET,5.5,43.5,22.0,27.0,24.5,19.0,-5.0,5.5,49.0,43.5,PIT,BAL
2025_14_PIT_BAL,2025,14,2025-12-07,BAL,PIT,WFS_CORE,5.5,43.5,22.0,27.0,25.342449071211327,18.523645852077717,-5.0,6.81880321913361,49.0,43.86609492328904,PIT,BAL
2025_14_PIT_BAL,2025,14,2025-12-07,BAL,PIT,WFS_CORE_IMPACT,5.5,43.5,22.0,27.0,26.364454867063976,20.70283364171608,-5.0,5.661621225347897,49.0,47.06728850878005,PIT,BAL
2025_14_SEA_ATL,2025,14,2025-12-07,ATL,SEA,MARKET,-7.0,44.5,9.0,37.0,18.75,25.75,-28.0,-7.0,46.0,44.5,SEA,SEA
2025_14_SEA_ATL,2025,14,2025-12-07,ATL,SEA,WFS_CORE,-7.0,44.5,9.0,37.0,22.505205888984005,26.327357425601974,-28.0,-3.8221515366179695,46.0,48.83256331458598,SEA,SEA
2025_14_SEA_ATL,2025,14,2025-12-07,ATL,SEA,WFS_CORE_IMPACT,-7.0,44.5,9.0,37.0,20.16386277440533,26.865012444161543,-28.0,-6.701149669756212,46.0,47.028875218566874,SEA,SEA
2025_14_TEN_CLE,2025,14,2025-12-07,CLE,TEN,MARKET,4.5,33.5,29.0,31.0,19.0,14.5,-2.0,4.5,60.0,33.5,TEN,CLE
2025_14_TEN_CLE,2025,14,2025-12-07,CLE,TEN,WFS_CORE,4.5,33.5,29.0,31.0,22.733726398925402,15.588214255974655,-2.0,7.145512142950746,60.0,38.32194065490006,TEN,CLE
2025_14_TEN_CLE,2025,14,2025-12-07,CLE,TEN,WFS_CORE_IMPACT,4.5,33.5,29.0,31.0,21.680965801455923,18.41669774320208,-2.0,3.264268058253844,60.0,40.097663544658005,TEN,CLE
2025_14_WAS_MIN,2025,14,2025-12-07,MIN,WAS,MARKET,-1.5,43.5,31.0,0.0,21.0,22.5,31.0,-1.5,31.0,43.5,MIN,WAS
2025_14_WAS_MIN,2025,14,2025-12-07,MIN,WAS,WFS_CORE,-1.5,43.5,31.0,0.0,22.04088737576508,24.23065191617171,31.0,-2.189764540406628,31.0,46.27153929193679,MIN,WAS
2025_14_WAS_MIN,2025,14,2025-12-07,MIN,WAS,WFS_CORE_IMPACT,-1.5,43.5,31.0,0.0,21.772350500821855,23.870069925979287,31.0,-2.0977194251574325,31.0,45.64242042680114,MIN,WAS
2025_14_PHI_LAC,2025,14,2025-12-08,LAC,PHI,MARKET,-1.5,41.5,22.0,19.0,20.0,21.5,3.0,-1.5,41.0,41.5,LAC,PHI
2025_14_PHI_LAC,2025,14,2025-12-08,LAC,PHI,WFS_CORE,-1.5,41.5,22.0,19.0,22.231226721408987,23.969153439645588,3.0,-1.7379267182366007,41.0,46.200380161054575,LAC,PHI
2025_14_PHI_LAC,2025,14,2025-12-08,LAC,PHI,WFS_CORE_IMPACT,-1.5,41.5,22.0,19.0,22.985294649849727,23.876585070283173,3.0,-0.891290420433446,41.0,46.861879720132904,LAC,PHI
2025_15_ATL_TB,2025,15,2025-12-11,TB,ATL,MARKET,6.0,43.5,28.0,29.0,24.75,18.75,-1.0,6.0,57.0,43.5,ATL,TB
2025_15_ATL_TB,2025,15,2025-12-11,TB,ATL,WFS_CORE,6.0,43.5,28.0,29.0,27.188794233110276,20.37394606769498,-1.0,6.814848165415295,57.0,47.56274030080526,ATL,TB
2025_15_ATL_TB,2025,15,2025-12-11,TB,ATL,WFS_CORE_IMPACT,6.0,43.5,28.0,29.0,27.075531032003404,19.34818303316315,-1.0,7.727347998840255,57.0,46.42371406516655,ATL,TB
2025_15_ARI_HOU,2025,15,2025-12-14,HOU,ARI,MARKET,10.5,42.5,40.0,20.0,26.5,16.0,20.0,10.5,60.0,42.5,HOU,HOU
2025_15_ARI_HOU,2025,15,2025-12-14,HOU,ARI,WFS_CORE,10.5,42.5,40.0,20.0,29.228018771133065,16.032935774614614,20.0,13.195082996518451,60.0,45.26095454574768,HOU,HOU
2025_15_ARI_HOU,2025,15,2025-12-14,HOU,ARI,WFS_CORE_IMPACT,10.5,42.5,40.0,20.0,30.32709718167668,15.146429240589574,20.0,15.180667941087107,60.0,45.473526422266254,HOU,HOU
2025_15_BAL_CIN,2025,15,2025-12-14,CIN,BAL,MARKET,-2.5,51.5,0.0,24.0,24.5,27.0,-24.0,-2.5,24.0,51.5,BAL,BAL
2025_15_BAL_CIN,2025,15,2025-12-14,CIN,BAL,WFS_CORE,-2.5,51.5,0.0,24.0,24.059572032607203,27.188472942419747,-24.0,-3.1289009098125433,24.0,51.24804497502695,BAL,BAL
2025_15_BAL_CIN,2025,15,2025-12-14,CIN,BAL,WFS_CORE_IMPACT,-2.5,51.5,0.0,24.0,22.01150608982142,28.041948016838933,-24.0,-6.030441927017513,24.0,50.053454106660354,BAL,BAL
2025_15_BUF_NE,2025,15,2025-12-14,NE,BUF,MARKET,-2.5,49.5,31.0,35.0,23.5,26.0,-4.0,-2.5,66.0,49.5,BUF,BUF
2025_15_BUF_NE,2025,15,2025-12-14,NE,BUF,WFS_CORE,-2.5,49.5,31.0,35.0,22.664172532546257,27.155696688876052,-4.0,-4.491524156329795,66.0,49.81986922142231,BUF,BUF
2025_15_BUF_NE,2025,15,2025-12-14,NE,BUF,WFS_CORE_IMPACT,-2.5,49.5,31.0,35.0,23.14750101279771,26.236163595899136,-4.0,-3.0886625831014243,66.0,49.38366460869685,BUF,BUF
2025_15_CAR_NO,2025,15,2025-12-14,NO,CAR,MARKET,-2.5,41.5,20.0,17.0,19.5,22.0,3.0,-2.5,37.0,41.5,NO,CAR
2025_15_CAR_NO,2025,15,2025-12-14,NO,CAR,WFS_CORE,-2.5,41.5,20.0,17.0,19.562331000341953,23.607994594028806,3.0,-4.045663593686854,37.0,43.17032559437076,NO,CAR
2025_15_CAR_NO,2025,15,2025-12-14,NO,CAR,WFS_CORE_IMPACT,-2.5,41.5,20.0,17.0,19.38833246167204,23.259890356552287,3.0,-3.8715578948802474,37.0,42.648222818224326,NO,CAR
2025_15_CLE_CHI,2025,15,2025-12-14,CHI,CLE,MARKET,7.5,38.5,31.0,3.0,23.0,15.5,28.0,7.5,34.0,38.5,CHI,CHI
2025_15_CLE_CHI,2025,15,2025-12-14,CHI,CLE,WFS_CORE,7.5,38.5,31.0,3.0,24.894065453816008,17.908318491651084,28.0,6.985746962164924,34.0,42.80238394546709,CHI,CHI
2025_15_CLE_CHI,2025,15,2025-12-14,CHI,CLE,WFS_CORE_IMPACT,7.5,38.5,31.0,3.0,28.033730030240786,16.866019657467373,28.0,11.167710372773413,34.0,44.89974968770816,CHI,CHI
2025_15_DET_LA,2025,15,2025-12-14,LA,DET,MARKET,5.5,54.5,41.0,34.0,30.0,24.5,7.0,5.5,75.0,54.5,LA,LA
2025_15_DET_LA,2025,15,2025-12-14,LA,DET,WFS_CORE,5.5,54.5,41.0,34.0,31.13167862143632,26.597932709238002,7.0,4.533745912198317,75.0,57.72961133067432,LA,LA
2025_15_DET_LA,2025,15,2025-12-14,LA,DET,WFS_CORE_IMPACT,5.5,54.5,41.0,34.0,31.03261949979079,25.594337550306665,7.0,5.438281949484125,75.0,56.62695705009746,LA,LA
2025_15_GB_DEN,2025,15,2025-12-14,DEN,GB,MARKET,-1.5,42.5,34.0,26.0,20.5,22.0,8.0,-1.5,60.0,42.5,DEN,GB
2025_15_GB_DEN,2025,15,2025-12-14,DEN,GB,WFS_CORE,-1.5,42.5,34.0,26.0,22.404472231975863,25.287847138680103,8.0,-2.8833749067042405,60.0,47.692319370655966,DEN,GB
2025_15_GB_DEN,2025,15,2025-12-14,DEN,GB,WFS_CORE_IMPACT,-1.5,42.5,34.0,26.0,21.576986509938923,25.259403351958827,8.0,-3.6824168420199044,60.0,46.83638986189775,DEN,GB
2025_15_IND_SEA,2025,15,2025-12-14,SEA,IND,MARKET,13.5,41.5,18.0,16.0,27.5,14.0,2.0,13.5,34.0,41.5,SEA,SEA
2025_15_IND_SEA,2025,15,2025-12-14,SEA,IND,WFS_CORE,13.5,41.5,18.0,16.0,32.248129645924074,16.723139336925268,2.0,15.524990308998806,34.0,48.97126898284934,SEA,SEA
2025_15_IND_SEA,2025,15,2025-12-14,SEA,IND,WFS_CORE_IMPACT,13.5,41.5,18.0,16.0,30.351834529768453,17.88345515741214,2.0,12.468379372356313,34.0,48.2352896871806,SEA,SEA
2025_15_LAC_KC,2025,15,2025-12-14,KC,LAC,MARKET,5.5,41.5,13.0,16.0,23.5,18.0,-3.0,5.5,29.0,41.5,LAC,KC
2025_15_LAC_KC,2025,15,2025-12-14,KC,LAC,WFS_CORE,5.5,41.5,13.0,16.0,24.509212320178854,18.088870880404336,-3.0,6.420341439774518,29.0,42.59808320058319,LAC,KC
2025_15_LAC_KC,2025,15,2025-12-14,KC,LAC,WFS_CORE_IMPACT,5.5,41.5,13.0,16.0,22.383267823683937,18.70567196930699,-3.0,3.6775958543769462,29.0,41.08893979299093,LAC,KC
2025_15_LV_PHI,2025,15,2025-12-14,PHI,LV,MARKET,12.5,37.5,31.0,0.0,25.0,12.5,31.0,12.5,31.0,37.5,PHI,PHI
2025_15_LV_PHI,2025,15,2025-12-14,PHI,LV,WFS_CORE,12.5,37.5,31.0,0.0,28.33478505510618,12.955319908389425,31.0,15.379465146716756,31.0,41.29010496349561,PHI,PHI
2025_15_LV_PHI,2025,15,2025-12-14,PHI,LV,WFS_CORE_IMPACT,12.5,37.5,31.0,0.0,28.431545192629915,13.79651352409589,31.0,14.635031668534026,31.0,42.228058716725805,PHI,PHI
2025_15_MIN_DAL,2025,15,2025-12-14,DAL,MIN,MARKET,5.5,47.5,26.0,34.0,26.5,21.0,-8.0,5.5,60.0,47.5,MIN,DAL
2025_15_MIN_DAL,2025,15,2025-12-14,DAL,MIN,WFS_CORE,5.5,47.5,26.0,34.0,27.168840552691666,21.620568176244067,-8.0,5.548272376447599,60.0,48.78940872893573,MIN,DAL
2025_15_MIN_DAL,2025,15,2025-12-14,DAL,MIN,WFS_CORE_IMPACT,5.5,47.5,26.0,34.0,26.28559201472655,20.86849737014839,-8.0,5.41709464457816,60.0,47.154089384874936,MIN,DAL
2025_15_NYJ_JAX,2025,15,2025-12-14,JAX,NYJ,MARKET,13.5,40.5,48.0,20.0,27.0,13.5,28.0,13.5,68.0,40.5,JAX,JAX
2025_15_NYJ_JAX,2025,15,2025-12-14,JAX,NYJ,WFS_CORE,13.5,40.5,48.0,20.0,33.45834988982142,15.494535517894555,28.0,17.963814371926865,68.0,48.952885407715975,JAX,JAX
2025_15_NYJ_JAX,2025,15,2025-12-14,JAX,NYJ,WFS_CORE_IMPACT,13.5,40.5,48.0,20.0,36.3317052237461,12.811528821115433,28.0,23.520176402630668,68.0,49.14323404486153,JAX,JAX
2025_15_TEN_SF,2025,15,2025-12-14,SF,TEN,MARKET,12.5,44.5,37.0,24.0,28.5,16.0,13.0,12.5,61.0,44.5,SF,SF
2025_15_TEN_SF,2025,15,2025-12-14,SF,TEN,WFS_CORE,12.5,44.5,37.0,24.0,31.681261847905596,16.35982096580695,13.0,15.321440882098646,61.0,48.04108281371255,SF,SF
2025_15_TEN_SF,2025,15,2025-12-14,SF,TEN,WFS_CORE_IMPACT,12.5,44.5,37.0,24.0,30.553945310119328,18.51991140560018,13.0,12.034033904519148,61.0,49.07385671571951,SF,SF
2025_15_WAS_NYG,2025,15,2025-12-14,NYG,WAS,MARKET,2.5,46.5,21.0,29.0,24.5,22.0,-8.0,2.5,50.0,46.5,WAS,NYG
2025_15_WAS_NYG,2025,15,2025-12-14,NYG,WAS,WFS_CORE,2.5,46.5,21.0,29.0,24.663466056056095,19.067839625686634,-8.0,5.59562643036946,50.0,43.731305681742725,WAS,NYG
2025_15_WAS_NYG,2025,15,2025-12-14,NYG,WAS,WFS_CORE_IMPACT,2.5,46.5,21.0,29.0,26.440722381948756,19.646315835285595,-8.0,6.794406546663161,50.0,46.08703821723435,WAS,NYG
2025_15_MIA_PIT,2025,15,2025-12-15,PIT,MIA,MARKET,3.0,42.5,28.0,15.0,22.75,19.75,13.0,3.0,43.0,42.5,PIT,PIT
2025_15_MIA_PIT,2025,15,2025-12-15,PIT,MIA,WFS_CORE,3.0,42.5,28.0,15.0,21.109657360057515,20.673069831548304,13.0,0.4365875285092109,43.0,41.782727191605815,PIT,PIT
2025_15_MIA_PIT,2025,15,2025-12-15,PIT,MIA,WFS_CORE_IMPACT,3.0,42.5,28.0,15.0,21.485900719873705,21.51458334548277,13.0,-0.02868262560906487,43.0,43.000484065356474,PIT,MIA
2025_16_LA_SEA,2025,16,2025-12-18,SEA,LA,MARKET,1.5,42.5,38.0,37.0,22.0,20.5,1.0,1.5,75.0,42.5,SEA,SEA
2025_16_LA_SEA,2025,16,2025-12-18,SEA,LA,WFS_CORE,1.5,42.5,38.0,37.0,23.56848974100478,23.90573229697596,1.0,-0.33724255597118,75.0,47.47422203798074,SEA,LA
2025_16_LA_SEA,2025,16,2025-12-18,SEA,LA,WFS_CORE_IMPACT,1.5,42.5,38.0,37.0,23.009014499802817,24.055508426442948,1.0,-1.0464939266401316,75.0,47.064522926245765,SEA,LA
2025_16_GB_CHI,2025,16,2025-12-20,CHI,GB,MARKET,1.5,45.5,22.0,16.0,23.5,22.0,6.0,1.5,38.0,45.5,CHI,CHI
2025_16_GB_CHI,2025,16,2025-12-20,CHI,GB,WFS_CORE,1.5,45.5,22.0,16.0,25.407524046255595,25.474027694942812,6.0,-0.06650364868721681,38.0,50.88155174119841,CHI,GB
2025_16_GB_CHI,2025,16,2025-12-20,CHI,GB,WFS_CORE_IMPACT,1.5,45.5,22.0,16.0,23.351038545670466,24.546209239843414,6.0,-1.1951706941729476,38.0,47.89724778551388,CHI,GB
2025_16_PHI_WAS,2025,16,2025-12-20,WAS,PHI,MARKET,-7.0,43.5,18.0,29.0,18.25,25.25,-11.0,-7.0,47.0,43.5,PHI,PHI
2025_16_PHI_WAS,2025,16,2025-12-20,WAS,PHI,WFS_CORE,-7.0,43.5,18.0,29.0,21.052207331730227,26.323661082017612,-11.0,-5.271453750287385,47.0,47.37586841374784,PHI,PHI
2025_16_PHI_WAS,2025,16,2025-12-20,WAS,PHI,WFS_CORE_IMPACT,-7.0,43.5,18.0,29.0,20.89406909220031,27.741133263661773,-11.0,-6.8470641714614615,47.0,48.635202355862084,PHI,PHI
2025_16_ATL_ARI,2025,16,2025-12-21,ARI,ATL,MARKET,-2.5,48.5,19.0,26.0,23.0,25.5,-7.0,-2.5,45.0,48.5,ATL,ATL
2025_16_ATL_ARI,2025,16,2025-12-21,ARI,ATL,WFS_CORE,-2.5,48.5,19.0,26.0,22.516170558498807,25.82912935152436,-7.0,-3.3129587930255546,45.0,48.34529991002317,ATL,ATL
2025_16_ATL_ARI,2025,16,2025-12-21,ARI,ATL,WFS_CORE_IMPACT,-2.5,48.5,19.0,26.0,22.98494226738101,25.325990638146525,-7.0,-2.341048370765513,45.0,48.31093290552754,ATL,ATL
2025_16_BUF_CLE,2025,16,2025-12-21,CLE,BUF,MARKET,-10.5,41.5,20.0,23.0,15.5,26.0,-3.0,-10.5,43.0,41.5,BUF,BUF
2025_16_BUF_CLE,2025,16,2025-12-21,CLE,BUF,WFS_CORE,-10.5,41.5,20.0,23.0,14.119700123362476,27.163586393612366,-3.0,-13.04388627024989,43.0,41.28328651697484,BUF,BUF
2025_16_BUF_CLE,2025,16,2025-12-21,CLE,BUF,WFS_CORE_IMPACT,-10.5,41.5,20.0,23.0,14.494434767338431,29.364119394545423,-3.0,-14.869684627206992,43.0,43.85855416188385,BUF,BUF
2025_16_CIN_MIA,2025,16,2025-12-21,MIA,CIN,MARKET,-3.5,48.5,21.0,45.0,22.5,26.0,-24.0,-3.5,66.0,48.5,CIN,CIN
2025_16_CIN_MIA,2025,16,2025-12-21,MIA,CIN,WFS_CORE,-3.5,48.5,21.0,45.0,25.810477199934,26.105185766225727,-24.0,-0.29470856629172815,66.0,51.91566296615973,CIN,CIN
2025_16_CIN_MIA,2025,16,2025-12-21,MIA,CIN,WFS_CORE_IMPACT,-3.5,48.5,21.0,45.0,25.842436615889362,25.152491084755447,-24.0,0.6899455311339153,66.0,50.99492770064481,CIN,MIA
2025_16_JAX_DEN,2025,16,2025-12-21,DEN,JAX,MARKET,3.5,46.5,20.0,34.0,25.0,21.5,-14.0,3.5,54.0,46.5,JAX,DEN
2025_16_JAX_DEN,2025,16,2025-12-21,DEN,JAX,WFS_CORE,3.5,46.5,20.0,34.0,30.21659870723013,24.38630924993637,-14.0,5.830289457293759,54.0,54.6029079571665,JAX,DEN
2025_16_JAX_DEN,2025,16,2025-12-21,DEN,JAX,WFS_CORE_IMPACT,3.5,46.5,20.0,34.0,28.412682362528074,24.15008283274859,-14.0,4.262599529779482,54.0,52.56276519527667,JAX,DEN
2025_16_KC_TEN,2025,16,2025-12-21,TEN,KC,MARKET,-3.5,37.5,26.0,9.0,17.0,20.5,17.0,-3.5,35.0,37.5,TEN,KC
2025_16_KC_TEN,2025,16,2025-12-21,TEN,KC,WFS_CORE,-3.5,37.5,26.0,9.0,19.654727151207496,21.285003694179846,17.0,-1.63027654297235,35.0,40.939730845387345,TEN,KC
2025_16_KC_TEN,2025,16,2025-12-21,TEN,KC,WFS_CORE_IMPACT,-3.5,37.5,26.0,9.0,22.33627489112672,19.51698499125277,17.0,2.819289899873951,35.0,41.85325988237949,TEN,TEN
2025_16_LAC_DAL,2025,16,2025-12-21,DAL,LAC,MARKET,1.5,50.5,17.0,34.0,26.0,24.5,-17.0,1.5,51.0,50.5,LAC,DAL
2025_16_LAC_DAL,2025,16,2025-12-21,DAL,LAC,WFS_CORE,1.5,50.5,17.0,34.0,25.397108517405165,26.083358708480834,-17.0,-0.6862501910756684,51.0,51.480467225886,LAC,LAC
2025_16_LAC_DAL,2025,16,2025-12-21,DAL,LAC,WFS_CORE_IMPACT,1.5,50.5,17.0,34.0,25.027320265809944,25.463686236987385,-17.0,-0.436365971177441,51.0,50.49100650279733,LAC,LAC
2025_16_LV_HOU,2025,16,2025-12-21,HOU,LV,MARKET,14.5,39.5,23.0,21.0,27.0,12.5,2.0,14.5,44.0,39.5,HOU,HOU
2025_16_LV_HOU,2025,16,2025-12-21,HOU,LV,WFS_CORE,14.5,39.5,23.0,21.0,32.56838700674958,9.641645513479592,2.0,22.92674149326999,44.0,42.21003252022918,HOU,HOU
2025_16_LV_HOU,2025,16,2025-12-21,HOU,LV,WFS_CORE_IMPACT,14.5,39.5,23.0,21.0,30.520379209890272,11.512920679875753,2.0,19.007458530014517,44.0,42.03329988976603,HOU,HOU
2025_16_MIN_NYG,2025,16,2025-12-21,NYG,MIN,MARKET,-2.5,41.5,13.0,16.0,19.5,22.0,-3.0,-2.5,29.0,41.5,MIN,MIN
2025_16_MIN_NYG,2025,16,2025-12-21,NYG,MIN,WFS_CORE,-2.5,41.5,13.0,16.0,20.028152517637213,22.198874472568622,-3.0,-2.170721954931409,29.0,42.227026990205836,MIN,MIN
2025_16_MIN_NYG,2025,16,2025-12-21,NYG,MIN,WFS_CORE_IMPACT,-2.5,41.5,13.0,16.0,20.648509536047094,22.586132323385833,-3.0,-1.9376227873387393,29.0,43.23464185943293,MIN,MIN
2025_16_NE_BAL,2025,16,2025-12-21,BAL,NE,MARKET,3.5,48.5,24.0,28.0,26.0,22.5,-4.0,3.5,52.0,48.5,NE,BAL
2025_16_NE_BAL,2025,16,2025-12-21,BAL,NE,WFS_CORE,3.5,48.5,24.0,28.0,28.528274049735238,22.377359332505716,-4.0,6.150914717229522,52.0,50.90563338224095,NE,BAL
2025_16_NE_BAL,2025,16,2025-12-21,BAL,NE,WFS_CORE_IMPACT,3.5,48.5,24.0,28.0,28.133660012454484,23.12320905670841,-4.0,5.010450955746073,52.0,51.256869069162896,NE,BAL
2025_16_NYJ_NO,2025,16,2025-12-21,NO,NYJ,MARKET,6.5,39.5,29.0,6.0,23.0,16.5,23.0,6.5,35.0,39.5,NO,NO
2025_16_NYJ_NO,2025,16,2025-12-21,NO,NYJ,WFS_CORE,6.5,39.5,29.0,6.0,24.498018817231493,18.573659997784638,23.0,5.924358819446855,35.0,43.07167881501613,NO,NO
2025_16_NYJ_NO,2025,16,2025-12-21,NO,NYJ,WFS_CORE_IMPACT,6.5,39.5,29.0,6.0,24.27823470595159,17.954078794000786,23.0,6.324155911950804,35.0,42.232313499952376,NO,NO
2025_16_PIT_DET,2025,16,2025-12-21,DET,PIT,MARKET,7.5,52.5,24.0,29.0,30.0,22.5,-5.0,7.5,53.0,52.5,PIT,DET
2025_16_PIT_DET,2025,16,2025-12-21,DET,PIT,WFS_CORE,7.5,52.5,24.0,29.0,32.31591842185019,21.614048785690425,-5.0,10.701869636159767,53.0,53.929967207540614,PIT,DET
2025_16_PIT_DET,2025,16,2025-12-21,DET,PIT,WFS_CORE_IMPACT,7.5,52.5,24.0,29.0,31.101273544758982,22.102362040236322,-5.0,8.99891150452266,53.0,53.203635584995304,PIT,DET
2025_16_TB_CAR,2025,16,2025-12-21,CAR,TB,MARKET,-3.0,44.5,23.0,20.0,20.75,23.75,3.0,-3.0,43.0,44.5,CAR,TB
2025_16_TB_CAR,2025,16,2025-12-21,CAR,TB,WFS_CORE,-3.0,44.5,23.0,20.0,22.100020511553343,25.323130225114017,3.0,-3.2231097135606745,43.0,47.42315073666736,CAR,TB
2025_16_TB_CAR,2025,16,2025-12-21,CAR,TB,WFS_CORE_IMPACT,-3.0,44.5,23.0,20.0,21.621948629941297,25.729256945940786,3.0,-4.107308315999489,43.0,47.351205575882084,CAR,TB
2025_16_SF_IND,2025,16,2025-12-22,IND,SF,MARKET,-4.5,46.5,27.0,48.0,21.0,25.5,-21.0,-4.5,75.0,46.5,SF,SF
2025_16_SF_IND,2025,16,2025-12-22,IND,SF,WFS_CORE,-4.5,46.5,27.0,48.0,22.294097230262047,26.340272839625264,-21.0,-4.0461756093632175,75.0,48.63437006988731,SF,SF
2025_16_SF_IND,2025,16,2025-12-22,IND,SF,WFS_CORE_IMPACT,-4.5,46.5,27.0,48.0,24.079580783288947,25.696868166200396,-21.0,-1.6172873829114494,75.0,49.77644894948934,SF,SF
2025_17_DAL_WAS,2025,17,2025-12-25,WAS,DAL,MARKET,-8.5,50.5,23.0,30.0,21.0,29.5,-7.0,-8.5,53.0,50.5,DAL,DAL
2025_17_DAL_WAS,2025,17,2025-12-25,WAS,DAL,WFS_CORE,-8.5,50.5,23.0,30.0,22.164116394506316,28.270373014126612,-7.0,-6.1062566196202965,53.0,50.43448940863293,DAL,DAL
2025_17_DAL_WAS,2025,17,2025-12-25,WAS,DAL,WFS_CORE_IMPACT,-8.5,50.5,23.0,30.0,20.810407409782844,29.874542878249617,-7.0,-9.064135468466773,53.0,50.68495028803246,DAL,DAL
2025_17_DEN_KC,2025,17,2025-12-25,KC,DEN,MARKET,-13.5,37.5,13.0,20.0,12.0,25.5,-7.0,-13.5,33.0,37.5,DEN,DEN
2025_17_DEN_KC,2025,17,2025-12-25,KC,DEN,WFS_CORE,-13.5,37.5,13.0,20.0,14.736569122980848,30.25785742352539,-7.0,-15.521288300544542,33.0,44.99442654650624,DEN,DEN
2025_17_DEN_KC,2025,17,2025-12-25,KC,DEN,WFS_CORE_IMPACT,-13.5,37.5,13.0,20.0,17.5081095407488,27.624359212456426,-7.0,-10.116249671707624,33.0,45.13246875320523,DEN,DEN
2025_17_DET_MIN,2025,17,2025-12-25,MIN,DET,MARKET,-7.0,45.5,23.0,10.0,19.25,26.25,13.0,-7.0,33.0,45.5,MIN,DET
2025_17_DET_MIN,2025,17,2025-12-25,MIN,DET,WFS_CORE,-7.0,45.5,23.0,10.0,23.91936446488882,27.9119550716897,13.0,-3.9925906068008814,33.0,51.83131953657852,MIN,DET
2025_17_DET_MIN,2025,17,2025-12-25,MIN,DET,WFS_CORE_IMPACT,-7.0,45.5,23.0,10.0,21.41019838984504,29.79767982526169,13.0,-8.38748143541665,33.0,51.20787821510673,MIN,DET
2025_17_BAL_GB,2025,17,2025-12-27,GB,BAL,MARKET,2.5,38.5,24.0,41.0,20.5,18.0,-17.0,2.5,65.0,38.5,BAL,GB
2025_17_BAL_GB,2025,17,2025-12-27,GB,BAL,WFS_CORE,2.5,38.5,24.0,41.0,21.296562235191498,20.299214699586376,-17.0,0.9973475356051225,65.0,41.595776934777874,BAL,GB
2025_17_BAL_GB,2025,17,2025-12-27,GB,BAL,WFS_CORE_IMPACT,2.5,38.5,24.0,41.0,21.0004898081433,21.161125495298805,-17.0,-0.16063568715550502,65.0,42.161615303442105,BAL,BAL
2025_17_HOU_LAC,2025,17,2025-12-27,LAC,HOU,MARKET,1.5,40.5,16.0,20.0,21.0,19.5,-4.0,1.5,36.0,40.5,HOU,LAC
2025_17_HOU_LAC,2025,17,2025-12-27,LAC,HOU,WFS_CORE,1.5,40.5,16.0,20.0,24.181922432635773,21.87777035281177,-4.0,2.3041520798240036,36.0,46.05969278544754,HOU,LAC
2025_17_HOU_LAC,2025,17,2025-12-27,LAC,HOU,WFS_CORE_IMPACT,1.5,40.5,16.0,20.0,23.549432202958002,21.377074445680815,-4.0,2.1723577572771866,36.0,44.92650664863882,HOU,LAC
2025_17_ARI_CIN,2025,17,2025-12-28,CIN,ARI,MARKET,7.0,52.5,37.0,14.0,29.75,22.75,23.0,7.0,51.0,52.5,CIN,CIN
2025_17_ARI_CIN,2025,17,2025-12-28,CIN,ARI,WFS_CORE,7.0,52.5,37.0,14.0,29.359371629414063,21.869288202483084,23.0,7.49008342693098,51.0,51.22865983189715,CIN,CIN
2025_17_ARI_CIN,2025,17,2025-12-28,CIN,ARI,WFS_CORE_IMPACT,7.0,52.5,37.0,14.0,28.385589610778315,22.64076141907005,23.0,5.744828191708265,51.0,51.026351029848364,CIN,CIN
2025_17_CHI_SF,2025,17,2025-12-28,SF,CHI,MARKET,3.5,51.5,42.0,38.0,27.5,24.0,4.0,3.5,80.0,51.5,SF,SF
2025_17_CHI_SF,2025,17,2025-12-28,SF,CHI,WFS_CORE,3.5,51.5,42.0,38.0,31.23603672148397,24.480034126250125,4.0,6.756002595233845,80.0,55.716070847734095,SF,SF
2025_17_CHI_SF,2025,17,2025-12-28,SF,CHI,WFS_CORE_IMPACT,3.5,51.5,42.0,38.0,29.878799588502545,24.577233403647263,4.0,5.301566184855282,80.0,54.45603299214981,SF,SF
2025_17_JAX_IND,2025,17,2025-12-28,IND,JAX,MARKET,-3.5,48.5,17.0,23.0,22.5,26.0,-6.0,-3.5,40.0,48.5,JAX,JAX
2025_17_JAX_IND,2025,17,2025-12-28,IND,JAX,WFS_CORE,-3.5,48.5,17.0,23.0,24.9140914014005,26.1059288023133,-6.0,-1.1918374009127994,40.0,51.0200202037138,JAX,JAX
2025_17_JAX_IND,2025,17,2025-12-28,IND,JAX,WFS_CORE_IMPACT,-3.5,48.5,17.0,23.0,22.954750994501186,27.685172374818833,-6.0,-4.730421380317647,40.0,50.639923369320016,JAX,JAX
2025_17_NE_NYJ,2025,17,2025-12-28,NYJ,NE,MARKET,-12.5,42.5,10.0,42.0,15.0,27.5,-32.0,-12.5,52.0,42.5,NE,NE
2025_17_NE_NYJ,2025,17,2025-12-28,NYJ,NE,WFS_CORE,-12.5,42.5,10.0,42.0,15.571865571036813,28.52669594353746,-32.0,-12.954830372500648,52.0,44.09856151457427,NE,NE
2025_17_NE_NYJ,2025,17,2025-12-28,NYJ,NE,WFS_CORE_IMPACT,-12.5,42.5,10.0,42.0,18.044832549274304,27.54834716962184,-32.0,-9.503514620347538,52.0,45.593179718896145,NE,NE
2025_17_NO_TEN,2025,17,2025-12-28,TEN,NO,MARKET,-1.5,39.5,26.0,34.0,19.0,20.5,-8.0,-1.5,60.0,39.5,NO,NO
2025_17_NO_TEN,2025,17,2025-12-28,TEN,NO,WFS_CORE,-1.5,39.5,26.0,34.0,23.173617329167914,20.766944490041826,-8.0,2.406672839126088,60.0,43.94056181920974,NO,TEN
2025_17_NO_TEN,2025,17,2025-12-28,TEN,NO,WFS_CORE_IMPACT,-1.5,39.5,26.0,34.0,23.708257548416128,21.356320741515542,-8.0,2.3519368069005857,60.0,45.064578289931674,NO,TEN
2025_17_NYG_LV,2025,17,2025-12-28,LV,NYG,MARKET,-3.0,40.5,10.0,34.0,18.75,21.75,-24.0,-3.0,44.0,40.5,NYG,NYG
2025_17_NYG_LV,2025,17,2025-12-28,LV,NYG,WFS_CORE,-3.0,40.5,10.0,34.0,20.01976850434882,23.8806933558956,-24.0,-3.860924851546777,44.0,43.90046186024442,NYG,NYG
2025_17_NYG_LV,2025,17,2025-12-28,LV,NYG,WFS_CORE_IMPACT,-3.0,40.5,10.0,34.0,21.423336255010405,22.349894258851638,-24.0,-0.9265580038412331,44.0,43.773230513862046,NYG,NYG
2025_17_PHI_BUF,2025,17,2025-12-28,BUF,PHI,MARKET,3.0,45.5,12.0,13.0,24.25,21.25,-1.0,3.0,25.0,45.5,PHI,BUF
2025_17_PHI_BUF,2025,17,2025-12-28,BUF,PHI,WFS_CORE,3.0,45.5,12.0,13.0,25.85621648147468,22.25347440602973,-1.0,3.6027420754449473,25.0,48.109690887504414,PHI,BUF
2025_17_PHI_BUF,2025,17,2025-12-28,BUF,PHI,WFS_CORE_IMPACT,3.0,45.5,12.0,13.0,26.514241845397493,23.166574238803047,-1.0,3.3476676065944453,25.0,49.68081608420054,PHI,BUF
2025_17_PIT_CLE,2025,17,2025-12-28,CLE,PIT,MARKET,-4.5,35.5,13.0,6.0,15.5,20.0,7.0,-4.5,19.0,35.5,CLE,PIT
2025_17_PIT_CLE,2025,17,2025-12-28,CLE,PIT,WFS_CORE,-4.5,35.5,13.0,6.0,18.209469684810532,24.68685436787958,7.0,-6.477384683069047,19.0,42.89632405269011,CLE,PIT
2025_17_PIT_CLE,2025,17,2025-12-28,CLE,PIT,WFS_CORE_IMPACT,-4.5,35.5,13.0,6.0,19.935847172434624,24.82097708461558,7.0,-4.8851299121809575,19.0,44.756824257050205,CLE,PIT
2025_17_SEA_CAR,2025,17,2025-12-28,CAR,SEA,MARKET,-6.5,42.5,10.0,27.0,18.0,24.5,-17.0,-6.5,37.0,42.5,SEA,SEA
2025_17_SEA_CAR,2025,17,2025-12-28,CAR,SEA,WFS_CORE,-6.5,42.5,10.0,27.0,18.68545084927425,24.788012358500914,-17.0,-6.102561509226664,37.0,43.47346320777517,SEA,SEA
2025_17_SEA_CAR,2025,17,2025-12-28,CAR,SEA,WFS_CORE_IMPACT,-6.5,42.5,10.0,27.0,20.628719999362843,26.010608228800763,-17.0,-5.381888229437919,37.0,46.639328228163606,SEA,SEA
2025_17_TB_MIA,2025,17,2025-12-28,MIA,TB,MARKET,-5.5,44.5,20.0,17.0,19.5,25.0,3.0,-5.5,37.0,44.5,MIA,TB
2025_17_TB_MIA,2025,17,2025-12-28,MIA,TB,WFS_CORE,-5.5,44.5,20.0,17.0,22.80218887801858,27.475761049313604,3.0,-4.6735721712950244,37.0,50.27794992733219,MIA,TB
2025_17_TB_MIA,2025,17,2025-12-28,MIA,TB,WFS_CORE_IMPACT,-5.5,44.5,20.0,17.0,23.190319710580596,26.14858121895718,3.0,-2.9582615083765837,37.0,49.33890092953777,MIA,TB
2025_17_LA_ATL,2025,17,2025-12-29,ATL,LA,MARKET,-7.5,48.5,27.0,24.0,20.5,28.0,3.0,-7.5,51.0,48.5,ATL,LA
2025_17_LA_ATL,2025,17,2025-12-29,ATL,LA,WFS_CORE,-7.5,48.5,27.0,24.0,20.114129377035134,28.638788660699273,3.0,-8.524659283664139,51.0,48.7529180377344,ATL,LA
2025_17_LA_ATL,2025,17,2025-12-29,ATL,LA,WFS_CORE_IMPACT,-7.5,48.5,27.0,24.0,21.740882647146915,28.60984869527541,3.0,-6.868966048128495,51.0,50.35073134242232,ATL,LA
2025_18_CAR_TB,2025,18,2026-01-03,TB,CAR,MARKET,3.0,43.5,16.0,14.0,23.25,20.25,2.0,3.0,30.0,43.5,TB,TB
2025_18_CAR_TB,2025,18,2026-01-03,TB,CAR,WFS_CORE,3.0,43.5,16.0,14.0,26.42081901200323,21.830467026373185,2.0,4.590351985630043,30.0,48.25128603837641,TB,TB
2025_18_CAR_TB,2025,18,2026-01-03,TB,CAR,WFS_CORE_IMPACT,3.0,43.5,16.0,14.0,25.788880842654276,22.469968867347514,2.0,3.3189119753067615,30.0,48.25884971000179,TB,TB
2025_18_SEA_SF,2025,18,2026-01-03,SF,SEA,MARKET,-2.5,47.5,3.0,13.0,22.5,25.0,-10.0,-2.5,16.0,47.5,SEA,SEA
2025_18_SEA_SF,2025,18,2026-01-03,SF,SEA,WFS_CORE,-2.5,47.5,3.0,13.0,25.766367476381124,25.081617123596466,-10.0,0.6847503527846577,16.0,50.84798459997759,SEA,SF
2025_18_SEA_SF,2025,18,2026-01-03,SF,SEA,WFS_CORE_IMPACT,-2.5,47.5,3.0,13.0,25.747491540490067,23.847542147737308,-10.0,1.8999493927527595,16.0,49.595033688227375,SEA,SF
2025_18_ARI_LA,2025,18,2026-01-04,LA,ARI,MARKET,14.5,49.5,37.0,20.0,32.0,17.5,17.0,14.5,57.0,49.5,LA,LA
2025_18_ARI_LA,2025,18,2026-01-04,LA,ARI,WFS_CORE,14.5,49.5,37.0,20.0,33.65256566928894,16.449586129195517,17.0,17.202979540093423,57.0,50.102151798484456,LA,LA
2025_18_ARI_LA,2025,18,2026-01-04,LA,ARI,WFS_CORE_IMPACT,14.5,49.5,37.0,20.0,31.754286025946044,18.00805022683052,17.0,13.746235799115524,57.0,49.762336252776564,LA,LA
2025_18_BAL_PIT,2025,18,2026-01-04,PIT,BAL,MARKET,-4.5,41.5,26.0,24.0,18.5,23.0,2.0,-4.5,50.0,41.5,PIT,BAL
2025_18_BAL_PIT,2025,18,2026-01-04,PIT,BAL,WFS_CORE,-4.5,41.5,26.0,24.0,19.65454387338473,26.665311880280882,2.0,-7.0107680068961535,50.0,46.31985575366561,PIT,BAL
2025_18_BAL_PIT,2025,18,2026-01-04,PIT,BAL,WFS_CORE_IMPACT,-4.5,41.5,26.0,24.0,20.037687250660785,25.71695240381398,2.0,-5.679265153153196,50.0,45.754639654474765,PIT,BAL
2025_18_CLE_CIN,2025,18,2026-01-04,CIN,CLE,MARKET,9.5,47.5,18.0,20.0,28.5,19.0,-2.0,9.5,38.0,47.5,CLE,CIN
2025_18_CLE_CIN,2025,18,2026-01-04,CIN,CLE,WFS_CORE,9.5,47.5,18.0,20.0,30.565379860515254,20.620758015397392,-2.0,9.944621845117862,38.0,51.18613787591265,CLE,CIN
2025_18_CLE_CIN,2025,18,2026-01-04,CIN,CLE,WFS_CORE_IMPACT,9.5,47.5,18.0,20.0,32.40679932798166,19.393869841990025,-2.0,13.012929485991634,38.0,51.800669169971684,CLE,CIN
2025_18_DAL_NYG,2025,18,2026-01-04,NYG,DAL,MARKET,-3.0,50.5,34.0,17.0,23.75,26.75,17.0,-3.0,51.0,50.5,NYG,DAL
2025_18_DAL_NYG,2025,18,2026-01-04,NYG,DAL,WFS_CORE,-3.0,50.5,34.0,17.0,25.523627845141586,25.870152418202025,17.0,-0.3465245730604387,51.0,51.393780263343615,NYG,DAL
2025_18_DAL_NYG,2025,18,2026-01-04,NYG,DAL,WFS_CORE_IMPACT,-3.0,50.5,34.0,17.0,23.59399396030093,28.16380433690255,17.0,-4.56981037660162,51.0,51.75779829720348,NYG,DAL
2025_18_DET_CHI,2025,18,2026-01-04,CHI,DET,MARKET,3.5,51.5,16.0,19.0,27.5,24.0,-3.0,3.5,35.0,51.5,DET,CHI
2025_18_DET_CHI,2025,18,2026-01-04,CHI,DET,WFS_CORE,3.5,51.5,16.0,19.0,30.425788650187943,24.8341155249957,-3.0,5.591673125192244,35.0,55.25990417518364,DET,CHI
2025_18_DET_CHI,2025,18,2026-01-04,CHI,DET,WFS_CORE_IMPACT,3.5,51.5,16.0,19.0,29.953629354716266,22.961831388603372,-3.0,6.991797966112895,35.0,52.91546074331964,DET,CHI
2025_18_GB_MIN,2025,18,2026-01-04,MIN,GB,MARKET,12.5,37.5,16.0,3.0,25.0,12.5,13.0,12.5,19.0,37.5,MIN,MIN
2025_18_GB_MIN,2025,18,2026-01-04,MIN,GB,WFS_CORE,12.5,37.5,16.0,3.0,26.52047419979454,12.318486208946164,13.0,14.201987990848375,19.0,38.838960408740704,MIN,MIN
2025_18_GB_MIN,2025,18,2026-01-04,MIN,GB,WFS_CORE_IMPACT,12.5,37.5,16.0,3.0,23.041476178218733,16.274488083729853,13.0,6.76698809448888,19.0,39.31596426194859,MIN,MIN
2025_18_IND_HOU,2025,18,2026-01-04,HOU,IND,MARKET,9.5,37.5,38.0,30.0,23.5,14.0,8.0,9.5,68.0,37.5,HOU,HOU
2025_18_IND_HOU,2025,18,2026-01-04,HOU,IND,WFS_CORE,9.5,37.5,38.0,30.0,26.152382880997813,14.91231990089671,8.0,11.240062980101102,68.0,41.064702781894525,HOU,HOU
2025_18_IND_HOU,2025,18,2026-01-04,HOU,IND,WFS_CORE_IMPACT,9.5,37.5,38.0,30.0,28.117091498240452,17.34938525409288,8.0,10.767706244147572,68.0,45.466476752333335,HOU,HOU
2025_18_KC_LV,2025,18,2026-01-04,LV,KC,MARKET,-3.5,36.5,14.0,12.0,16.5,20.0,2.0,-3.5,26.0,36.5,LV,KC
2025_18_KC_LV,2025,18,2026-01-04,LV,KC,WFS_CORE,-3.5,36.5,14.0,12.0,17.61155464661829,21.39632863906758,2.0,-3.7847739924492885,26.0,39.00788328568587,LV,KC
2025_18_KC_LV,2025,18,2026-01-04,LV,KC,WFS_CORE_IMPACT,-3.5,36.5,14.0,12.0,17.809435670477715,22.503053937030668,2.0,-4.693618266552953,26.0,40.31248960750838,LV,KC
2025_18_LAC_DEN,2025,18,2026-01-04,DEN,LAC,MARKET,14.5,37.5,19.0,3.0,26.0,11.5,16.0,14.5,22.0,37.5,DEN,DEN
2025_18_LAC_DEN,2025,18,2026-01-04,DEN,LAC,WFS_CORE,14.5,37.5,19.0,3.0,32.1446889871324,13.506516552524584,16.0,18.638172434607814,22.0,45.651205539656985,DEN,DEN
2025_18_LAC_DEN,2025,18,2026-01-04,DEN,LAC,WFS_CORE_IMPACT,14.5,37.5,19.0,3.0,30.96822417882005,15.6668937769571,16.0,15.301330401862952,22.0,46.63511795577715,DEN,DEN
2025_18_MIA_NE,2025,18,2026-01-04,NE,MIA,MARKET,14.0,44.5,38.0,10.0,29.25,15.25,28.0,14.0,48.0,44.5,NE,NE
2025_18_MIA_NE,2025,18,2026-01-04,NE,MIA,WFS_CORE,14.0,44.5,38.0,10.0,31.02263733506383,17.46490484832773,28.0,13.5577324867361,48.0,48.48754218339156,NE,NE
2025_18_MIA_NE,2025,18,2026-01-04,NE,MIA,WFS_CORE_IMPACT,14.0,44.5,38.0,10.0,30.442392060200493,19.588103024180104,28.0,10.85428903602039,48.0,50.0304950843806,NE,NE
2025_18_NO_ATL,2025,18,2026-01-04,ATL,NO,MARKET,4.5,43.5,19.0,17.0,24.0,19.5,2.0,4.5,36.0,43.5,ATL,ATL
2025_18_NO_ATL,2025,18,2026-01-04,ATL,NO,WFS_CORE,4.5,43.5,19.0,17.0,29.068289504576807,22.366464260339786,2.0,6.701825244237021,36.0,51.43475376491659,ATL,ATL
2025_18_NO_ATL,2025,18,2026-01-04,ATL,NO,WFS_CORE_IMPACT,4.5,43.5,19.0,17.0,30.3700627252319,19.96320799063026,2.0,10.406854734601641,36.0,50.333270715862156,ATL,ATL
2025_18_NYJ_BUF,2025,18,2026-01-04,BUF,NYJ,MARKET,12.5,39.5,35.0,8.0,26.0,13.5,27.0,12.5,43.0,39.5,BUF,BUF
2025_18_NYJ_BUF,2025,18,2026-01-04,BUF,NYJ,WFS_CORE,12.5,39.5,35.0,8.0,25.794806414279673,14.103438351338147,27.0,11.691368062941526,43.0,39.89824476561782,BUF,BUF
2025_18_NYJ_BUF,2025,18,2026-01-04,BUF,NYJ,WFS_CORE_IMPACT,12.5,39.5,35.0,8.0,29.911588283105313,14.543067383569193,27.0,15.36852089953612,43.0,44.454655666674505,BUF,BUF
2025_18_TEN_JAX,2025,18,2026-01-04,JAX,TEN,MARKET,12.5,46.5,41.0,7.0,29.5,17.0,34.0,12.5,48.0,46.5,JAX,JAX
2025_18_TEN_JAX,2025,18,2026-01-04,JAX,TEN,WFS_CORE,12.5,46.5,41.0,7.0,30.772221940589077,19.986640323480948,34.0,10.785581617108129,48.0,50.758862264070025,JAX,JAX
2025_18_TEN_JAX,2025,18,2026-01-04,JAX,TEN,WFS_CORE_IMPACT,12.5,46.5,41.0,7.0,30.91609912294016,18.086093990591518,34.0,12.830005132348642,48.0,49.002193113531675,JAX,JAX
2025_18_WAS_PHI,2025,18,2026-01-04,PHI,WAS,MARKET,3.0,38.5,17.0,24.0,20.75,17.75,-7.0,3.0,41.0,38.5,WAS,PHI
2025_18_WAS_PHI,2025,18,2026-01-04,PHI,WAS,WFS_CORE,3.0,38.5,17.0,24.0,22.209358400097248,18.483838319419053,-7.0,3.7255200806781943,41.0,40.6931967195163,WAS,PHI
2025_18_WAS_PHI,2025,18,2026-01-04,PHI,WAS,WFS_CORE_IMPACT,3.0,38.5,17.0,24.0,23.865710865716434,20.913818446356967,-7.0,2.951892419359467,41.0,44.7795293120734,WAS,PHI
2025_19_GB_CHI,2025,19,2026-01-10,CHI,GB,MARKET,-2.5,45.5,31.0,27.0,21.5,24.0,4.0,-2.5,58.0,45.5,CHI,GB
2025_19_GB_CHI,2025,19,2026-01-10,CHI,GB,WFS_CORE,-2.5,45.5,31.0,27.0,20.358109659940002,24.329463579541684,4.0,-3.9713539196016825,58.0,44.68757323948169,CHI,GB
2025_19_GB_CHI,2025,19,2026-01-10,CHI,GB,WFS_CORE_IMPACT,-2.5,45.5,31.0,27.0,21.891307645003312,23.902644866032492,4.0,-2.01133722102918,58.0,45.793952511035805,CHI,GB
2025_19_LA_CAR,2025,19,2026-01-10,CAR,LA,MARKET,-10.0,44.5,31.0,34.0,17.25,27.25,-3.0,-10.0,65.0,44.5,LA,LA
2025_19_LA_CAR,2025,19,2026-01-10,CAR,LA,WFS_CORE,-10.0,44.5,31.0,34.0,19.412335485396227,30.28794961882061,-3.0,-10.875614133424381,65.0,49.70028510421683,LA,LA
2025_19_LA_CAR,2025,19,2026-01-10,CAR,LA,WFS_CORE_IMPACT,-10.0,44.5,31.0,34.0,19.490999730888934,28.331494882203796,-3.0,-8.840495151314862,65.0,47.82249461309273,LA,LA
2025_19_BUF_JAX,2025,19,2026-01-11,JAX,BUF,MARKET,1.5,51.5,24.0,27.0,26.5,25.0,-3.0,1.5,51.0,51.5,BUF,JAX
2025_19_BUF_JAX,2025,19,2026-01-11,JAX,BUF,WFS_CORE,1.5,51.5,24.0,27.0,30.051537682552016,28.99426851936233,-3.0,1.0572691631896873,51.0,59.045806201914345,BUF,JAX
2025_19_BUF_JAX,2025,19,2026-01-11,JAX,BUF,WFS_CORE_IMPACT,1.5,51.5,24.0,27.0,29.810113981314373,26.811572453598913,-3.0,2.99854152771546,51.0,56.621686434913286,BUF,JAX
2025_19_LAC_NE,2025,19,2026-01-11,NE,LAC,MARKET,3.5,45.5,16.0,3.0,24.5,21.0,13.0,3.5,19.0,45.5,NE,NE
2025_19_LAC_NE,2025,19,2026-01-11,NE,LAC,WFS_CORE,3.5,45.5,16.0,3.0,28.11784084963809,23.895153787836435,13.0,4.222687061801654,19.0,52.01299463747452,NE,NE
2025_19_LAC_NE,2025,19,2026-01-11,NE,LAC,WFS_CORE_IMPACT,3.5,45.5,16.0,3.0,27.300951232761015,22.70567419532343,13.0,4.595277037437587,19.0,50.00662542808445,NE,NE
2025_19_SF_PHI,2025,19,2026-01-11,PHI,SF,MARKET,6.0,44.5,19.0,23.0,25.25,19.25,-4.0,6.0,42.0,44.5,SF,PHI
2025_19_SF_PHI,2025,19,2026-01-11,PHI,SF,WFS_CORE,6.0,44.5,19.0,23.0,26.86152384624478,21.48607597791842,-4.0,5.375447868326358,42.0,48.3475998241632,SF,PHI
2025_19_SF_PHI,2025,19,2026-01-11,PHI,SF,WFS_CORE_IMPACT,6.0,44.5,19.0,23.0,25.62848117316059,21.752339253852217,-4.0,3.876141919308374,42.0,47.38082042701281,SF,PHI
2025_19_HOU_PIT,2025,19,2026-01-12,PIT,HOU,MARKET,-3.0,38.5,6.0,30.0,17.75,20.75,-24.0,-3.0,36.0,38.5,HOU,HOU
2025_19_HOU_PIT,2025,19,2026-01-12,PIT,HOU,WFS_CORE,-3.0,38.5,6.0,30.0,19.362981112793545,22.906949302457917,-24.0,-3.5439681896643727,36.0,42.269930415251466,HOU,HOU
2025_19_HOU_PIT,2025,19,2026-01-12,PIT,HOU,WFS_CORE_IMPACT,-3.0,38.5,6.0,30.0,20.586834798476822,22.712544057403527,-24.0,-2.1257092589267046,36.0,43.29937885588035,HOU,HOU
2025_20_BUF_DEN,2025,20,2026-01-17,DEN,BUF,MARKET,1.5,45.5,33.0,30.0,23.5,22.0,3.0,1.5,63.0,45.5,DEN,DEN
2025_20_BUF_DEN,2025,20,2026-01-17,DEN,BUF,WFS_CORE,1.5,45.5,33.0,30.0,26.794049787176128,24.35571700567174,3.0,2.438332781504389,63.0,51.14976679284787,DEN,DEN
2025_20_BUF_DEN,2025,20,2026-01-17,DEN,BUF,WFS_CORE_IMPACT,1.5,45.5,33.0,30.0,26.499519984986385,24.99575764318515,3.0,1.5037623418012345,63.0,51.495277628171536,DEN,DEN
2025_20_SF_SEA,2025,20,2026-01-17,SEA,SF,MARKET,6.5,44.5,41.0,6.0,25.5,19.0,35.0,6.5,47.0,44.5,SEA,SEA
2025_20_SF_SEA,2025,20,2026-01-17,SEA,SF,WFS_CORE,6.5,44.5,41.0,6.0,27.992743379803198,19.338514850989835,35.0,8.654228528813363,47.0,47.33125823079303,SEA,SEA
2025_20_SF_SEA,2025,20,2026-01-17,SEA,SF,WFS_CORE_IMPACT,6.5,44.5,41.0,6.0,27.717162006460853,21.00407706220093,35.0,6.713084944259922,47.0,48.72123906866179,SEA,SEA
2025_20_HOU_NE,2025,20,2026-01-18,NE,HOU,MARKET,3.0,40.5,28.0,16.0,21.75,18.75,12.0,3.0,44.0,40.5,NE,NE
2025_20_HOU_NE,2025,20,2026-01-18,NE,HOU,WFS_CORE,3.0,40.5,28.0,16.0,24.909286675004903,22.577786708358186,12.0,2.3314999666467173,44.0,47.48707338336309,NE,NE
2025_20_HOU_NE,2025,20,2026-01-18,NE,HOU,WFS_CORE_IMPACT,3.0,40.5,28.0,16.0,25.81049269896666,21.03607435499481,12.0,4.774418343971849,44.0,46.846567053961465,NE,NE
2025_20_LA_CHI,2025,20,2026-01-18,CHI,LA,MARKET,-3.5,49.5,17.0,20.0,23.0,26.5,-3.0,-3.5,37.0,49.5,LA,LA
2025_20_LA_CHI,2025,20,2026-01-18,CHI,LA,WFS_CORE,-3.5,49.5,17.0,20.0,24.507725141595458,27.82801879380477,-3.0,-3.320293652209312,37.0,52.33574393540023,LA,LA
2025_20_LA_CHI,2025,20,2026-01-18,CHI,LA,WFS_CORE_IMPACT,-3.5,49.5,17.0,20.0,24.374280911294154,26.94814011023917,-3.0,-2.5738591989450157,37.0,51.32242102153332,LA,LA
2025_21_LA_SEA,2025,21,2026-01-25,SEA,LA,MARKET,2.5,45.5,31.0,27.0,24.0,21.5,4.0,2.5,58.0,45.5,SEA,SEA
2025_21_LA_SEA,2025,21,2026-01-25,SEA,LA,WFS_CORE,2.5,45.5,31.0,27.0,27.726112265943083,23.761970390884933,4.0,3.96414187505815,58.0,51.48808265682801,SEA,SEA
2025_21_LA_SEA,2025,21,2026-01-25,SEA,LA,WFS_CORE_IMPACT,2.5,45.5,31.0,27.0,27.295608150745995,24.12449164395189,4.0,3.171116506794103,58.0,51.42009979469789,SEA,SEA
2025_21_NE_DEN,2025,21,2026-01-25,DEN,NE,MARKET,-3.5,43.5,7.0,10.0,20.0,23.5,-3.0,-3.5,17.0,43.5,NE,NE
2025_21_NE_DEN,2025,21,2026-01-25,DEN,NE,WFS_CORE,-3.5,43.5,7.0,10.0,21.92883522873009,25.25611214136743,-3.0,-3.327276912637341,17.0,47.18494737009752,NE,NE
2025_21_NE_DEN,2025,21,2026-01-25,DEN,NE,WFS_CORE_IMPACT,-3.5,43.5,7.0,10.0,20.473429245483107,29.41895320324967,-3.0,-8.945523957766564,17.0,49.892382448732775,NE,NE
2025_22_SEA_NE,2025,22,2026-02-08,NE,SEA,MARKET,-4.5,45.5,13.0,29.0,20.5,25.0,-16.0,-4.5,42.0,45.5,SEA,SEA
2025_22_SEA_NE,2025,22,2026-02-08,NE,SEA,WFS_CORE,-4.5,45.5,13.0,29.0,21.60209324159305,26.33539629950282,-16.0,-4.733303057909769,42.0,47.93748954109587,SEA,SEA
2025_22_SEA_NE,2025,22,2026-02-08,NE,SEA,WFS_CORE_IMPACT,-4.5,45.5,13.0,29.0,22.044675419296205,25.948545499115216,-16.0,-3.9038700798190114,42.0,47.993220918411424,SEA,SEA
